
Cadence Innovus(TM) Implementation System.
Copyright 2025 Cadence Design Systems, Inc. All rights reserved worldwide.

Version:	v25.13-s088_1, built Thu Mar 26 12:37:48 PDT 2026
Options:	-stylus -no_gui -init /home/ufsm00291/ufsm00291-lima202020189/projetos/somador/backend/synthesis/scripts/layout.tcl -overwrite -log innovus_100MHz_worst.log 
Date:		Mon May  4 12:39:54 2026
Host:		ecomp (x86_64 w/Linux 4.18.0-553.111.1.el8_10.x86_64) (6cores*24cpus*Intel(R) Xeon(R) CPU E5645 @ 2.40GHz 12288KB)
OS:		Rocky Linux 8.10 (Green Obsidian)

License:
		[12:39:54.440257] Configured Lic search path (25.01-s002): 27001@200.132.35.25

		invs	Innovus Implementation System	INVS100	25.1
		8 CPU jobs allowed with the current license(s). Use set_multi_cpu_usage to set your required CPU count.


Create and set the environment variable TMPDIR to /home/ufsm00291/ufsm00291-lima202020189/projetos/somador/backend/layout/work/innovus_temp_2052849_ffa19e4a-4daf-4323-938f-14f672f30153_ecomp_ufsm00291-lima202020189_C3xo5K.

Change the soft stacksize limit to 0.2%RAM (143 mbytes). Set global soft_stack_size_limit to change the value.
Info: Process UID = 2052849 / ffa19e4a-4daf-4323-938f-14f672f30153 / xqZnxI6H3l

**INFO:  MMMC transition support version v31-84 

[INFO] Loading PVS  fill procedures
**WARN: Tk package not loaded. The PVS fill DRC monitor is disabled.
#@ Processing -files option
@innovus 1> source /home/ufsm00291/ufsm00291-lima202020189/projetos/somador/backend/synthesis/scripts/layout.tcl
#@ Begin verbose source (pre): source /home/ufsm00291/ufsm00291-lima202020189/projetos/somador/backend/synthesis/scripts/layout.tcl
@file 1: # Last update: 2026/03/08
@file 2:
@file 3: #-----------------------------------------------------------------------------
@file 4: # Fetch Dynamic Environment Variables from Makefile
@file 5: #-----------------------------------------------------------------------------
@file 6: set design      $env(DESIGNS)
@file 7: set freq        $env(FREQ_MHZ)
@file 8: set lib         $env(LIB_TYPE)
@file 9: set runtime     $env(RUNTIME)
@file 10: set PROJECT_DIR $env(PROJECT_DIR)
@file 11: set BACKEND_DIR $env(BACKEND_DIR)
@file 12: set LAYOUT_DIR  $env(LAYOUT_DIR)
@file 13: set LEF_DIR     $env(LEF_DIR)
@file 14: set TECH_DIR    $env(TECH_DIR)
@file 15:
@file 16: # Define dynamic output paths for this specific run
@file 17: set OUT_DELIV   "${LAYOUT_DIR}/deliverables/${design}_${lib}_${freq}_${runtime}"
@file 18: set OUT_RPT     "${LAYOUT_DIR}/reports/${design}_${lib}_${freq}_${runtime}"
@file 19:
@file 20: # Calculate clock period for reporting
@file 21: set period_clk  [expr {1000.0 / $freq}]
@file 22:
@file 23: #-----------------------------------------------------------------------------
@file 24: # Load variables and paths
@file 25: #-----------------------------------------------------------------------------
@file 26: source ${BACKEND_DIR}/synthesis/scripts/common/path.tcl
#@ Begin verbose source /home/ufsm00291/ufsm00291-lima202020189/projetos/somador/backend/synthesis/scripts/common/path.tcl (pre)
@file 1: set PROJECT_DIR $env(PROJECT_DIR)
@file 2: set TECH_DIR $env(TECH_DIR)
@file 3:
@file 4:
@file 5: #-----------------------------------------------------------------------------
@file 6: # Common path variables (directory structure dependent)
@file 7: #-----------------------------------------------------------------------------
@file 8: set BACKEND_DIR ${PROJECT_DIR}/backend
@file 9: set SYNT_DIR ${BACKEND_DIR}/synthesis
@file 10: set SCRIPT_DIR ${SYNT_DIR}/scripts
@file 11: set RPT_DIR ${SYNT_DIR}/reports
@file 12: set DEV_DIR ${SYNT_DIR}/deliverables
@file 13: set LAYOUT_DIR ${BACKEND_DIR}/layout
@file 14:
@file 15: #-----------------------------------------------------------------------------
@file 16: # Setting rtl search directories
@file 17: #-----------------------------------------------------------------------------
@file 18: set FRONTEND_DIR ${PROJECT_DIR}/frontend
@file 19: set OTHERS ""
@file 20: lappend FRONTEND_DIR $OTHERS
@file 21:
@file 22: #-----------------------------------------------------------------------------
@file 23: # Setting technology directories
@file 24: #-----------------------------------------------------------------------------
@file 25: set LIB_DIR ${TECH_DIR}/gsclib045_svt_v4.4/gsclib045/timing
@file 26: #lappend LIB_DIR ${TECH_DIR}/io
@file 27:
@file 28: #set LEF_DIR ${TECH_DIR}/gsclib045_svt_v4.4/gsclib045/lef
@file 29: #export LEF_DIR ${TECH_DIR}/gsclib045_svt_v4.4/gsclib045/lef
@file 30: lappend LEF_DIR ${TECH_DIR}/giolib045_v3.3/lef
@file 31:
@file 32:
@file 33:
#@ End verbose source /home/ufsm00291/ufsm00291-lima202020189/projetos/somador/backend/synthesis/scripts/common/path.tcl
@file 27: source ${BACKEND_DIR}/synthesis/scripts/common/variables.tcl
#@ Begin verbose source /home/ufsm00291/ufsm00291-lima202020189/projetos/somador/backend/synthesis/scripts/common/variables.tcl (pre)
@file 1: #-----------------------------------------------------------------------------
@file 2: # MAIN Custom Variables to be used by GENUS and INNOVUS (set in run_first.tcl)
@file 3: #-----------------------------------------------------------------------------
@file 4: set PROJECT_DIR $env(PROJECT_DIR)
@file 5: set TECH_DIR $env(TECH_DIR)
@file 6: set LEF_DIR $env(LEF_DIR)
@file 7: set DESIGNS $env(DESIGNS)
@file 8: set DESIGNS $env(DESIGNS)
@file 9: set HDL_NAME $env(HDL_NAME)
@file 10: set RTL_FILES $env(RTL_FILES)
@file 11: set INTERCONNECT_MODE ple
@file 12: # SDC related variables
@file 13: set MAIN_CLOCK_NAME $env(MAIN_CLOCK_NAME)
@file 14: set MAIN_RST_NAME $env(MAIN_RST_NAME)
@file 15: set BEST_LIB_OPERATING_CONDITION $env(BEST_LIB_OPERATING_CONDITION)
@file 16: set WORST_LIB_OPERATING_CONDITION $env(WORST_LIB_OPERATING_CONDITION)
@file 17: set period_clk $env(period_clk)
@file 18: set clk_uncertainty $env(clk_uncertainty)
@file 19: set clk_latency $env(clk_latency)
@file 20: set in_delay $env(in_delay)
@file 21: set out_delay $env(out_delay)
@file 22: set out_load $env(out_load)
@file 23: set slew $env(slew)
@file 24: set slew_min_rise $env(slew_min_rise)
@file 25: set slew_min_fall $env(slew_min_fall)
@file 26: set slew_max_rise $env(slew_max_rise)
@file 27: set slew_max_fall $env(slew_max_fall)
@file 28: # tech related variables
@file 29: set WORST_LIST $env(WORST_LIST)
@file 30: set BEST_LIST $env(BEST_LIST)
@file 31: set LEF_LIST $env(LEF_LIST)
@file 32: set WORST_CAP_LIST $env(WORST_CAP_LIST)
@file 33: set QRC_LIST $env(QRC_LIST)
@file 34: set CAP_MAX $env(CAP_MAX)
@file 35: set CAP_MIN $env(CAP_MIN)
@file 36: # power nets
@file 37: set NET_ZERO $env(NET_ZERO)
@file 38: set NET_ONE $env(NET_ONE)
@file 39: # cts cells
@file 40: set BUFFERS_CTS $env(BUFFERS_CTS)
@file 41: set INVERTERS_CTS $env(INVERTERS_CTS)
@file 42: # placing core design pins
@file 43: set LEFT_CORE_PINS $env(LEFT_CORE_PINS)
@file 44: set TOP_CORE_PINS $env(TOP_CORE_PINS)
@file 45: set RIGHT_CORE_PINS $env(RIGHT_CORE_PINS)
@file 46: set BOTTOM_CORE_PINS $env(BOTTOM_CORE_PINS)
@file 47:
#@ End verbose source /home/ufsm00291/ufsm00291-lima202020189/projetos/somador/backend/synthesis/scripts/common/variables.tcl
@file 28:
@file 29: #-----------------------------------------------------------------------------
@file 30: # Suppressing messages
@file 31: #-----------------------------------------------------------------------------
@@file 32: set_message -id TECHLIB-302 -suppress
@@file 33: set_message -id IMPDB-6501 -suppress 
@@file 34: set_message -id IMPFP-3961 -suppress 
@@file 35: set_message -id IMPOPT-3195 -suppress
@@file 36: set_message -id IMPSP-9025 -suppress 
@@file 37: set_message -id IMPLF-200 -suppress 
@@file 38: set_message -id IMPEXT-3493 -suppress 
@@file 39: set_message -id IMPEXT-6166 -suppress 
@@file 40: set_message -id IMPSP-5217 -suppress 
@file 41:
@file 42: #-----------------------------------------------------------------------------
@file 43: # Initiates the design files (netlist, LEFs, timing libraries)
@file 44: #-----------------------------------------------------------------------------
@@file 45: set_db init_power_nets $NET_ONE
@@file 46: set_db init_ground_nets $NET_ZERO
@@file 47: read_mmmc ${LAYOUT_DIR}/scripts/${design}.view
#@ Begin verbose source /home/ufsm00291/ufsm00291-lima202020189/projetos/somador/backend/layout/scripts/somador.view (pre)
@file 1:
@file 2:
@file 3: # timing libraries
@@file 4: create_library_set -name fast -timing $BEST_LIST
@@file 5: create_library_set -name slow -timing $WORST_LIST
@file 6:
@file 7: # capacitance files
@@file 8: create_rc_corner -name rc_best -cap_table $CAP_MIN -temperature 0
@@file 9: create_rc_corner -name rc_worst -cap_table $CAP_MAX -temperature 125
@file 10:
@file 11: # operating conditions
@@file 12: create_opcond -name oc_slow -process {1.0} -voltage {0.90} -temperature {125} 
@@file 13: create_opcond -name oc_fast -process {1.0} -voltage {1.32} -temperature {0} 
@file 14:
@file 15: # timing conditions
@@file 16: create_timing_condition -name slow_timing -library_sets [list slow] -opcond oc_slow
@@file 17: create_timing_condition -name fast_timing -library_sets [list fast] -opcond oc_fast
@file 18:
@file 19: # creating delay corners
@@file 20: create_delay_corner -name slow_max -timing_condition slow_timing -rc_corner rc_worst
@@file 21: create_delay_corner -name fast_min -timing_condition fast_timing -rc_corner rc_best
@file 22:
@file 23: # adding constraints
@@file 24: create_constraint_mode -name normal_genus_slow_max -sdc_files ${PROJECT_DIR}/backend/synthesis/constraints/$DESIGNS.sdc
@file 25:
@file 26: # creating analysis views
@@file 27: create_analysis_view -name analysis_normal_slow_max -constraint_mode {normal_genus_slow_max} -delay_corner slow_max
@@file 28: create_analysis_view -name analysis_normal_fast_min -constraint_mode {normal_genus_slow_max} -delay_corner fast_min
@file 29:
@file 30: # defining which views to use in hold and setup analyses
@@file 31: set_analysis_view -setup [list analysis_normal_slow_max] -hold [list analysis_normal_fast_min]
@file 32:
#@ End verbose source /home/ufsm00291/ufsm00291-lima202020189/projetos/somador/backend/layout/scripts/somador.view
Reading slow timing library '/home/tools/design_kits/cadence/GPDK045/gsclib045_svt_v4.4/gsclib045/timing/slow_vdd1v0_basicCells.lib' ...
Read 489 cells in library 'slow_vdd1v0' 
Reading fast timing library '/home/tools/design_kits/cadence/GPDK045/gsclib045_svt_v4.4/gsclib045/timing/fast_vdd1v2_basicCells.lib' ...
Read 489 cells in library 'fast_vdd1v2' 
@@file 48: read_physical -lef $LEF_LIST

Loading LEF file /home/tools/design_kits/cadence/GPDK045/gsclib045_svt_v4.4/gsclib045/lef/gsclib045_tech.lef ...
Set DBUPerIGU to M2 pitch 400.

Loading LEF file /home/tools/design_kits/cadence/GPDK045/gsclib045_svt_v4.4/gsclib045/lef/gsclib045_macro.lef ...

##  Check design process and node:  
##  Both design process and tech node are not set.

@file 49:
@file 50: # --> Point to the exact baseline netlist we generated in Genus
@@file 51: read_netlist ${BACKEND_DIR}/synthesis/deliverables/${design}_${lib}_${freq}_base/${design}.v
#% Begin Load netlist data ... (date=05/04 12:40:47, mem=1918.8M)
*** Begin netlist parsing (mem=1918.8M) ***
Created 489 new cells from 2 timing libraries.
Reading netlist ...
Backslashed names will retain backslash and a trailing blank character.
Reading verilog netlist '/home/ufsm00291/ufsm00291-lima202020189/projetos/somador/backend/synthesis/deliverables/somador_worst_100_base/somador.v'

*** Memory Usage v#1 (Current mem = 1934.695M, initial mem = 938.258M) ***
*** End netlist parsing (cpu=0:00:00.0, real=0:00:00.0, mem=1934.7M) ***
#% End Load netlist data ... (date=05/04 12:40:48, total cpu=0:00:00.1, real=0:00:00.0, peak res=1934.7M, current mem=1934.7M)
Top level cell is somador.
Hooked 978 DB cells to tlib cells.
Starting recursive module instantiation check.
No recursion found.
Building hierarchical netlist for Cell somador ...
***** UseNewTieNetMode *****.
*** Netlist is unique.
** info: there are 1073 modules.
** info: there are 17 stdCell insts.
** info: there are 17 stdCell insts with at least one signal pin.

*** Memory Usage v#1 (Current mem = 1980.965M, initial mem = 938.258M) ***
@@file 52: init_design
Start create_tracks
Extraction setup Started for TopCell somador 
Initializing multi-corner RC extraction with 2 active RC Corners ...
Reading Capacitance Table File /home/tools/design_kits/cadence/GPDK045/gpdk045_v_6_0/soce/gpdk045.basic.CapTbl ...
Cap table was created using Encounter 09.11-s082_1.
Process name: gpdk045.
**WARN: (IMPEXT-2662):	Cap table /home/tools/design_kits/cadence/GPDK045/gpdk045_v_6_0/soce/gpdk045.basic.CapTbl does not have the EXTENDED section. It will use only BASIC cap table section for RC extraction.
Reading Capacitance Table File /home/tools/design_kits/cadence/GPDK045/gpdk045_v_6_0/soce/gpdk045.basic.CapTbl ...
Cap table was created using Encounter 09.11-s082_1.
Process name: gpdk045.
**WARN: (IMPEXT-2662):	Cap table /home/tools/design_kits/cadence/GPDK045/gpdk045_v_6_0/soce/gpdk045.basic.CapTbl does not have the EXTENDED section. It will use only BASIC cap table section for RC extraction.
Summary of Active RC-Corners : 
 
 Analysis View: analysis_normal_slow_max
    RC-Corner Name        : rc_worst
    RC-Corner Index       : 0
    RC-Corner Temperature : 125 Celsius
    RC-Corner Cap Table   : '/home/tools/design_kits/cadence/GPDK045/gpdk045_v_6_0/soce/gpdk045.basic.CapTbl'
    RC-Corner PreRoute Res Factor         : 1
    RC-Corner PreRoute Cap Factor         : 1
    RC-Corner PostRoute Res Factor        : 1 {1 1 1}
    RC-Corner PostRoute Cap Factor        : 1 {1 1 1}
    RC-Corner PostRoute XCap Factor       : 1 {1 1 1}
    RC-Corner PreRoute Clock Res Factor   : 1	[Derived from postRoute_res (effortLevel low)]
    RC-Corner PreRoute Clock Cap Factor   : 1	[Derived from postRoute_cap (effortLevel low)]
    RC-Corner PostRoute Clock Cap Factor  : 1 {1 1 1} 	[Derived from postRoute_cap (effortLevel low)]
    RC-Corner PostRoute Clock Res Factor  : 1 {1 1 1} 	[Derived from postRoute_res (effortLevel low)]
    RC-Corner PostRoute Clock coupling capacitance Factor : 1 {1 1 1} 
 
 Analysis View: analysis_normal_fast_min
    RC-Corner Name        : rc_best
    RC-Corner Index       : 1
    RC-Corner Temperature : 0 Celsius
    RC-Corner Cap Table   : '/home/tools/design_kits/cadence/GPDK045/gpdk045_v_6_0/soce/gpdk045.basic.CapTbl'
    RC-Corner PreRoute Res Factor         : 1
    RC-Corner PreRoute Cap Factor         : 1
    RC-Corner PostRoute Res Factor        : 1 {1 1 1}
    RC-Corner PostRoute Cap Factor        : 1 {1 1 1}
    RC-Corner PostRoute XCap Factor       : 1 {1 1 1}
    RC-Corner PreRoute Clock Res Factor   : 1	[Derived from postRoute_res (effortLevel low)]
    RC-Corner PreRoute Clock Cap Factor   : 1	[Derived from postRoute_cap (effortLevel low)]
    RC-Corner PostRoute Clock Cap Factor  : 1 {1 1 1} 	[Derived from postRoute_cap (effortLevel low)]
    RC-Corner PostRoute Clock Res Factor  : 1 {1 1 1} 	[Derived from postRoute_res (effortLevel low)]
    RC-Corner PostRoute Clock coupling capacitance Factor : 1 {1 1 1} 
Updating RC Grid density data for preRoute extraction ...
Initializing multi-corner resistance tables ...
*Info: initialize multi-corner CTS.
Total number of combinational cells: 318
Total number of sequential cells: 152
Total number of tristate cells: 10
Total number of level shifter cells: 0
Total number of power gating cells: 0
Total number of isolation cells: 0
Total number of power switch cells: 0
Total number of pulse generator cells: 0
Total number of always on buffers: 0
Total number of retention cells: 0
Total number of physical cells: 9
List of usable buffers: CLKBUFX2 BUFX2 CLKBUFX3 BUFX3 CLKBUFX4 BUFX4 CLKBUFX6 BUFX6 CLKBUFX8 BUFX8 CLKBUFX12 BUFX12 CLKBUFX16 BUFX16 CLKBUFX20 BUFX20
Total number of usable buffers: 16
List of unusable buffers:
Total number of unusable buffers: 0
List of usable inverters: INVXL INVX1 INVX2 CLKINVX1 INVX3 CLKINVX2 INVX4 CLKINVX4 CLKINVX3 INVX6 CLKINVX6 INVX8 CLKINVX8 INVX12 CLKINVX12 INVX16 CLKINVX16 INVX20 CLKINVX20
Total number of usable inverters: 19
List of unusable inverters:
Total number of unusable inverters: 0
List of identified usable delay cells: DLY1X1 DLY1X4 DLY2X1 DLY2X4 DLY3X1 DLY3X4 DLY4X1 DLY4X4
Total number of identified usable delay cells: 8
List of identified unusable delay cells:
Total number of identified unusable delay cells: 0
Reading timing constraints file '/home/ufsm00291/ufsm00291-lima202020189/projetos/somador/backend/synthesis/constraints/somador.sdc' ...
Current (total cpu=0:00:56.2, real=0:00:56.0, peak res=2588.5M, current mem=2588.5M)
somador
INFO (CTE): Constraints read successfully.
------------------------------------------------------------------------------------
CONSTRAINT READING SUMMARY                                                          
------------------------------------------------------------------------------------
Constraint                                        | Success        | Fail           
------------------------------------------------------------------------------------
set_input_transition                              | 4              | 0              
current_design                                    | 1              | 0              
get_clocks                                        | 4              | 0              
set_ideal_net                                     | 2              | 0              
set_load                                          | 1              | 0              
get_nets                                          | 2              | 0              
set_ideal_network                                 | 2              | 0              
set_input_delay                                   | 1              | 0              
get_ports                                         | 7              | 0              
set_clock_latency                                 | 1              | 0              
create_clock                                      | 1              | 0              
set_clock_uncertainty                             | 1              | 0              
all_inputs                                        | 5              | 0              
all_outputs                                       | 2              | 0              
set_output_delay                                  | 1              | 0              
------------------------------------------------------------------------------------
Ending "Constraint file reading stats" (total cpu=0:00:00.1, real=0:00:00.0, peak res=2603.4M, current mem=2603.4M)
Current (total cpu=0:00:56.4, real=0:00:56.0, peak res=2603.4M, current mem=2603.4M)
@file 53:
@file 54: #-----------------------------------------------------------------------------
@file 55: # General settings
@file 56: #-----------------------------------------------------------------------------
@@file 57: get_db design_top_routing_layer
@@file 58: set_db design_top_routing_layer 11
@file 59:
@file 60: #-----------------------------------------------------------------------------
@file 61: # Net connections
@file 62: #-----------------------------------------------------------------------------
@@file 63: delete_global_net_connections
@@file 64: connect_global_net $NET_ONE -type pg_pin -pin_base_name $NET_ONE -inst_base_name *
@@file 65: connect_global_net $NET_ZERO -type pg_pin -pin_base_name $NET_ZERO -inst_base_name *
@@file 66: connect_global_net $NET_ONE -type tie_hi
@@file 67: connect_global_net $NET_ZERO -type tie_lo
@@file 68: connect_global_net $NET_ONE -type tie_hi -pin $NET_ONE -inst *
@@file 69: connect_global_net $NET_ZERO -type tie_lo  -pin $NET_ZERO -inst *
@file 70:
@file 71: #-----------------------------------------------------------------------------
@file 72: # Technology setup & Floorplanning
@file 73: #-----------------------------------------------------------------------------
@@file 74: get_db design_process_node
@@file 75: set_db design_process_node 45
##  Process: 45            (User Set)               
##     Node: (not set)                           

##  Check design process and node:  
##  Design tech node is not set.

Applying the recommended capacitance filtering threshold values for 45nm process node: total_c_th=0, relative_c_th=1 and coupling_c_th=0.1.
	These values will be used by all post-route extraction engines, including TQuantus, IQuantus and Quantus QRC extraction.
	Capacitance filtering mode(extract_rc_cap_filter_mode option of the set_db) is 'relative_and_coupling' for all engines.
	The accuracy mode for post_route extract_rc_effort_level low extraction will be set to 'high'.
	Default value for EffortLevel(extract_rc_effort_level option of the set_db) in post_route extraction mode will be 'medium' if Quantus QRC technology file is specified else 'low'.
@@file 76: get_db designs .name
@@file 77: create_floorplan -core_margins_by die -core_density_size 1 0.7 2.5 2.5 2.5 2.5
Adjusting coreMargin left    to finFet grid (PlacementGrid) : after adjusting :2.6
Adjusting coreMargin bottom  to finFet grid (PlacementGrid) : after adjusting :2.66
Adjusting coreMargin right   to finFet grid (PlacementGrid) : after adjusting :2.6
Adjusting coreMargin top     to finFet grid (PlacementGrid) : after adjusting :2.66
Adjusting core size to PlacementGrid : width :15 height : 13.68
Start create_tracks
@@file 78: check_floorplan
Checking routing tracks.....
Checking other grids.....
Checking FINFET Grid is on Manufacture Grid.....
Checking core/die box is on Grid.....
Checking snap rule ......
Checking Row is on grid......
Tech site CoreSite has no symmetry Y. 	Current symmetry setting : isSymmetryR90 false; isSymmetryX : false; isSymmetryY : false;

INFO (IMPFP-7241): Tech site CoreSite has no symmetry Y. 	Current symmetry setting : isSymmetryR90 false; isSymmetryX : false; isSymmetryY : false;

Checking AreaIO row.....
Checking row out of die ...
Checking row across power domain ...
Checking routing blockage.....
Checking placement blockage.....
placeBlkGrid grid_type = 1 
Checking components.....
Checking IO Pads out of die...
Checking constraints (guide/region/fence).....

Checking Preroutes.....
No. of regular pre-routes not on tracks : 0 
*** Message Summary: 0 warning(s), 0 error(s)

@file 79:
@file 80: #-----------------------------------------------------------------------------
@file 81: # Pin Placement & Power Planning (Rings/Stripes)
@file 82: #-----------------------------------------------------------------------------
@@file 83: edit_pin -fixed_pin 1 -unit micron -spread_direction clockwise -side Left -layer 1 -spread_type center -spacing 1.0 -pin $LEFT_CORE_PINS
To speed up, if you have to run multiple edit_pin commands then wrap all edit_pin commands within  'set_db assign_pins_edit_in_batch true' (then edit_pin commands) and 'set_db assign_pins_edit_in_batch false'
Successfully spread [8] pins.
editPin : finished (cpu = 0:00:00.0 real = 0:00:00.0, mem = 2642.6M).
@@file 84: edit_pin -fixed_pin 1 -unit micron -spread_direction clockwise -edge 1 -layer 1 -spread_type center -spacing 1.0 -pin $TOP_CORE_PINS
To speed up, if you have to run multiple edit_pin commands then wrap all edit_pin commands within  'set_db assign_pins_edit_in_batch true' (then edit_pin commands) and 'set_db assign_pins_edit_in_batch false'
Successfully spread [8] pins.
editPin : finished (cpu = 0:00:00.0 real = 0:00:00.0, mem = 2641.6M).
@@file 85: edit_pin -fixed_pin 1 -unit micron -spread_direction clockwise -edge 2 -layer 1 -spread_type center -spacing 1.0 -pin $RIGHT_CORE_PINS
To speed up, if you have to run multiple edit_pin commands then wrap all edit_pin commands within  'set_db assign_pins_edit_in_batch true' (then edit_pin commands) and 'set_db assign_pins_edit_in_batch false'
Successfully spread [8] pins.
editPin : finished (cpu = 0:00:00.0 real = 0:00:00.0, mem = 2641.7M).
@@file 86: edit_pin -fixed_pin 1 -unit micron -spread_direction clockwise -edge 3 -layer 1 -spread_type center -spacing 1.0 -pin $BOTTOM_CORE_PINS
To speed up, if you have to run multiple edit_pin commands then wrap all edit_pin commands within  'set_db assign_pins_edit_in_batch true' (then edit_pin commands) and 'set_db assign_pins_edit_in_batch false'
Successfully spread [4] pins.
editPin : finished (cpu = 0:00:00.0 real = 0:00:00.0, mem = 2642.0M).
@file 87:
@@file 88: set_db add_rings_skip_shared_inner_ring none
@@file 89: set_db add_rings_avoid_short 1
add_rings command will avoid shorts while creating rings.
@@file 90: set_db add_rings_ignore_rows 0
add_rings command will consider rows while creating rings.
@@file 91: set_db add_rings_extend_over_row 0
add_rings command will disallow rings to go over rows.
@@file 92: add_rings -type core_rings -jog_distance 0.6 -threshold 0.6 -nets "$NET_ONE $NET_ZERO" -follow core -layer {bottom Metal11 top Metal11 right Metal10 left Metal10} -width 0.7 -spacing 0.4 -offset 0.6
#% Begin add_rings (date=05/04 12:40:50, mem=2642.2M)


viaInitial starts at Mon May  4 12:40:50 2026
viaInitial ends at Mon May  4 12:40:50 2026
Loading cell geometries (cpu: 0:00:00.0, real: 0:00:00.0, peak mem: 2642.9M)
Ring generation is complete.
vias are now being generated.
add_rings created 8 wires.
ViaGen created 8 vias, deleted 0 via to avoid violation.
+--------+----------------+----------------+
|  Layer |     Created    |     Deleted    |
+--------+----------------+----------------+
| Metal10|        4       |       NA       |
|  Via10 |        8       |        0       |
| Metal11|        4       |       NA       |
+--------+----------------+----------------+
#% End add_rings (date=05/04 12:40:50, total cpu=0:00:00.1, real=0:00:00.0, peak res=2646.3M, current mem=2646.3M)
@file 93:
@@file 94: add_stripes -nets "$NET_ONE $NET_ZERO" -layer Metal6 -direction vertical -width 0.28 -spacing 0.8 -set_to_set_distance 6 -start_from left -switch_layer_over_obs false -max_same_layer_jog_length 2 -pad_core_ring_top_layer_limit Metal11 -pad_core_ring_bottom_layer_limit Metal1 -block_ring_top_layer_limit Metal11 -block_ring_bottom_layer_limit Metal1 -use_wire_group 0 -snap_wire_center_to_grid none -start_offset 1
#% Begin add_stripes (date=05/04 12:40:50, mem=2646.3M)

Initialize fgc environment(mem: 2646.5M) ...  fail and won't use fgc to check drc(cpu: 0:00:00.0, real: 0:00:00.0, peak mem: 2646.5M)
Loading cell geometries (cpu: 0:00:00.0, real: 0:00:00.0, peak mem: 2646.5M)
Loading wires (cpu: 0:00:00.0, real: 0:00:00.0, peak mem: 2646.5M)
Loading via instances (cpu: 0:00:00.0, real: 0:00:00.0, peak mem: 2646.5M)
Starting stripe generation ...
Non-Default Mode Option Settings :
  NONE
Stripe generation is complete.
vias are now being generated.
add_stripes created 6 wires.
ViaGen created 60 vias, deleted 0 via to avoid violation.
+--------+----------------+----------------+
|  Layer |     Created    |     Deleted    |
+--------+----------------+----------------+
| Metal6 |        6       |       NA       |
|  Via6  |       12       |        0       |
|  Via7  |       12       |        0       |
|  Via8  |       12       |        0       |
|  Via9  |       12       |        0       |
|  Via10 |       12       |        0       |
+--------+----------------+----------------+
#% End add_stripes (date=05/04 12:40:50, total cpu=0:00:00.1, real=0:00:00.0, peak res=2647.7M, current mem=2647.7M)
@file 95:
@@file 96: route_special -connect core_pin -layer_change_range { Metal1(1) Metal11(11) } -block_pin_target nearest_target -core_pin_target first_after_row_end -allow_jogging 1 -crossover_via_layer_range { Metal1(1) Metal11(11) } -nets "$NET_ONE $NET_ZERO" -allow_layer_change 1 -target_via_layer_range { Metal1(1) Metal11(11) } -stripe_layer_range {1 11}
#% Begin route_special (date=05/04 12:40:50, mem=2647.7M)
**WARN: (IMPSR-4058):	Route_special option: blockPinTarget should be used in conjunction with option: -connect blockPin. 
*** Begin SPECIAL ROUTE on Mon May  4 12:40:51 2026 ***
SPECIAL ROUTE ran on directory: /home/ufsm00291/ufsm00291-lima202020189/projetos/somador/backend/layout/work
SPECIAL ROUTE ran on machine: ecomp (Linux 4.18.0-553.111.1.el8_10.x86_64 Xeon 2.22Ghz)

Begin option processing ...
srouteConnectPowerBump set to false
routeSelectNet set to "VDD VSS"
routeSpecial set to true
srouteBottomLayerLimit set to 1
srouteBottomTargetLayerLimit set to 1
srouteConnectBlockPin set to false
srouteConnectConverterPin set to false
srouteConnectPadPin set to false
srouteConnectStripe set to false
srouteCrossoverViaBottomLayer set to 1
srouteCrossoverViaTopLayer set to 11
srouteFollowCorePinEnd set to 3
srouteFollowPadPin set to false
srouteJogControl set to "preferWithChanges differentLayer"
srouteMaxStripeLayer set to 11
srouteMinStripeLayer set to 1
sroutePadPinAllPorts set to true
sroutePreserveExistingRoutes set to true
srouteRoutePowerBarPortOnBothDir set to true
srouteStopBlockPin set to "nearestTarget"
srouteTopLayerLimit set to 11
srouteTopTargetLayerLimit set to 11
End option processing: cpu: 0:00:00, real: 0:00:00, peak: 473.00 megs.

Reading DB technology information...
Finished reading DB technology information.
Reading floorplan and netlist information...
Finished reading floorplan and netlist information.
Read in 24 layers, 11 routing layers, 1 overlap layer
Read in 2 nondefault rules, 0 used
Read in 583 macros, 2 used
Read in 2 components
  2 core components: 2 unplaced, 0 placed, 0 fixed
Read in 28 physical pins
  28 physical pins: 0 unplaced, 0 placed, 28 fixed
Read in 28 nets
Read in 2 special nets, 2 routed
Read in 32 terminals
2 nets selected.

Begin power routing ...
CPU time for VDD FollowPin 0 seconds
CPU time for VSS FollowPin 0 seconds
  Number of Core ports routed: 18
  Number of Followpin connections: 9
End power routing: cpu: 0:00:01, real: 0:00:01, peak: 511.00 megs.



 Begin updating DB with routing results ...
 Updating DB with 28 io pins ...
 Updating DB with 0 via definition ...Extracting standard cell pins and blockage ...... 
Pin and blockage extraction finished

route_special created 31 wires.
ViaGen created 297 vias, deleted 0 via to avoid violation.
+--------+----------------+----------------+
|  Layer |     Created    |     Deleted    |
+--------+----------------+----------------+
| Metal1 |       27       |       NA       |
|  Via1  |       45       |        0       |
|  Via2  |       45       |        0       |
|  Via3  |       45       |        0       |
|  Via4  |       45       |        0       |
| Metal5 |        4       |       NA       |
|  Via5  |       45       |        0       |
|  Via6  |       18       |        0       |
|  Via7  |       18       |        0       |
|  Via8  |       18       |        0       |
|  Via9  |       18       |        0       |
+--------+----------------+----------------+
#% End route_special (date=05/04 12:40:52, total cpu=0:00:01.1, real=0:00:01.0, peak res=2710.2M, current mem=2696.7M)
@file 97:
@file 98: #-----------------------------------------------------------------------------
@file 99: # Placement & Pre-CTS
@file 100: #-----------------------------------------------------------------------------
@@file 101: place_opt_design
#% Begin place_opt_design (date=05/04 12:40:52, mem=2696.7M)
**INFO: User settings:
setDelayCalMode -engine                        aae
design_process_node                            45
design_top_routing_layer                       11
extract_rc_coupling_cap_threshold              0.1
extract_rc_relative_cap_threshold              1.0
extract_rc_total_cap_threshold                 0.0
getDelayCalMode -engine                        aae
Info: Logic Synthesis step was not run from RTL in this session / on this DB.
Info: Synthesize design with physical option was not run earlier in this session / on this DB.
Info: place_opt_design is not being run for the first time in this session
Info: place_opt_design has been started with standard effort
Checking for testpoints in the design....
Info: There is no testpoint present in the design. Skipping physical test point optimization.

*** place_opt_design #1 [begin] () : totSession cpu/real = 0:00:58.2/0:00:56.6 (1.0), mem = 2697.1M
No user sequential activity specified, applying default sequential activity of "0.2" for Dynamic Power reporting.
'set_default_switching_activity' finished successfully.
*** Starting GigaPlace ***
There is no track adjustment
Starting place_opt_design V2 flow
#optDebug: fT-E <X 2 3 1 0>
*** GlobalPlace #1 [begin] (place_opt_design #1) : totSession cpu/real = 0:00:58.5/0:00:56.9 (1.0), mem = 2705.7M
*** Starting delete buffer tree (mem=2707.9M) ***

Buffer/Inverters difference: 0
*** Finished delete buffer tree (cpu=0:00:00.2 real=0:00:01.0 mem=2727.7M) ***
Effort level <high> specified for tdgp_reg2reg_default path_group
INFO: #ExclusiveGroups=0
INFO: There are no Exclusive Groups.
No user-set net weight.
Net fanout histogram:
2		: 42 (95.5%) nets
3		: 0 (0.0%) nets
4     -	14	: 2 (4.5%) nets
15    -	39	: 0 (0.0%) nets
40    -	79	: 0 (0.0%) nets
80    -	159	: 0 (0.0%) nets
160   -	319	: 0 (0.0%) nets
320   -	639	: 0 (0.0%) nets
640   -	1279	: 0 (0.0%) nets
1280  -	2559	: 0 (0.0%) nets
2560  -	5119	: 0 (0.0%) nets
5120+		: 0 (0.0%) nets
Scan chains were not defined.
#std cell=17 (0 fixed + 17 movable) #buf cell=0 #inv cell=0 #block=0 (0 floating + 0 preplaced)
#ioInst=0 #net=44 #term=104 #term/net=2.36, #fixedIo=0, #floatIo=0, #fixedPin=28, #floatPin=0
stdCell: 17 single + 0 double + 0 multi
Total standard cell length = 0.0834 (mm), area = 0.0001 (mm^2)
Average module density = 0.695.
Density for the design = 0.695.
       = stdcell_area 417 sites (143 um^2) / alloc_area 600 sites (205 um^2).
Pin Density = 0.1733.
            = total # of pins 104 / total area 600.
[spp] 0
Clock gating cells determined by native netlist tracing.
=== lastAutoLevel = 4 
Iteration  1: Total net bbox = 3.742e+02 (2.05e+02 1.69e+02)
              Est.  stn bbox = 3.822e+02 (2.07e+02 1.75e+02)
              cpu = 0:00:00.0 real = 0:00:00.0 mem = 2734.2M
Iteration  2: Total net bbox = 3.742e+02 (2.05e+02 1.69e+02)
              Est.  stn bbox = 3.822e+02 (2.07e+02 1.75e+02)
              cpu = 0:00:00.0 real = 0:00:00.0 mem = 2734.2M
*** Finished SKP initialization (cpu=0:00:02.2, real=0:00:02.0)***
SKP will use view:
  analysis_normal_slow_max
Iteration  3: Total net bbox = 3.472e+02 (1.93e+02 1.55e+02)
              Est.  stn bbox = 3.564e+02 (1.95e+02 1.62e+02)
              cpu = 0:00:02.3 real = 0:00:02.0 mem = 2776.7M
Iteration  4: Total net bbox = 3.954e+02 (2.16e+02 1.79e+02)
              Est.  stn bbox = 4.103e+02 (2.22e+02 1.89e+02)
              cpu = 0:00:00.1 real = 0:00:00.0 mem = 2777.5M
Iteration  5: Total net bbox = 3.954e+02 (2.16e+02 1.79e+02)
              Est.  stn bbox = 4.103e+02 (2.22e+02 1.89e+02)
              cpu = 0:00:00.0 real = 0:00:00.0 mem = 2777.5M
Iteration  6: Total net bbox = 4.469e+02 (2.63e+02 1.84e+02)
              Est.  stn bbox = 4.618e+02 (2.69e+02 1.93e+02)
              cpu = 0:00:02.4 real = 0:00:03.0 mem = 2777.5M
Finished Global Placement (cpu=0:00:02.4, real=0:00:03.0, mem=2777.5M)
0 delay mode for cte disabled.
Info: 0 clock gating cells identified, 0 (on average) moved 0/1
**INFO user setting to run inv-resyn!
INV-Resyn: there are 0 deletable inverters
[Inverter Restructure]: No deletable inverter!
Begin: Reorder Scan Chains
End: Reorder Scan Chains
*** Starting place_detail (0:01:02 mem=2773.9M) ***
Total net bbox length = 4.469e+02 (2.631e+02 1.837e+02) (ext = 2.757e+02)
Move report: Detail placement moved 17 insts, mean move: 0.96 um, max move: 2.18 um 
	Max move on inst (g602__5526): (3.65, 12.74) --> (3.00, 11.21)
	Runtime: CPU: 0:00:00.0 REAL: 0:00:00.0 MEM: 2776.9MB
Summary Report:
Instances moved: 17 (out of 17 movable)
Instances flipped: 0
Mean displacement: 0.96 um
Max displacement: 2.18 um (Instance: g602__5526) (3.645, 12.7445) -> (3, 11.21)
	Length: 15 sites, height: 1 rows, site name: CoreSite, cell type: ADDFX1
Physical-only instances moved: 0 (out of 0 movable physical-only)
Total net bbox length = 4.463e+02 (2.645e+02 1.818e+02) (ext = 2.759e+02)
Runtime: CPU: 0:00:00.0 REAL: 0:00:00.0 MEM: 2776.9MB
*** Finished place_detail (0:01:02 mem=2776.9M) ***
*** Finished Initial Placement (cpu=0:00:02.6, real=0:00:03.0, mem=2776.6M) ***
UM:   flow.cputime  flow.realtime  timing.setup.tns  timing.setup.wns  snapshot
UM:*                                                                   final
      flow.cputime  flow.realtime  timing.setup.tns  timing.setup.wns  snapshot
UM:*                                                                   global_place
Effort level <high> specified for tdgp_reg2reg_default path_group

*** Start incrementalPlace ***
No Views given, use default active views for adaptive view pruning
Active views:
  analysis_normal_slow_max
[NR-eGR] Early global route reroute all routable nets
[NR-eGR] Track table information for default rule: 
[NR-eGR] Metal1 has single uniform track structure
[NR-eGR] Metal2 has single uniform track structure
[NR-eGR] Metal3 has single uniform track structure
[NR-eGR] Metal4 has single uniform track structure
[NR-eGR] Metal5 has single uniform track structure
[NR-eGR] Metal6 has single uniform track structure
[NR-eGR] Metal7 has single uniform track structure
[NR-eGR] Metal8 has single uniform track structure
[NR-eGR] Metal9 has single uniform track structure
[NR-eGR] Metal10 has single uniform track structure
[NR-eGR] Metal11 has single uniform track structure
[NR-eGR] Read 703 PG shapes
[NR-eGR] Read 0 clock shapes
[NR-eGR] Read 0 other shapes
[NR-eGR] #Routing Blockages  : 0
[NR-eGR] #Bump Blockages     : 0
[NR-eGR] #Instance Blockages : 0
[NR-eGR] #PG Blockages       : 703
[NR-eGR] #Halo Blockages     : 0
[NR-eGR] #Boundary Blockages : 0
[NR-eGR] #Clock Blockages    : 0
[NR-eGR] #Other Blockages    : 0
[NR-eGR] #prerouted nets         : 0
[NR-eGR] #prerouted special nets : 0
[NR-eGR] #prerouted wires        : 0
[NR-eGR] Read 44 nets ( ignored 0 )
[NR-eGR] Handle net priority by net group ordering
[NR-eGR] There are 1 clock nets ( 0 with NDR ).
[NR-eGR] == Routing rule table ==
[NR-eGR]  ID  Name       #Nets 
[NR-eGR] ----------------------
[NR-eGR]   0  (Default)     44 
[NR-eGR] Layer group 1: route 44 net(s) in layer range [2, 11]
[NR-eGR] Early Global Route overflow of layer group 1: 0.00% H + 0.00% V. EstWL: 4.326300e+02um
[NR-eGR] Congestion Analysis By layer: (blocked Gcells are excluded) 
[NR-eGR]                        OverCon            
[NR-eGR]                         #Gcell     %Gcell
[NR-eGR]        Layer             (1-0)    OverCon
[NR-eGR] ----------------------------------------------
[NR-eGR]  Metal1 ( 1)         0( 0.00%)   ( 0.00%) 
[NR-eGR]  Metal2 ( 2)         0( 0.00%)   ( 0.00%) 
[NR-eGR]  Metal3 ( 3)         0( 0.00%)   ( 0.00%) 
[NR-eGR]  Metal4 ( 4)         0( 0.00%)   ( 0.00%) 
[NR-eGR]  Metal5 ( 5)         0( 0.00%)   ( 0.00%) 
[NR-eGR]  Metal6 ( 6)         0( 0.00%)   ( 0.00%) 
[NR-eGR]  Metal7 ( 7)         0( 0.00%)   ( 0.00%) 
[NR-eGR]  Metal8 ( 8)         0( 0.00%)   ( 0.00%) 
[NR-eGR]  Metal9 ( 9)         0( 0.00%)   ( 0.00%) 
[NR-eGR] Metal10 (10)         0( 0.00%)   ( 0.00%) 
[NR-eGR] Metal11 (11)         0( 0.00%)   ( 0.00%) 
[NR-eGR] ----------------------------------------------
[NR-eGR]        Total         0( 0.00%)   ( 0.00%) 
[NR-eGR] 
[NR-eGR] Overflow after Early Global Route 0.00% H + 0.00% V
[NR-eGR] Finished Early Global Route kernel ( CPU: 0.07 sec, Real: 3.93 sec, Curr Mem: 2736.53 MB )
Early Global Route congestion estimation runtime: 3.93 seconds, mem = 2781.4M
Local HotSpot Analysis: normalized max congestion hotspot area = 0.00, normalized total congestion hotspot area = 0.00 (area is in unit of 4 std-cell row bins)
Skipped repairing congestion.
[NR-eGR] Connected 0 must-join pins/ports (post-process)
[NR-eGR] Total eGR-routed clock nets wire length: 31um, number of vias: 26
[NR-eGR] --------------------------------------------------------------------------
[NR-eGR]                  Length (um)  Vias 
[NR-eGR] -----------------------------------
[NR-eGR]  Metal1   (1H)             0   104 
[NR-eGR]  Metal2   (2V)           197   144 
[NR-eGR]  Metal3   (3H)           271     2 
[NR-eGR]  Metal4   (4V)             6     0 
[NR-eGR]  Metal5   (5H)             0     0 
[NR-eGR]  Metal6   (6V)             0     0 
[NR-eGR]  Metal7   (7H)             0     0 
[NR-eGR]  Metal8   (8V)             0     0 
[NR-eGR]  Metal9   (9H)             0     0 
[NR-eGR]  Metal10  (10V)            0     0 
[NR-eGR]  Metal11  (11H)            0     0 
[NR-eGR] -----------------------------------
[NR-eGR]           Total          474   250 
[NR-eGR] --------------------------------------------------------------------------
[NR-eGR] Total half perimeter of net bounding box: 446um
[NR-eGR] Total length: 474um, number of vias: 250
[NR-eGR] --------------------------------------------------------------------------
Early Global Route wiring runtime: 0.05 seconds, mem = 2783.1M
Tdgp not enabled or already been cleared! skip clearing

*** Finished incrementalPlace (cpu=0:00:00.1, real=0:00:04.0)***
***** Total cpu  0:0:4
***** Total real time  0:0:9
Tdgp not enabled or already been cleared! skip clearing
**place_design ... cpu = 0: 0: 4, real = 0: 0: 9, mem = 2783.3M **
AAE DB initialization (MEM=2797.937500 CPU=0:00:00.0 REAL=0:00:00.0) 
      flow.cputime  flow.realtime  timing.setup.tns  timing.setup.wns  snapshot
UM:*                                                                   final
UM: Running design category ...
      flow.cputime  flow.realtime  timing.setup.tns  timing.setup.wns  snapshot
UM:           5.22             10                                      place_design
*** GlobalPlace #1 [finish] (place_opt_design #1) : cpu/real = 0:00:05.3/0:00:10.2 (0.5), totSession cpu/real = 0:01:03.8/0:01:07.2 (1.0), mem = 2800.1M
Enable CTE adjustment.
Enable Layer aware incrSKP.
**opt_design ... cpu = 0:00:00, real = 0:00:00, mem = 2800.0M, totSessionCpu=0:01:04 **
GigaOpt running with 1 threads.
*** InitOpt #1 [begin] (place_opt_design #1) : totSession cpu/real = 0:01:03.9/0:01:07.2 (1.0), mem = 2800.0M
**INFO: set_db design_flow_effort standard -> setting 'set_db opt_all_end_points true' for the duration of this command.
Updating RC Grid density data for preRoute extraction ...
Initializing multi-corner resistance tables ...
AAE DB initialization (MEM=2912.792969 CPU=0:00:00.0 REAL=0:00:00.0) 
fast slow
Info: Using SynthesisEngine executable '/home/tools/cadence/installs/DDI251/INNOVUS251/bin/innovus_'.
      SynthesisEngine workers will not check out additional licenses.
**opt_design ... cpu = 0:00:04, real = 0:00:53, mem = 2914.2M, totSessionCpu=0:01:07 **
#optDebug: { P: 45 W: 7195 FE: standard PE: none LDR: 1}
*** opt_design -pre_cts ***
DRC Margin: user margin 0.0; extra margin 0.2
Setup Target Slack: user slack 0; extra slack 0.0
Hold Target Slack: user slack 0
Multi-VT timing optimization disabled based on library information.
**INFO: Using Advanced Metric Collection system.
[NR-eGR] Started Early Global Route ( Curr Mem: 2803.57 MB )
[NR-eGR] Started Early Global Route kernel ( Curr Mem: 2803.57 MB )
[NR-eGR] Early global route reroute all routable nets
[NR-eGR] Track table information for default rule: 
[NR-eGR] Metal1 has single uniform track structure
[NR-eGR] Metal2 has single uniform track structure
[NR-eGR] Metal3 has single uniform track structure
[NR-eGR] Metal4 has single uniform track structure
[NR-eGR] Metal5 has single uniform track structure
[NR-eGR] Metal6 has single uniform track structure
[NR-eGR] Metal7 has single uniform track structure
[NR-eGR] Metal8 has single uniform track structure
[NR-eGR] Metal9 has single uniform track structure
[NR-eGR] Metal10 has single uniform track structure
[NR-eGR] Metal11 has single uniform track structure
[NR-eGR] Read 703 PG shapes
[NR-eGR] Read 0 clock shapes
[NR-eGR] Read 0 other shapes
[NR-eGR] #Routing Blockages  : 0
[NR-eGR] #Bump Blockages     : 0
[NR-eGR] #Instance Blockages : 0
[NR-eGR] #PG Blockages       : 703
[NR-eGR] #Halo Blockages     : 0
[NR-eGR] #Boundary Blockages : 0
[NR-eGR] #Clock Blockages    : 0
[NR-eGR] #Other Blockages    : 0
[NR-eGR] #prerouted nets         : 0
[NR-eGR] #prerouted special nets : 0
[NR-eGR] #prerouted wires        : 0
[NR-eGR] Read 44 nets ( ignored 0 )
[NR-eGR] Handle net priority by net group ordering
[NR-eGR] There are 1 clock nets ( 0 with NDR ).
[NR-eGR] == Routing rule table ==
[NR-eGR]  ID  Name       #Nets 
[NR-eGR] ----------------------
[NR-eGR]   0  (Default)     44 
[NR-eGR] Layer group 1: route 44 net(s) in layer range [2, 11]
[NR-eGR] Early Global Route overflow of layer group 1: 0.00% H + 0.00% V. EstWL: 4.326300e+02um
[NR-eGR] Congestion Analysis By layer: (blocked Gcells are excluded) 
[NR-eGR]                        OverCon            
[NR-eGR]                         #Gcell     %Gcell
[NR-eGR]        Layer             (1-0)    OverCon
[NR-eGR] ----------------------------------------------
[NR-eGR]  Metal1 ( 1)         0( 0.00%)   ( 0.00%) 
[NR-eGR]  Metal2 ( 2)         0( 0.00%)   ( 0.00%) 
[NR-eGR]  Metal3 ( 3)         0( 0.00%)   ( 0.00%) 
[NR-eGR]  Metal4 ( 4)         0( 0.00%)   ( 0.00%) 
[NR-eGR]  Metal5 ( 5)         0( 0.00%)   ( 0.00%) 
[NR-eGR]  Metal6 ( 6)         0( 0.00%)   ( 0.00%) 
[NR-eGR]  Metal7 ( 7)         0( 0.00%)   ( 0.00%) 
[NR-eGR]  Metal8 ( 8)         0( 0.00%)   ( 0.00%) 
[NR-eGR]  Metal9 ( 9)         0( 0.00%)   ( 0.00%) 
[NR-eGR] Metal10 (10)         0( 0.00%)   ( 0.00%) 
[NR-eGR] Metal11 (11)         0( 0.00%)   ( 0.00%) 
[NR-eGR] ----------------------------------------------
[NR-eGR]        Total         0( 0.00%)   ( 0.00%) 
[NR-eGR] 
[NR-eGR] Overflow after Early Global Route 0.00% H + 0.00% V
[NR-eGR] Connected 0 must-join pins/ports (post-process)
[NR-eGR] Total eGR-routed clock nets wire length: 30um, number of vias: 26
[NR-eGR] --------------------------------------------------------------------------
[NR-eGR]                  Length (um)  Vias 
[NR-eGR] -----------------------------------
[NR-eGR]  Metal1   (1H)             0   104 
[NR-eGR]  Metal2   (2V)           195   144 
[NR-eGR]  Metal3   (3H)           271     2 
[NR-eGR]  Metal4   (4V)             6     0 
[NR-eGR]  Metal5   (5H)             0     0 
[NR-eGR]  Metal6   (6V)             0     0 
[NR-eGR]  Metal7   (7H)             0     0 
[NR-eGR]  Metal8   (8V)             0     0 
[NR-eGR]  Metal9   (9H)             0     0 
[NR-eGR]  Metal10  (10V)            0     0 
[NR-eGR]  Metal11  (11H)            0     0 
[NR-eGR] -----------------------------------
[NR-eGR]           Total          473   250 
[NR-eGR] --------------------------------------------------------------------------
[NR-eGR] Total half perimeter of net bounding box: 446um
[NR-eGR] Total length: 473um, number of vias: 250
[NR-eGR] --------------------------------------------------------------------------
[NR-eGR] Finished Early Global Route kernel ( CPU: 0.07 sec, Real: 3.73 sec, Curr Mem: 2804.77 MB )
[NR-eGR] Finished Early Global Route ( CPU: 0.08 sec, Real: 3.74 sec, Curr Mem: 2804.77 MB )
Extraction called for design 'somador' of instances=17 and nets=46 using extraction engine 'pre_route' .
pre_route RC Extraction called for design somador.
RC Extraction called in multi-corner(2) mode.
RCMode: PreRoute
      RC Corner Indexes            0       1   
Capacitance Scaling Factor   : 1.00000 1.00000 
Resistance Scaling Factor    : 1.00000 1.00000 
Clock Cap. Scaling Factor    : 1.00000 1.00000 
Clock Res. Scaling Factor    : 1.00000 1.00000 
Shrink Factor                : 1.00000
PreRoute extraction is honoring NDR/Shielding/ExtraSpace for clock nets.
Using capacitance table file ...
Updating RC Grid density data for preRoute extraction ...
Initializing multi-corner resistance tables ...
PreRoute RC Extraction DONE (CPU Time: 0:00:00.0  Real Time: 0:00:00.0  MEM: 2918.395M)
Starting delay calculation for Setup views
AAE_INFO: opIsDesignInPostRouteState() is 0
#################################################################################
# Design Stage: PreRoute
# Design Name: somador
# Design Mode: 45nm
# Analysis Mode: MMMC Non-OCV 
# Parasitics Mode: No SPEF/RCDB 
# Signoff Settings: SI Off 
#################################################################################
Calculate delays in BcWc mode...
Start delay calculation (fullDC) (1 T). (MEM=2955.49)
Total number of fetched objects 44
AAE_INFO: Total number of nets for which stage creation was skipped for all views 0
End delay calculation. (MEM=2978.96 CPU=0:00:00.0 REAL=0:00:00.0)
End delay calculation (fullDC). (MEM=2959.67 CPU=0:00:00.3 REAL=0:00:00.0)
*** Done Building Timing Graph (cpu=0:00:00.7 real=0:00:01.0 totSessionCpu=0:01:13 mem=2973.7M)

OptSummary:

------------------------------------------------------------------
             Initial Summary
------------------------------------------------------------------

Setup views included:
 analysis_normal_slow_max 

+--------------------+---------+
|     Setup mode     |   all   |
+--------------------+---------+
|           WNS (ns):|  7.724  |
|           TNS (ns):|  0.000  |
|    Violating Paths:|    0    |
|          All Paths:|   27    |
+--------------------+---------+

+----------------+-------------------------------+------------------+
|                |              Real             |       Total      |
|    DRVs        +------------------+------------+------------------|
|                |  Nr nets(terms)  | Worst Vio  |  Nr nets(terms)  |
+----------------+------------------+------------+------------------+
|   max_cap      |      0 (0)       |   0.000    |      0 (0)       |
|   max_tran     |      0 (0)       |   0.000    |      0 (0)       |
|   max_fanout   |      0 (0)       |     0      |      0 (0)       |
|   max_length   |      0 (0)       |     0      |      0 (0)       |
+----------------+------------------+------------+------------------+

Density: 69.500%
------------------------------------------------------------------
**opt_design ... cpu = 0:00:10, real = 0:01:03, mem = 2969.0M, totSessionCpu=0:01:13 **
*** InitOpt #1 [finish] (place_opt_design #1) : cpu/real = 0:00:09.8/0:01:02.7 (0.2), totSession cpu/real = 0:01:13.7/0:02:09.9 (0.6), mem = 2969.0M
** INFO : this run is activating medium effort placeOptDesign flow
*** ExcludedClockNetOpt #1 [begin] (place_opt_design #1) : totSession cpu/real = 0:01:13.8/0:02:10.0 (0.6), mem = 2969.4M
*** Starting optimizing excluded clock nets MEM= 2969.4M) ***
*info: No excluded clock nets to be optimized.
*** Finished optimizing excluded clock nets (CPU Time= 0:00:00.0  MEM= 2969.6M) ***
*** ExcludedClockNetOpt #1 [finish] (place_opt_design #1) : cpu/real = 0:00:00.0/0:00:00.0 (0.0), totSession cpu/real = 0:01:13.8/0:02:10.0 (0.6), mem = 2969.6M
The useful skew maximum allowed delay is: 0.3
*** SimplifyNetlist #1 [begin] (place_opt_design #1) : totSession cpu/real = 0:01:13.9/0:02:10.2 (0.6), mem = 2973.6M
Info: 2 ideal nets excluded from IPO operation.
Info: 1 clock net  excluded from IPO operation.

Footprint cell information for calculating maxBufDist
*info: There are 10 candidate Buffer cells
*info: There are 12 candidate Inverter cells


Netlist preparation processing... 
Removed 0 instance
*info: Marking 0 isolation instances dont touch
*info: Marking 0 level shifter instances dont touch
*** SimplifyNetlist #1 [finish] (place_opt_design #1) : cpu/real = 0:00:02.5/0:00:02.5 (1.0), totSession cpu/real = 0:01:16.4/0:02:12.7 (0.6), mem = 2976.3M
Running new flow changes for HFN
Begin: GigaOpt high fanout net optimization
GigaOpt HFN: use maxLocalDensity 1.2
GigaOpt Checkpoint: Internal optDRV -useLevelizedBufferTreeOnly -auxMaxFanoutCountLimit 500 -largeScaleFixing -maxIter 1 -maxLocalDensity 1.2 -numThreads 1 -preCTS -preRouteDontEndWithRefinePlaceIncrSteinerRouteDC
*** DrvOpt #1 [begin] (place_opt_design #1) : totSession cpu/real = 0:01:16.7/0:02:13.0 (0.6), mem = 2976.4M
Info: 2 ideal nets excluded from IPO operation.
Info: 1 clock net  excluded from IPO operation.
*** DrvOpt #1 [finish] (place_opt_design #1) : cpu/real = 0:00:00.7/0:00:00.7 (1.0), totSession cpu/real = 0:01:17.3/0:02:13.7 (0.6), mem = 2977.2M
GigaOpt HFN: restore maxLocalDensity to 0.98
End: GigaOpt high fanout net optimization

Active setup views:
 analysis_normal_slow_max
  Dominating endpoints: 0
  Dominating TNS: -0.000

Begin: GigaOpt Global Optimization
*info: use new DP (enabled)
GigaOpt Checkpoint: Internal globalOpt -maxLocalDensity 1.2 -numThreads 1 -preCTS -rebufferAll -preRouteDontEndWithRefinePlaceIncrSteinerRouteDC -enableHighLayerOpt -maxIter 50 -maxIterForLEPG 50
Info: 2 ideal nets excluded from IPO operation.
Info: 1 clock net  excluded from IPO operation.
*** GlobalOpt #1 [begin] (place_opt_design #1) : totSession cpu/real = 0:01:17.6/0:02:14.0 (0.6), mem = 2977.9M
*info: 1 clock net excluded
*info: 2 ideal nets excluded from IPO operation.
#InfoCS: Num dontuse cells 14, Num usable cells 570, Num real usable cells 569
** GigaOpt Global Opt WNS Slack 0.000  TNS Slack 0.000 
+--------+--------+---------+------------+--------+------------------------+---------+--------------------+
|  WNS   |  TNS   | Density |    Real    |  Mem   |       Worst View       |Pathgroup|     End Point      |
+--------+--------+---------+------------+--------+------------------------+---------+--------------------+
|   0.000|   0.000|   69.50%|   0:00:00.0| 2997.8M|analysis_normal_slow_max|       NA| NA                 |
+--------+--------+---------+------------+--------+------------------------+---------+--------------------+

*** Finish pre-CTS Global Setup Fixing (cpu=0:00:00.0 real=0:00:00.0 mem=2997.8M) ***

*** Finish pre-CTS Setup Fixing (cpu=0:00:00.0 real=0:00:00.0 mem=2997.8M) ***
Bottom Preferred Layer:
    None
Via Pillar Rule:
    None
** GigaOpt Global Opt End WNS Slack 0.000  TNS Slack 0.000 
*** GlobalOpt #1 [finish] (place_opt_design #1) : cpu/real = 0:00:02.5/0:00:02.6 (1.0), totSession cpu/real = 0:01:20.2/0:02:16.5 (0.6), mem = 2993.4M
End: GigaOpt Global Optimization
*** Timing Is met
*** Check timing (0:00:00.0)
GigaOpt Checkpoint: Internal reclaim -numThreads 1 -preCTS -force -doRemoveUselessTerm -tgtSlackMult 3 -routeType -noRouteTypeResizePolish -noViewPrune -weedwhack -nonLegal -nativePathGroupFlow -SimpCCIn -GCompAndPhase
Info: 2 ideal nets excluded from IPO operation.
Info: 1 clock net  excluded from IPO operation.
Begin: Area Reclaim Optimization
#InfoCS: Num dontuse cells 14, Num usable cells 570, Num real usable cells 569
*** AreaOpt #1 [begin] (place_opt_design #1) : totSession cpu/real = 0:01:20.5/0:02:16.8 (0.6), mem = 2993.2M
Reclaim Optimization WNS Slack 0.000  TNS Slack 0.000 Density 69.50
+---------+---------+--------+--------+------------+--------+
| Density | Commits |  WNS   |  TNS   |    Real    |  Mem   |
+---------+---------+--------+--------+------------+--------+
|   69.50%|        -|   0.000|   0.000|   0:00:00.0| 2997.6M|
|   69.50%|        0|   0.000|   0.000|   0:00:00.0| 2998.4M|
|   69.50%|        0|   0.000|   0.000|   0:00:00.0| 2998.4M|
|   69.50%|        0|   0.000|   0.000|   0:00:00.0| 2998.4M|
|   69.50%|        0|   0.000|   0.000|   0:00:00.0| 2999.2M|
|   69.50%|        0|   0.000|   0.000|   0:00:00.0| 2999.2M|
+---------+---------+--------+--------+------------+--------+
Reclaim Optimization End WNS Slack 0.000  TNS Slack 0.000 Density 69.50
Bottom Preferred Layer:
    None
Via Pillar Rule:
    None

Number of times islegalLocAvaiable called = 0 skipped = 0, called in commitmove = 0, skipped in commitmove = 0
End: Core Area Reclaim Optimization (cpu = 0:00:01.6) (real = 0:00:02.0) **
*** AreaOpt #1 [finish] (place_opt_design #1) : cpu/real = 0:00:01.6/0:00:01.6 (1.0), totSession cpu/real = 0:01:22.0/0:02:18.4 (0.6), mem = 2999.2M
Executing incremental physical updates
Executing incremental physical updates
End: Area Reclaim Optimization (cpu=0:00:02, real=0:00:02, mem=2996.36M, totSessionCpu=0:01:22).
*** IncrReplace #1 [begin] (place_opt_design #1) : totSession cpu/real = 0:01:22.3/0:02:18.7 (0.6), mem = 2996.4M

*** Start incrementalPlace ***
No Views given, use default active views for adaptive view pruning
Active views:
  analysis_normal_slow_max
[NR-eGR] Started Early Global Route kernel ( Curr Mem: 2893.36 MB )
[NR-eGR] Early global route reroute all routable nets
[NR-eGR] Track table information for default rule: 
[NR-eGR] Metal1 has single uniform track structure
[NR-eGR] Metal2 has single uniform track structure
[NR-eGR] Metal3 has single uniform track structure
[NR-eGR] Metal4 has single uniform track structure
[NR-eGR] Metal5 has single uniform track structure
[NR-eGR] Metal6 has single uniform track structure
[NR-eGR] Metal7 has single uniform track structure
[NR-eGR] Metal8 has single uniform track structure
[NR-eGR] Metal9 has single uniform track structure
[NR-eGR] Metal10 has single uniform track structure
[NR-eGR] Metal11 has single uniform track structure
[NR-eGR] Read 703 PG shapes
[NR-eGR] Read 0 clock shapes
[NR-eGR] Read 0 other shapes
[NR-eGR] #Routing Blockages  : 0
[NR-eGR] #Bump Blockages     : 0
[NR-eGR] #Instance Blockages : 0
[NR-eGR] #PG Blockages       : 703
[NR-eGR] #Halo Blockages     : 0
[NR-eGR] #Boundary Blockages : 0
[NR-eGR] #Clock Blockages    : 0
[NR-eGR] #Other Blockages    : 0
[NR-eGR] #prerouted nets         : 0
[NR-eGR] #prerouted special nets : 0
[NR-eGR] #prerouted wires        : 0
[NR-eGR] Read 44 nets ( ignored 0 )
[NR-eGR] Handle net priority by net group ordering
[NR-eGR] There are 1 clock nets ( 0 with NDR ).
[NR-eGR] == Routing rule table ==
[NR-eGR]  ID  Name       #Nets 
[NR-eGR] ----------------------
[NR-eGR]   0  (Default)     44 
[NR-eGR] Layer group 1: route 44 net(s) in layer range [2, 11]
[NR-eGR] Early Global Route overflow of layer group 1: 0.00% H + 0.00% V. EstWL: 4.326300e+02um
[NR-eGR] Congestion Analysis By layer: (blocked Gcells are excluded) 
[NR-eGR]                        OverCon            
[NR-eGR]                         #Gcell     %Gcell
[NR-eGR]        Layer             (1-0)    OverCon
[NR-eGR] ----------------------------------------------
[NR-eGR]  Metal1 ( 1)         0( 0.00%)   ( 0.00%) 
[NR-eGR]  Metal2 ( 2)         0( 0.00%)   ( 0.00%) 
[NR-eGR]  Metal3 ( 3)         0( 0.00%)   ( 0.00%) 
[NR-eGR]  Metal4 ( 4)         0( 0.00%)   ( 0.00%) 
[NR-eGR]  Metal5 ( 5)         0( 0.00%)   ( 0.00%) 
[NR-eGR]  Metal6 ( 6)         0( 0.00%)   ( 0.00%) 
[NR-eGR]  Metal7 ( 7)         0( 0.00%)   ( 0.00%) 
[NR-eGR]  Metal8 ( 8)         0( 0.00%)   ( 0.00%) 
[NR-eGR]  Metal9 ( 9)         0( 0.00%)   ( 0.00%) 
[NR-eGR] Metal10 (10)         0( 0.00%)   ( 0.00%) 
[NR-eGR] Metal11 (11)         0( 0.00%)   ( 0.00%) 
[NR-eGR] ----------------------------------------------
[NR-eGR]        Total         0( 0.00%)   ( 0.00%) 
[NR-eGR] 
[NR-eGR] Overflow after Early Global Route 0.00% H + 0.00% V
[NR-eGR] Finished Early Global Route kernel ( CPU: 0.06 sec, Real: 3.44 sec, Curr Mem: 2894.26 MB )
Early Global Route congestion estimation runtime: 3.45 seconds, mem = 2997.5M
Local HotSpot Analysis: normalized max congestion hotspot area = 0.00, normalized total congestion hotspot area = 0.00 (area is in unit of 4 std-cell row bins)

=== incrementalPlace Internal Loop 1 ===
      flow.cputime  flow.realtime  timing.setup.tns  timing.setup.wns  snapshot
UM:*                                                                   incrNP_iter_start
[spp] 0
*** Finished SKP initialization (cpu=0:00:00.0, real=0:00:00.0)***
SKP will use view:
  analysis_normal_slow_max
Iteration  4: Total net bbox = 4.038e+02 (2.24e+02 1.79e+02)
              Est.  stn bbox = 4.186e+02 (2.30e+02 1.89e+02)
              cpu = 0:00:00.0 real = 0:00:00.0 mem = 3005.8M
Iteration  5: Total net bbox = 4.171e+02 (2.26e+02 1.91e+02)
              Est.  stn bbox = 4.316e+02 (2.31e+02 2.00e+02)
              cpu = 0:00:00.1 real = 0:00:00.0 mem = 3005.7M
Iteration  6: Total net bbox = 4.034e+02 (2.17e+02 1.86e+02)
              Est.  stn bbox = 4.170e+02 (2.22e+02 1.95e+02)
              cpu = 0:00:00.0 real = 0:00:00.0 mem = 3009.3M
Move report: Timing Driven Placement moved 17 insts, mean move: 2.52 um, max move: 7.72 um 
	Max move on inst (sum_temp_reg[2]): (11.00, 11.21) --> (3.30, 11.22)

Finished Incremental Placement (cpu=0:00:00.4, real=0:00:01.0, mem=3008.7M)
Begin: Reorder Scan Chains
End: Reorder Scan Chains
*** Starting place_detail (0:01:23 mem=3007.2M) ***
Total net bbox length = 4.519e+02 (2.602e+02 1.917e+02) (ext = 2.904e+02)
Move report: Detail placement moved 17 insts, mean move: 0.09 um, max move: 0.26 um 
	Max move on inst (sum_temp_reg[5]): (3.22, 7.55) --> (3.20, 7.79)
	Runtime: CPU: 0:00:00.0 REAL: 0:00:00.0 MEM: 3006.1MB
Summary Report:
Instances moved: 17 (out of 17 movable)
Instances flipped: 0
Mean displacement: 0.09 um
Max displacement: 0.26 um (Instance: sum_temp_reg[5]) (3.224, 7.5545) -> (3.2, 7.79)
	Length: 33 sites, height: 1 rows, site name: CoreSite, cell type: DFFRHQX8
Physical-only instances moved: 0 (out of 0 movable physical-only)
Total net bbox length = 4.483e+02 (2.604e+02 1.879e+02) (ext = 2.914e+02)
Runtime: CPU: 0:00:00.0 REAL: 0:00:00.0 MEM: 3006.1MB
*** Finished place_detail (0:01:23 mem=3006.1M) ***
[NR-eGR] Early global route reroute all routable nets
[NR-eGR] Track table information for default rule: 
[NR-eGR] Metal1 has single uniform track structure
[NR-eGR] Metal2 has single uniform track structure
[NR-eGR] Metal3 has single uniform track structure
[NR-eGR] Metal4 has single uniform track structure
[NR-eGR] Metal5 has single uniform track structure
[NR-eGR] Metal6 has single uniform track structure
[NR-eGR] Metal7 has single uniform track structure
[NR-eGR] Metal8 has single uniform track structure
[NR-eGR] Metal9 has single uniform track structure
[NR-eGR] Metal10 has single uniform track structure
[NR-eGR] Metal11 has single uniform track structure
[NR-eGR] Read 0 clock shapes
[NR-eGR] Read 0 other shapes
[NR-eGR] #Routing Blockages  : 0
[NR-eGR] #Bump Blockages     : 0
[NR-eGR] #Instance Blockages : 0
[NR-eGR] #PG Blockages       : 703
[NR-eGR] #Halo Blockages     : 0
[NR-eGR] #Boundary Blockages : 0
[NR-eGR] #Clock Blockages    : 0
[NR-eGR] #Other Blockages    : 0
[NR-eGR] #prerouted nets         : 0
[NR-eGR] #prerouted special nets : 0
[NR-eGR] #prerouted wires        : 0
[NR-eGR] Read 44 nets ( ignored 0 )
[NR-eGR] Handle net priority by net group ordering
[NR-eGR] There are 1 clock nets ( 0 with NDR ).
[NR-eGR] == Routing rule table ==
[NR-eGR]  ID  Name       #Nets 
[NR-eGR] ----------------------
[NR-eGR]   0  (Default)     44 
[NR-eGR] Layer group 1: route 44 net(s) in layer range [2, 11]
[NR-eGR] Early Global Route overflow of layer group 1: 0.00% H + 0.00% V. EstWL: 4.446000e+02um
[NR-eGR] Congestion Analysis By layer: (blocked Gcells are excluded) 
[NR-eGR]                        OverCon            
[NR-eGR]                         #Gcell     %Gcell
[NR-eGR]        Layer             (1-0)    OverCon
[NR-eGR] ----------------------------------------------
[NR-eGR]  Metal1 ( 1)         0( 0.00%)   ( 0.00%) 
[NR-eGR]  Metal2 ( 2)         0( 0.00%)   ( 0.00%) 
[NR-eGR]  Metal3 ( 3)         0( 0.00%)   ( 0.00%) 
[NR-eGR]  Metal4 ( 4)         0( 0.00%)   ( 0.00%) 
[NR-eGR]  Metal5 ( 5)         0( 0.00%)   ( 0.00%) 
[NR-eGR]  Metal6 ( 6)         0( 0.00%)   ( 0.00%) 
[NR-eGR]  Metal7 ( 7)         0( 0.00%)   ( 0.00%) 
[NR-eGR]  Metal8 ( 8)         0( 0.00%)   ( 0.00%) 
[NR-eGR]  Metal9 ( 9)         0( 0.00%)   ( 0.00%) 
[NR-eGR] Metal10 (10)         0( 0.00%)   ( 0.00%) 
[NR-eGR] Metal11 (11)         0( 0.00%)   ( 0.00%) 
[NR-eGR] ----------------------------------------------
[NR-eGR]        Total         0( 0.00%)   ( 0.00%) 
[NR-eGR] 
[NR-eGR] Overflow after Early Global Route 0.00% H + 0.00% V
[NR-eGR] Finished Early Global Route kernel ( CPU: 0.15 sec, Real: 6.66 sec, Curr Mem: 2907.58 MB )
Early Global Route congestion estimation runtime: 6.67 seconds, mem = 3006.1M
Local HotSpot Analysis: normalized max congestion hotspot area = 0.00, normalized total congestion hotspot area = 0.00 (area is in unit of 4 std-cell row bins)
[NR-eGR] Connected 0 must-join pins/ports (post-process)
[NR-eGR] Total eGR-routed clock nets wire length: 32um, number of vias: 31
[NR-eGR] --------------------------------------------------------------------------
[NR-eGR]                  Length (um)  Vias 
[NR-eGR] -----------------------------------
[NR-eGR]  Metal1   (1H)             0   104 
[NR-eGR]  Metal2   (2V)           217   143 
[NR-eGR]  Metal3   (3H)           266     0 
[NR-eGR]  Metal4   (4V)             0     0 
[NR-eGR]  Metal5   (5H)             0     0 
[NR-eGR]  Metal6   (6V)             0     0 
[NR-eGR]  Metal7   (7H)             0     0 
[NR-eGR]  Metal8   (8V)             0     0 
[NR-eGR]  Metal9   (9H)             0     0 
[NR-eGR]  Metal10  (10V)            0     0 
[NR-eGR]  Metal11  (11H)            0     0 
[NR-eGR] -----------------------------------
[NR-eGR]           Total          482   247 
[NR-eGR] --------------------------------------------------------------------------
[NR-eGR] Total half perimeter of net bounding box: 448um
[NR-eGR] Total length: 482um, number of vias: 247
[NR-eGR] --------------------------------------------------------------------------
Early Global Route wiring runtime: 0.19 seconds, mem = 2975.0M
[hotspot] +------------+---------------+---------------+
[hotspot] |            |   max hotspot | total hotspot |
[hotspot] +------------+---------------+---------------+
[hotspot] | normalized |          0.00 |          0.00 |
[hotspot] +------------+---------------+---------------+
Local HotSpot Analysis: normalized max congestion hotspot area = 0.00, normalized total congestion hotspot area = 0.00 (area is in unit of 4 std-cell row bins)
[hotspot] Hotspot report including placement blocked areas
[hotspot] +------------+---------------+---------------+
[hotspot] |            |   max hotspot | total hotspot |
[hotspot] +------------+---------------+---------------+
[hotspot] | normalized |          0.00 |          0.00 |
[hotspot] +------------+---------------+---------------+
Local HotSpot Analysis (blockage included): normalized max congestion hotspot area = 0.00, normalized total congestion hotspot area = 0.00 (area is in unit of 4 std-cell row bins)
0 delay mode for cte disabled.

*** Finished incrementalPlace (cpu=0:00:01.0, real=0:00:11.0)***
Start to check current routing status for nets...
All nets are already routed correctly.
End to check current routing status for nets (mem=2972.8M)
Extraction called for design 'somador' of instances=17 and nets=46 using extraction engine 'pre_route' .
pre_route RC Extraction called for design somador.
RC Extraction called in multi-corner(2) mode.
RCMode: PreRoute
      RC Corner Indexes            0       1   
Capacitance Scaling Factor   : 1.00000 1.00000 
Resistance Scaling Factor    : 1.00000 1.00000 
Clock Cap. Scaling Factor    : 1.00000 1.00000 
Clock Res. Scaling Factor    : 1.00000 1.00000 
Shrink Factor                : 1.00000
PreRoute extraction is honoring NDR/Shielding/ExtraSpace for clock nets.
Using capacitance table file ...
Updating RC Grid density data for preRoute extraction ...
Initializing multi-corner resistance tables ...
PreRoute RC Extraction DONE (CPU Time: 0:00:00.0  Real Time: 0:00:00.0  MEM: 2973.051M)
**opt_design ... cpu = 0:00:20, real = 0:01:23, mem = 2973.0M, totSessionCpu=0:01:23 **
Starting delay calculation for Setup views
AAE_INFO: opIsDesignInPostRouteState() is 0
#################################################################################
# Design Stage: PreRoute
# Design Name: somador
# Design Mode: 45nm
# Analysis Mode: MMMC Non-OCV 
# Parasitics Mode: No SPEF/RCDB 
# Signoff Settings: SI Off 
#################################################################################
Calculate delays in BcWc mode...
Start delay calculation (fullDC) (1 T). (MEM=3010.98)
Total number of fetched objects 44
AAE_INFO: Total number of nets for which stage creation was skipped for all views 0
End delay calculation. (MEM=3016.91 CPU=0:00:00.0 REAL=0:00:00.0)
End delay calculation (fullDC). (MEM=3016.91 CPU=0:00:00.1 REAL=0:00:00.0)
*** Done Building Timing Graph (cpu=0:00:00.5 real=0:00:01.0 totSessionCpu=0:01:24 mem=3016.9M)
*** IncrReplace #1 [finish] (place_opt_design #1) : cpu/real = 0:00:02.1/0:00:12.6 (0.2), totSession cpu/real = 0:01:24.4/0:02:31.3 (0.6), mem = 3009.8M
*** Timing Is met
*** Check timing (0:00:00.0)
*** Timing Is met
*** Check timing (0:00:00.0)
*** Timing Is met
*** Check timing (0:00:00.0)
GigaOpt Checkpoint: Internal reclaim -numThreads 1 -customPhyUpdate -noGCompAndPhase -ensureOneAreaReclaim -force -svrReclaim -rtrShortNets -allowDegradingShortNetRemoval -preCTS -tgtSlackMult 2 -wtns -noRouteTypeResizePolish -noViewPrune -nativePathGroupFlow
Info: 2 ideal nets excluded from IPO operation.
Info: 1 clock net  excluded from IPO operation.
Begin: Area Reclaim Optimization
#InfoCS: Num dontuse cells 14, Num usable cells 570, Num real usable cells 569
*** AreaOpt #2 [begin] (place_opt_design #1) : totSession cpu/real = 0:01:24.7/0:02:31.6 (0.6), mem = 3011.2M
Reclaim Optimization WNS Slack 0.000  TNS Slack 0.000 Density 69.50
+---------+---------+--------+--------+------------+--------+
| Density | Commits |  WNS   |  TNS   |    Real    |  Mem   |
+---------+---------+--------+--------+------------+--------+
|   69.50%|        -|   0.000|   0.000|   0:00:00.0| 3011.3M|
|   69.50%|        0|   0.000|   0.000|   0:00:00.0| 3011.8M|
|   69.50%|        0|   0.000|   0.000|   0:00:00.0| 3012.1M|
|   69.50%|        0|   0.000|   0.000|   0:00:00.0| 3012.2M|
|   69.50%|        0|   0.000|   0.000|   0:00:00.0| 3012.2M|
+---------+---------+--------+--------+------------+--------+
Reclaim Optimization End WNS Slack 0.000  TNS Slack 0.000 Density 69.50
Bottom Preferred Layer:
    None
Via Pillar Rule:
    None

Number of times islegalLocAvaiable called = 0 skipped = 0, called in commitmove = 0, skipped in commitmove = 0
End: Core Area Reclaim Optimization (cpu = 0:00:00.5) (real = 0:00:00.0) **
*** Finished re-routing un-routed nets (3011.2M) ***

*** Finish Physical Update (cpu=0:00:00.1 real=0:00:00.0 mem=3009.5M) ***
*** AreaOpt #2 [finish] (place_opt_design #1) : cpu/real = 0:00:00.5/0:00:00.5 (1.0), totSession cpu/real = 0:01:25.2/0:02:32.1 (0.6), mem = 3009.5M
End: Area Reclaim Optimization (cpu=0:00:00, real=0:00:00, mem=3007.76M, totSessionCpu=0:01:25).
Begin: GigaOpt postEco DRV Optimization
GigaOpt Checkpoint: Internal optDRV -inPostEcoStage -smallScaleFixing -maxIter 3 -max_tran -max_cap -maxLocalDensity 0.98 -numThreads 1 -preRouteDontEndWithRefinePlaceIncrSteinerRouteDC -setupTNSCostFactor 1.0 -preCTS
*** DrvOpt #2 [begin] (place_opt_design #1) : totSession cpu/real = 0:01:25.7/0:02:32.7 (0.6), mem = 3012.4M
Info: 2 ideal nets excluded from IPO operation.
Info: 1 clock net  excluded from IPO operation.
#InfoCS: Num dontuse cells 14, Num usable cells 570, Num real usable cells 569
+-------------------------------------------------------------------------------------------------------------------------------------------------------+
|        max-tran       |        max-cap        |  max-fanout |  max-length |       setup       |        |        |        |       |          |         |
+-------------------------------------------------------------------------------------------------------------------------------------------------------+
| nets | terms|  wViol  | nets | terms|  wViol  | nets | terms| nets | terms|   WNS   |   TNS   |  #Buf  |  #Inv  | #Resize|Density|   Real   |   Mem   |
+-------------------------------------------------------------------------------------------------------------------------------------------------------+
|    17|    17|    -0.04|     0|     0|     0.00|     0|     0|     0|     0|     7.73|     0.00|       0|       0|       0| 69.50%|          |         |
|    17|    17|    -0.04|     0|     0|     0.00|     0|     0|     0|     0|     7.73|     0.00|       0|       0|       0| 69.50%| 0:00:00.0|  3014.3M|
+-------------------------------------------------------------------------------------------------------------------------------------------------------+
Bottom Preferred Layer:
    None
Via Pillar Rule:
    None


=======================================================================
                Reasons for remaining drv violations
=======================================================================
*info: Total 17 net(s) have violations which can't be fixed by DRV optimization.

MultiBuffering failure reasons
------------------------------------------------
*info:    17 net(s): Could not be fixed because the gain is not enough.

SingleBuffering failure reasons
------------------------------------------------
*info:    17 net(s): Could not be fixed because of the buffering solution introduces DRV degradation.


*** Finish DRV Fixing (cpu=0:00:00.4 real=0:00:00.0 mem=3014.3M) ***

*** DrvOpt #2 [finish] (place_opt_design #1) : cpu/real = 0:00:01.1/0:00:01.1 (1.0), totSession cpu/real = 0:01:26.8/0:02:33.8 (0.6), mem = 3011.6M
End: GigaOpt postEco DRV Optimization
**WARN: (IMPOPT-7329):	Skipping place_detail due to user configuration.
Register exp ratio and priority group on 0 nets on 44 nets : 

Active setup views:
 analysis_normal_slow_max
  Dominating endpoints: 0
  Dominating TNS: -0.000

Extraction called for design 'somador' of instances=17 and nets=46 using extraction engine 'pre_route' .
pre_route RC Extraction called for design somador.
RC Extraction called in multi-corner(2) mode.
RCMode: PreRoute
      RC Corner Indexes            0       1   
Capacitance Scaling Factor   : 1.00000 1.00000 
Resistance Scaling Factor    : 1.00000 1.00000 
Clock Cap. Scaling Factor    : 1.00000 1.00000 
Clock Res. Scaling Factor    : 1.00000 1.00000 
Shrink Factor                : 1.00000
PreRoute extraction is honoring NDR/Shielding/ExtraSpace for clock nets.
Using capacitance table file ...
Grid density data update skipped
Initializing multi-corner resistance tables ...
PreRoute RC Extraction DONE (CPU Time: 0:00:00.0  Real Time: 0:00:00.0  MEM: 3005.262M)
Skewing Data Summary (End_of_FINAL)

Skew summary for view analysis_normal_slow_max:
* Accumulated skew : count = 0

Starting delay calculation for Setup views
AAE_INFO: opIsDesignInPostRouteState() is 0
#################################################################################
# Design Stage: PreRoute
# Design Name: somador
# Design Mode: 45nm
# Analysis Mode: MMMC Non-OCV 
# Parasitics Mode: No SPEF/RCDB 
# Signoff Settings: SI Off 
#################################################################################
Calculate delays in BcWc mode...
Start delay calculation (fullDC) (1 T). (MEM=3026.68)
Total number of fetched objects 44
AAE_INFO: Total number of nets for which stage creation was skipped for all views 0
End delay calculation. (MEM=3027.66 CPU=0:00:00.0 REAL=0:00:00.0)
End delay calculation (fullDC). (MEM=3027.66 CPU=0:00:00.1 REAL=0:00:00.0)
*** Done Building Timing Graph (cpu=0:00:00.5 real=0:00:00.0 totSessionCpu=0:01:28 mem=3027.7M)
OPTC: user 20.0
Reported timing to dir ./timingReports
**opt_design ... cpu = 0:00:24, real = 0:01:29, mem = 3016.3M, totSessionCpu=0:01:28 **

OptSummary:

------------------------------------------------------------------
     opt_design Final Summary
------------------------------------------------------------------

Setup views included:
 analysis_normal_slow_max 

+--------------------+---------+---------+---------+
|     Setup mode     |   all   | reg2reg | default |
+--------------------+---------+---------+---------+
|           WNS (ns):|  7.727  |   N/A   |  7.727  |
|           TNS (ns):|  0.000  |   N/A   |  0.000  |
|    Violating Paths:|    0    |   N/A   |    0    |
|          All Paths:|   27    |   N/A   |   27    |
+--------------------+---------+---------+---------+

+----------------+-------------------------------+------------------+
|                |              Real             |       Total      |
|    DRVs        +------------------+------------+------------------|
|                |  Nr nets(terms)  | Worst Vio  |  Nr nets(terms)  |
+----------------+------------------+------------+------------------+
|   max_cap      |      0 (0)       |   0.000    |      0 (0)       |
|   max_tran     |      0 (0)       |   0.000    |      0 (0)       |
|   max_fanout   |      0 (0)       |     0      |      0 (0)       |
|   max_length   |      0 (0)       |     0      |      0 (0)       |
+----------------+------------------+------------+------------------+

Density: 69.500%
Routing Overflow: 0.00% H and 0.00% V
------------------------------------------------------------------
Begin: Collecting metrics
 ------------------------------------------------------------------------------------------------------------------------------------------------------- 
| Snapshot                | WNS                  | TNS                  | Density (%) | Hotspot                   | Resource               | DRVs       |
|                         | HEPG (ns) | ALL (ns) | HEPG (ns) | ALL (ns) |             | Max (bins) | Total (bins) | Real (s) | Memory (MB) | Tran | Cap |
|-------------------------+-----------+----------+-----------+----------+-------------+------------+--------------+----------+-------------+------+-----|
| initial_summary         |           |    7.724 |           |        0 |       69.50 |            |              | 0:00:01  |        2969 |    0 |   0 |
| simplify_netlist        |           |          |           |          |             |            |              | 0:00:03  |        2976 |      |     |
| drv_fixing              |           |          |           |          |             |            |              | 0:00:01  |        2977 |      |     |
| global_opt              |           |    7.724 |           |        0 |       69.50 |            |              | 0:00:03  |        2992 |      |     |
| area_reclaiming         |     0.000 |    7.724 |         0 |        0 |       69.50 |            |              | 0:00:02  |        2996 |      |     |
| incremental_replacement |           |          |           |          |             |       0.00 |         0.00 | 0:00:12  |        3010 |      |     |
| area_reclaiming_2       |     0.000 |    7.727 |         0 |        0 |       69.50 |            |              | 0:00:00  |        3008 |      |     |
| drv_eco_fixing          |     0.000 |    7.727 |         0 |        0 |       69.50 |            |              | 0:00:01  |        3010 |   17 |   0 |
| legalization            |           |          |           |          |             |            |              | 0:00:01  |        3010 |      |     |
| final_summary           |           |    7.727 |           |        0 |       69.50 |            |              | 0:00:02  |        3017 |    0 |   0 |
 ------------------------------------------------------------------------------------------------------------------------------------------------------- 
End: Collecting metrics
**opt_design ... cpu = 0:00:25, real = 0:01:31, mem = 3017.5M, totSessionCpu=0:01:29 **
*** Finished opt_design ***
      flow.cputime  flow.realtime  timing.setup.tns  timing.setup.wns  snapshot
UM:*                                                                   final
      flow.cputime  flow.realtime  timing.setup.tns  timing.setup.wns  snapshot
UM:*                                                                   opt_design_prects
Info: final physical memory for 0 CRR processes is 0.00MB.
Info: Summary of CRR changes:
      - Timing transform commits:       0
Disable CTE adjustment.
Disable Layer aware incrSKP.
#optDebug: fT-D <X 1 0 0 0>
**place_opt_design ... cpu = 0:00:31, real = 0:02:00, mem = 2909.9M **
*** Finished GigaPlace ***

*** Summary of all messages that are not suppressed in this session:
Severity  ID               Count  Summary                                  
WARNING   IMPOPT-7329          1  Skipping place_detail due to user config...
*** Message Summary: 1 warning(s), 0 error(s)

*** place_opt_design #1 [finish] () : cpu/real = 0:00:31.3/0:01:59.8 (0.3), totSession cpu/real = 0:01:29.5/0:02:56.4 (0.5), mem = 2909.9M
      flow.cputime  flow.realtime  timing.setup.tns  timing.setup.wns  snapshot
UM:*                                                                   place_opt_design
#% End place_opt_design (date=05/04 12:42:52, total cpu=0:00:31.6, real=0:02:00, peak res=3029.9M, current mem=2909.9M)
@@file 102: set_db extract_rc_engine pre_route
@@file 103: extract_rc
Extraction called for design 'somador' of instances=17 and nets=46 using extraction engine 'pre_route' .
pre_route RC Extraction called for design somador.
RC Extraction called in multi-corner(2) mode.
RCMode: PreRoute
      RC Corner Indexes            0       1   
Capacitance Scaling Factor   : 1.00000 1.00000 
Resistance Scaling Factor    : 1.00000 1.00000 
Clock Cap. Scaling Factor    : 1.00000 1.00000 
Clock Res. Scaling Factor    : 1.00000 1.00000 
Shrink Factor                : 1.00000
PreRoute extraction is honoring NDR/Shielding/ExtraSpace for clock nets.
Using capacitance table file ...
Grid density data update skipped
Initializing multi-corner resistance tables ...
PreRoute RC Extraction DONE (CPU Time: 0:00:00.0  Real Time: 0:00:00.0  MEM: 2909.887M)
@@file 104: set_db opt_drv_fix_max_cap true ;
@@file 104: set_db opt_drv_fix_max_tran true ;
@@file 104: set_db opt_fix_fanout_load false
@@file 105: opt_design -pre_cts
Executing: place_opt_design -opt
**INFO: User settings:
delaycal_enable_high_fanout                                    true
delaycal_enable_ideal_seq_async_pins                           false
delaycal_eng_enablepreplacedflow                               false
delaycal_ignore_net_load                                       false
delaycal_socv_accuracy_mode                                    low
setDelayCalMode -engine                                        aae
design_process_node                                            45
design_top_routing_layer                                       11
extract_rc_coupling_cap_threshold                              0.1
extract_rc_engine                                              pre_route
extract_rc_relative_cap_threshold                              1.0
extract_rc_total_cap_threshold                                 0.0
opt_drv                                                        true
opt_drv_fix_max_cap                                            true
opt_drv_fix_max_tran                                           true
opt_drv_margin                                                 0.0
opt_fix_fanout_load                                            false
opt_resize_flip_flops                                          true
opt_setup_target_slack                                         0.0
opt_view_pruning_hold_views_active_list                        { analysis_normal_fast_min }
opt_view_pruning_setup_views_active_list                       { analysis_normal_slow_max }
opt_view_pruning_setup_views_persistent_list                   { analysis_normal_slow_max}
opt_view_pruning_tdgr_setup_views_persistent_list              { analysis_normal_slow_max}
getDelayCalMode -engine                                        aae
get_power_analysis_mode -report_power_quiet                    false
Info: Logic Synthesis step was not run from RTL in this session / on this DB.
Info: Synthesize design with physical option was not run earlier in this session / on this DB.
Info: place_opt_design is not being run for the first time in this session
Info: place_opt_design has been started with standard effort
Checking for testpoints in the design....
Info: There is no testpoint present in the design. Skipping physical test point optimization.

*** place_opt_design #2 [begin] () : totSession cpu/real = 0:01:30.0/0:02:56.8 (0.5), mem = 2900.3M
*** Starting GigaPlace ***
There is no track adjustment
Starting place_opt_design V2 flow
#optDebug: fT-E <X 2 3 1 0>
*** GlobalPlace #1 [begin] (place_opt_design #2) : totSession cpu/real = 0:01:30.0/0:02:56.9 (0.5), mem = 2877.7M
*** GlobalPlace #1 [finish] (place_opt_design #2) : cpu/real = 0:00:00.0/0:00:00.0 (0.0), totSession cpu/real = 0:01:30.0/0:02:56.9 (0.5), mem = 2877.7M
Enable CTE adjustment.
Enable Layer aware incrSKP.
**opt_design ... cpu = 0:00:00, real = 0:00:00, mem = 2877.7M, totSessionCpu=0:01:30 **
GigaOpt running with 1 threads.
*** InitOpt #1 [begin] (place_opt_design #2) : totSession cpu/real = 0:01:30.1/0:02:57.0 (0.5), mem = 2877.7M
**INFO: set_db design_flow_effort standard -> setting 'set_db opt_all_end_points true' for the duration of this command.
fast slow
Info: Using SynthesisEngine executable '/home/tools/cadence/installs/DDI251/INNOVUS251/bin/innovus_'.
      SynthesisEngine workers will not check out additional licenses.
**opt_design ... cpu = 0:00:03, real = 0:00:51, mem = 2985.5M, totSessionCpu=0:01:33 **
#optDebug: { P: 45 W: 3195 FE: standard PE: none LDR: 1}
*** opt_design -pre_cts ***
DRC Margin: user margin 0.0; extra margin 0.2
Setup Target Slack: user slack 0; extra slack 0.0
Hold Target Slack: user slack 0
Multi-VT timing optimization disabled based on library information.
**INFO: Using Advanced Metric Collection system.
[NR-eGR] Started Early Global Route ( Curr Mem: 2769.59 MB )
[NR-eGR] Started Early Global Route kernel ( Curr Mem: 2769.59 MB )
[NR-eGR] Early global route reroute all routable nets
[NR-eGR] Track table information for default rule: 
[NR-eGR] Metal1 has single uniform track structure
[NR-eGR] Metal2 has single uniform track structure
[NR-eGR] Metal3 has single uniform track structure
[NR-eGR] Metal4 has single uniform track structure
[NR-eGR] Metal5 has single uniform track structure
[NR-eGR] Metal6 has single uniform track structure
[NR-eGR] Metal7 has single uniform track structure
[NR-eGR] Metal8 has single uniform track structure
[NR-eGR] Metal9 has single uniform track structure
[NR-eGR] Metal10 has single uniform track structure
[NR-eGR] Metal11 has single uniform track structure
[NR-eGR] Read 703 PG shapes
[NR-eGR] Read 0 clock shapes
[NR-eGR] Read 0 other shapes
[NR-eGR] #Routing Blockages  : 0
[NR-eGR] #Bump Blockages     : 0
[NR-eGR] #Instance Blockages : 0
[NR-eGR] #PG Blockages       : 703
[NR-eGR] #Halo Blockages     : 0
[NR-eGR] #Boundary Blockages : 0
[NR-eGR] #Clock Blockages    : 0
[NR-eGR] #Other Blockages    : 0
[NR-eGR] #prerouted nets         : 0
[NR-eGR] #prerouted special nets : 0
[NR-eGR] #prerouted wires        : 0
[NR-eGR] Read 44 nets ( ignored 0 )
[NR-eGR] Handle net priority by net group ordering
[NR-eGR] There are 1 clock nets ( 0 with NDR ).
[NR-eGR] == Routing rule table ==
[NR-eGR]  ID  Name       #Nets 
[NR-eGR] ----------------------
[NR-eGR]   0  (Default)     44 
[NR-eGR] Layer group 1: route 44 net(s) in layer range [2, 11]
[NR-eGR] Early Global Route overflow of layer group 1: 0.00% H + 0.00% V. EstWL: 4.446000e+02um
[NR-eGR] Congestion Analysis By layer: (blocked Gcells are excluded) 
[NR-eGR]                        OverCon            
[NR-eGR]                         #Gcell     %Gcell
[NR-eGR]        Layer             (1-0)    OverCon
[NR-eGR] ----------------------------------------------
[NR-eGR]  Metal1 ( 1)         0( 0.00%)   ( 0.00%) 
[NR-eGR]  Metal2 ( 2)         0( 0.00%)   ( 0.00%) 
[NR-eGR]  Metal3 ( 3)         0( 0.00%)   ( 0.00%) 
[NR-eGR]  Metal4 ( 4)         0( 0.00%)   ( 0.00%) 
[NR-eGR]  Metal5 ( 5)         0( 0.00%)   ( 0.00%) 
[NR-eGR]  Metal6 ( 6)         0( 0.00%)   ( 0.00%) 
[NR-eGR]  Metal7 ( 7)         0( 0.00%)   ( 0.00%) 
[NR-eGR]  Metal8 ( 8)         0( 0.00%)   ( 0.00%) 
[NR-eGR]  Metal9 ( 9)         0( 0.00%)   ( 0.00%) 
[NR-eGR] Metal10 (10)         0( 0.00%)   ( 0.00%) 
[NR-eGR] Metal11 (11)         0( 0.00%)   ( 0.00%) 
[NR-eGR] ----------------------------------------------
[NR-eGR]        Total         0( 0.00%)   ( 0.00%) 
[NR-eGR] 
[NR-eGR] Overflow after Early Global Route 0.00% H + 0.00% V
[NR-eGR] Connected 0 must-join pins/ports (post-process)
[NR-eGR] Total eGR-routed clock nets wire length: 32um, number of vias: 31
[NR-eGR] --------------------------------------------------------------------------
[NR-eGR]                  Length (um)  Vias 
[NR-eGR] -----------------------------------
[NR-eGR]  Metal1   (1H)             0   104 
[NR-eGR]  Metal2   (2V)           217   143 
[NR-eGR]  Metal3   (3H)           266     0 
[NR-eGR]  Metal4   (4V)             0     0 
[NR-eGR]  Metal5   (5H)             0     0 
[NR-eGR]  Metal6   (6V)             0     0 
[NR-eGR]  Metal7   (7H)             0     0 
[NR-eGR]  Metal8   (8V)             0     0 
[NR-eGR]  Metal9   (9H)             0     0 
[NR-eGR]  Metal10  (10V)            0     0 
[NR-eGR]  Metal11  (11H)            0     0 
[NR-eGR] -----------------------------------
[NR-eGR]           Total          482   247 
[NR-eGR] --------------------------------------------------------------------------
[NR-eGR] Total half perimeter of net bounding box: 448um
[NR-eGR] Total length: 482um, number of vias: 247
[NR-eGR] --------------------------------------------------------------------------
[NR-eGR] Finished Early Global Route kernel ( CPU: 0.07 sec, Real: 5.11 sec, Curr Mem: 2770.21 MB )
[NR-eGR] Finished Early Global Route ( CPU: 0.08 sec, Real: 5.12 sec, Curr Mem: 2770.21 MB )
Updating RC Grid density data for preRoute extraction ...
Initializing multi-corner resistance tables ...
Extraction called for design 'somador' of instances=17 and nets=46 using extraction engine 'pre_route' .
pre_route RC Extraction called for design somador.
RC Extraction called in multi-corner(2) mode.
RCMode: PreRoute
      RC Corner Indexes            0       1   
Capacitance Scaling Factor   : 1.00000 1.00000 
Resistance Scaling Factor    : 1.00000 1.00000 
Clock Cap. Scaling Factor    : 1.00000 1.00000 
Clock Res. Scaling Factor    : 1.00000 1.00000 
Shrink Factor                : 1.00000
PreRoute extraction is honoring NDR/Shielding/ExtraSpace for clock nets.
Using capacitance table file ...
Updating RC Grid density data for preRoute extraction ...
Initializing multi-corner resistance tables ...
PreRoute RC Extraction DONE (CPU Time: 0:00:00.0  Real Time: 0:00:00.0  MEM: 2985.762M)
Starting delay calculation for Setup views
AAE_INFO: opIsDesignInPostRouteState() is 0
#################################################################################
# Design Stage: PreRoute
# Design Name: somador
# Design Mode: 45nm
# Analysis Mode: MMMC Non-OCV 
# Parasitics Mode: No SPEF/RCDB 
# Signoff Settings: SI Off 
#################################################################################
Calculate delays in BcWc mode...
Start delay calculation (fullDC) (1 T). (MEM=3021.44)
Total number of fetched objects 44
AAE_INFO: Total number of nets for which stage creation was skipped for all views 0
End delay calculation. (MEM=3028.58 CPU=0:00:00.0 REAL=0:00:00.0)
End delay calculation (fullDC). (MEM=3028.58 CPU=0:00:00.1 REAL=0:00:00.0)
*** Done Building Timing Graph (cpu=0:00:00.6 real=0:00:01.0 totSessionCpu=0:01:36 mem=3030.9M)

OptSummary:

------------------------------------------------------------------
             Initial Summary
------------------------------------------------------------------

Setup views included:
 analysis_normal_slow_max 

+--------------------+---------+
|     Setup mode     |   all   |
+--------------------+---------+
|           WNS (ns):|  7.727  |
|           TNS (ns):|  0.000  |
|    Violating Paths:|    0    |
|          All Paths:|   27    |
+--------------------+---------+

+----------------+-------------------------------+------------------+
|                |              Real             |       Total      |
|    DRVs        +------------------+------------+------------------|
|                |  Nr nets(terms)  | Worst Vio  |  Nr nets(terms)  |
+----------------+------------------+------------+------------------+
|   max_cap      |      0 (0)       |   0.000    |      0 (0)       |
|   max_tran     |      0 (0)       |   0.000    |      0 (0)       |
|   max_fanout   |      0 (0)       |     0      |      0 (0)       |
|   max_length   |      0 (0)       |     0      |      0 (0)       |
+----------------+------------------+------------+------------------+

Density: 69.500%
------------------------------------------------------------------
**opt_design ... cpu = 0:00:06, real = 0:00:59, mem = 3015.6M, totSessionCpu=0:01:36 **
*** InitOpt #1 [finish] (place_opt_design #2) : cpu/real = 0:00:06.0/0:00:59.2 (0.1), totSession cpu/real = 0:01:36.1/0:03:56.1 (0.4), mem = 3015.6M
** INFO : this run is activating medium effort placeOptDesign flow
*** ExcludedClockNetOpt #1 [begin] (place_opt_design #2) : totSession cpu/real = 0:01:36.2/0:03:56.2 (0.4), mem = 3015.5M
*** Starting optimizing excluded clock nets MEM= 3015.5M) ***
*info: No excluded clock nets to be optimized.
*** Finished optimizing excluded clock nets (CPU Time= 0:00:00.0  MEM= 3015.5M) ***
*** ExcludedClockNetOpt #1 [finish] (place_opt_design #2) : cpu/real = 0:00:00.0/0:00:00.0 (0.0), totSession cpu/real = 0:01:36.2/0:03:56.2 (0.4), mem = 3015.5M
GigaOpt Checkpoint: Internal congRefineRouteType -preCTS -congThreshold 0.001 -rescheduleForCongestion -resetVeryShortNets -resetShortNets -useSpineBased -rescheduleForAdherence -aggressiveCongestionMode
Begin: GigaOpt Route Type Constraints Refinement
*** CongRefineRouteType #1 [begin] (place_opt_design #2) : totSession cpu/real = 0:01:36.2/0:03:56.2 (0.4), mem = 3015.6M
Updated routing constraints on 0 nets.
Bottom Preferred Layer:
    None
Via Pillar Rule:
    None
*** CongRefineRouteType #1 [finish] (place_opt_design #2) : cpu/real = 0:00:00.0/0:00:00.0 (2.8), totSession cpu/real = 0:01:36.3/0:03:56.2 (0.4), mem = 3015.6M
End: GigaOpt Route Type Constraints Refinement
The useful skew maximum allowed delay is: 0.3
*** SimplifyNetlist #1 [begin] (place_opt_design #2) : totSession cpu/real = 0:01:36.6/0:03:56.7 (0.4), mem = 3018.9M
Info: 2 ideal nets excluded from IPO operation.
Info: 1 clock net  excluded from IPO operation.

Netlist preparation processing... 
Removed 0 instance
*info: Marking 0 isolation instances dont touch
*info: Marking 0 level shifter instances dont touch
*** SimplifyNetlist #1 [finish] (place_opt_design #2) : cpu/real = 0:00:01.8/0:00:01.9 (1.0), totSession cpu/real = 0:01:38.4/0:03:58.6 (0.4), mem = 3015.7M
Running new flow changes for HFN
Begin: GigaOpt high fanout net optimization
GigaOpt HFN: use maxLocalDensity 1.2
GigaOpt Checkpoint: Internal optDRV -useLevelizedBufferTreeOnly -auxMaxFanoutCountLimit 500 -largeScaleFixing -maxIter 1 -maxLocalDensity 1.2 -numThreads 1 -preCTS -preRouteDontEndWithRefinePlaceIncrSteinerRouteDC
*** DrvOpt #1 [begin] (place_opt_design #2) : totSession cpu/real = 0:01:38.7/0:03:58.8 (0.4), mem = 3015.7M
Info: 2 ideal nets excluded from IPO operation.
Info: 1 clock net  excluded from IPO operation.
*** DrvOpt #1 [finish] (place_opt_design #2) : cpu/real = 0:00:00.9/0:00:00.8 (1.1), totSession cpu/real = 0:01:39.6/0:03:59.7 (0.4), mem = 3015.4M
GigaOpt HFN: restore maxLocalDensity to 0.98
End: GigaOpt high fanout net optimization

Active setup views:
 analysis_normal_slow_max
  Dominating endpoints: 0
  Dominating TNS: -0.000

Begin: GigaOpt Global Optimization
*info: use new DP (enabled)
GigaOpt Checkpoint: Internal globalOpt -maxLocalDensity 1.2 -numThreads 1 -preCTS -rebufferAll -preRouteDontEndWithRefinePlaceIncrSteinerRouteDC -enableHighLayerOpt -maxIter 50 -maxIterForLEPG 50
Info: 2 ideal nets excluded from IPO operation.
Info: 1 clock net  excluded from IPO operation.
*** GlobalOpt #1 [begin] (place_opt_design #2) : totSession cpu/real = 0:01:39.9/0:04:00.0 (0.4), mem = 3015.6M
*info: 1 clock net excluded
*info: 2 ideal nets excluded from IPO operation.
#InfoCS: Num dontuse cells 14, Num usable cells 570, Num real usable cells 569
** GigaOpt Global Opt WNS Slack 0.000  TNS Slack 0.000 
+--------+--------+---------+------------+--------+------------------------+---------+--------------------+
|  WNS   |  TNS   | Density |    Real    |  Mem   |       Worst View       |Pathgroup|     End Point      |
+--------+--------+---------+------------+--------+------------------------+---------+--------------------+
|   0.000|   0.000|   69.50%|   0:00:00.0| 3022.3M|analysis_normal_slow_max|       NA| NA                 |
+--------+--------+---------+------------+--------+------------------------+---------+--------------------+

*** Finish pre-CTS Global Setup Fixing (cpu=0:00:00.0 real=0:00:00.0 mem=3022.3M) ***

*** Finish pre-CTS Setup Fixing (cpu=0:00:00.0 real=0:00:00.0 mem=3022.3M) ***
Bottom Preferred Layer:
    None
Via Pillar Rule:
    None
** GigaOpt Global Opt End WNS Slack 0.000  TNS Slack 0.000 
*** GlobalOpt #1 [finish] (place_opt_design #2) : cpu/real = 0:00:02.3/0:00:02.3 (1.0), totSession cpu/real = 0:01:42.2/0:04:02.3 (0.4), mem = 3019.1M
End: GigaOpt Global Optimization
*** Timing Is met
*** Check timing (0:00:00.0)
GigaOpt Checkpoint: Internal reclaim -numThreads 1 -preCTS -force -doRemoveUselessTerm -tgtSlackMult 3 -routeType -noRouteTypeResizePolish -noViewPrune -weedwhack -nonLegal -nativePathGroupFlow -SimpCCIn -GCompAndPhase
Info: 2 ideal nets excluded from IPO operation.
Info: 1 clock net  excluded from IPO operation.
Begin: Area Reclaim Optimization
#InfoCS: Num dontuse cells 14, Num usable cells 570, Num real usable cells 569
*** AreaOpt #1 [begin] (place_opt_design #2) : totSession cpu/real = 0:01:42.6/0:04:02.7 (0.4), mem = 3017.4M
Reclaim Optimization WNS Slack 0.000  TNS Slack 0.000 Density 69.50
+---------+---------+--------+--------+------------+--------+
| Density | Commits |  WNS   |  TNS   |    Real    |  Mem   |
+---------+---------+--------+--------+------------+--------+
|   69.50%|        -|   0.000|   0.000|   0:00:00.0| 3021.8M|
|   69.50%|        0|   0.000|   0.000|   0:00:00.0| 3022.4M|
|   69.50%|        0|   0.000|   0.000|   0:00:00.0| 3022.7M|
|   69.50%|        0|   0.000|   0.000|   0:00:00.0| 3022.7M|
|   69.50%|        0|   0.000|   0.000|   0:00:00.0| 3022.7M|
|   69.50%|        0|   0.000|   0.000|   0:00:00.0| 3022.7M|
+---------+---------+--------+--------+------------+--------+
Reclaim Optimization End WNS Slack 0.000  TNS Slack 0.000 Density 69.50
Bottom Preferred Layer:
    None
Via Pillar Rule:
    None

Number of times islegalLocAvaiable called = 0 skipped = 0, called in commitmove = 0, skipped in commitmove = 0
End: Core Area Reclaim Optimization (cpu = 0:00:01.6) (real = 0:00:01.0) **
*** AreaOpt #1 [finish] (place_opt_design #2) : cpu/real = 0:00:01.6/0:00:01.6 (1.0), totSession cpu/real = 0:01:44.2/0:04:04.3 (0.4), mem = 3022.7M
Executing incremental physical updates
Executing incremental physical updates
End: Area Reclaim Optimization (cpu=0:00:02, real=0:00:02, mem=3021.77M, totSessionCpu=0:01:44).
*** IncrReplace #1 [begin] (place_opt_design #2) : totSession cpu/real = 0:01:44.5/0:04:04.8 (0.4), mem = 3021.8M

*** Start incrementalPlace ***
No Views given, use default active views for adaptive view pruning
Active views:
  analysis_normal_slow_max
[NR-eGR] Started Early Global Route kernel ( Curr Mem: 2837.36 MB )
[NR-eGR] Early global route reroute all routable nets
[NR-eGR] Track table information for default rule: 
[NR-eGR] Metal1 has single uniform track structure
[NR-eGR] Metal2 has single uniform track structure
[NR-eGR] Metal3 has single uniform track structure
[NR-eGR] Metal4 has single uniform track structure
[NR-eGR] Metal5 has single uniform track structure
[NR-eGR] Metal6 has single uniform track structure
[NR-eGR] Metal7 has single uniform track structure
[NR-eGR] Metal8 has single uniform track structure
[NR-eGR] Metal9 has single uniform track structure
[NR-eGR] Metal10 has single uniform track structure
[NR-eGR] Metal11 has single uniform track structure
[NR-eGR] Read 703 PG shapes
[NR-eGR] Read 0 clock shapes
[NR-eGR] Read 0 other shapes
[NR-eGR] #Routing Blockages  : 0
[NR-eGR] #Bump Blockages     : 0
[NR-eGR] #Instance Blockages : 0
[NR-eGR] #PG Blockages       : 703
[NR-eGR] #Halo Blockages     : 0
[NR-eGR] #Boundary Blockages : 0
[NR-eGR] #Clock Blockages    : 0
[NR-eGR] #Other Blockages    : 0
[NR-eGR] #prerouted nets         : 0
[NR-eGR] #prerouted special nets : 0
[NR-eGR] #prerouted wires        : 0
[NR-eGR] Read 44 nets ( ignored 0 )
[NR-eGR] Handle net priority by net group ordering
[NR-eGR] There are 1 clock nets ( 0 with NDR ).
[NR-eGR] == Routing rule table ==
[NR-eGR]  ID  Name       #Nets 
[NR-eGR] ----------------------
[NR-eGR]   0  (Default)     44 
[NR-eGR] Layer group 1: route 44 net(s) in layer range [2, 11]
[NR-eGR] Early Global Route overflow of layer group 1: 0.00% H + 0.00% V. EstWL: 4.446000e+02um
[NR-eGR] Congestion Analysis By layer: (blocked Gcells are excluded) 
[NR-eGR]                        OverCon            
[NR-eGR]                         #Gcell     %Gcell
[NR-eGR]        Layer             (1-0)    OverCon
[NR-eGR] ----------------------------------------------
[NR-eGR]  Metal1 ( 1)         0( 0.00%)   ( 0.00%) 
[NR-eGR]  Metal2 ( 2)         0( 0.00%)   ( 0.00%) 
[NR-eGR]  Metal3 ( 3)         0( 0.00%)   ( 0.00%) 
[NR-eGR]  Metal4 ( 4)         0( 0.00%)   ( 0.00%) 
[NR-eGR]  Metal5 ( 5)         0( 0.00%)   ( 0.00%) 
[NR-eGR]  Metal6 ( 6)         0( 0.00%)   ( 0.00%) 
[NR-eGR]  Metal7 ( 7)         0( 0.00%)   ( 0.00%) 
[NR-eGR]  Metal8 ( 8)         0( 0.00%)   ( 0.00%) 
[NR-eGR]  Metal9 ( 9)         0( 0.00%)   ( 0.00%) 
[NR-eGR] Metal10 (10)         0( 0.00%)   ( 0.00%) 
[NR-eGR] Metal11 (11)         0( 0.00%)   ( 0.00%) 
[NR-eGR] ----------------------------------------------
[NR-eGR]        Total         0( 0.00%)   ( 0.00%) 
[NR-eGR] 
[NR-eGR] Overflow after Early Global Route 0.00% H + 0.00% V
[NR-eGR] Finished Early Global Route kernel ( CPU: 0.07 sec, Real: 10.12 sec, Curr Mem: 2838.19 MB )
Early Global Route congestion estimation runtime: 10.13 seconds, mem = 3022.4M
Local HotSpot Analysis: normalized max congestion hotspot area = 0.00, normalized total congestion hotspot area = 0.00 (area is in unit of 4 std-cell row bins)

=== incrementalPlace Internal Loop 1 ===
      flow.cputime  flow.realtime  timing.setup.tns  timing.setup.wns  snapshot
UM:*                                                                   incrNP_iter_start
[spp] 0
*** Finished SKP initialization (cpu=0:00:00.0, real=0:00:00.0)***
SKP will use view:
  analysis_normal_slow_max
Iteration  4: Total net bbox = 4.027e+02 (2.20e+02 1.82e+02)
              Est.  stn bbox = 4.170e+02 (2.26e+02 1.91e+02)
              cpu = 0:00:00.1 real = 0:00:00.0 mem = 3027.9M
Iteration  5: Total net bbox = 4.208e+02 (2.27e+02 1.93e+02)
              Est.  stn bbox = 4.354e+02 (2.33e+02 2.03e+02)
              cpu = 0:00:00.1 real = 0:00:00.0 mem = 3027.8M
Iteration  6: Total net bbox = 4.196e+02 (2.26e+02 1.93e+02)
              Est.  stn bbox = 4.340e+02 (2.31e+02 2.03e+02)
              cpu = 0:00:00.1 real = 0:00:00.0 mem = 3029.6M
Move report: Timing Driven Placement moved 17 insts, mean move: 1.73 um, max move: 5.09 um 
	Max move on inst (g600__8428): (3.00, 9.50) --> (3.02, 14.57)

Finished Incremental Placement (cpu=0:00:00.6, real=0:00:01.0, mem=3028.8M)
Begin: Reorder Scan Chains
End: Reorder Scan Chains
*** Starting place_detail (0:01:45 mem=3027.4M) ***
Total net bbox length = 4.598e+02 (2.623e+02 1.975e+02) (ext = 2.957e+02)
Move report: Detail placement moved 17 insts, mean move: 0.34 um, max move: 0.82 um 
	Max move on inst (sum_temp_reg[5]): (3.30, 7.07) --> (3.40, 7.79)
	Runtime: CPU: 0:00:00.0 REAL: 0:00:00.0 MEM: 3026.2MB
Summary Report:
Instances moved: 17 (out of 17 movable)
Instances flipped: 0
Mean displacement: 0.34 um
Max displacement: 0.82 um (Instance: sum_temp_reg[5]) (3.3025, 7.0695) -> (3.4, 7.79)
	Length: 33 sites, height: 1 rows, site name: CoreSite, cell type: DFFRHQX8
Physical-only instances moved: 0 (out of 0 movable physical-only)
Total net bbox length = 4.608e+02 (2.628e+02 1.979e+02) (ext = 2.962e+02)
Runtime: CPU: 0:00:00.1 REAL: 0:00:00.0 MEM: 3026.2MB
*** Finished place_detail (0:01:45 mem=3026.2M) ***
[NR-eGR] Early global route reroute all routable nets
[NR-eGR] Track table information for default rule: 
[NR-eGR] Metal1 has single uniform track structure
[NR-eGR] Metal2 has single uniform track structure
[NR-eGR] Metal3 has single uniform track structure
[NR-eGR] Metal4 has single uniform track structure
[NR-eGR] Metal5 has single uniform track structure
[NR-eGR] Metal6 has single uniform track structure
[NR-eGR] Metal7 has single uniform track structure
[NR-eGR] Metal8 has single uniform track structure
[NR-eGR] Metal9 has single uniform track structure
[NR-eGR] Metal10 has single uniform track structure
[NR-eGR] Metal11 has single uniform track structure
[NR-eGR] Read 0 clock shapes
[NR-eGR] Read 0 other shapes
[NR-eGR] #Routing Blockages  : 0
[NR-eGR] #Bump Blockages     : 0
[NR-eGR] #Instance Blockages : 0
[NR-eGR] #PG Blockages       : 703
[NR-eGR] #Halo Blockages     : 0
[NR-eGR] #Boundary Blockages : 0
[NR-eGR] #Clock Blockages    : 0
[NR-eGR] #Other Blockages    : 0
[NR-eGR] #prerouted nets         : 0
[NR-eGR] #prerouted special nets : 0
[NR-eGR] #prerouted wires        : 0
[NR-eGR] Read 44 nets ( ignored 0 )
[NR-eGR] Handle net priority by net group ordering
[NR-eGR] There are 1 clock nets ( 0 with NDR ).
[NR-eGR] == Routing rule table ==
[NR-eGR]  ID  Name       #Nets 
[NR-eGR] ----------------------
[NR-eGR]   0  (Default)     44 
[NR-eGR] Layer group 1: route 44 net(s) in layer range [2, 11]
[NR-eGR] Early Global Route overflow of layer group 1: 0.00% H + 0.00% V. EstWL: 4.514400e+02um
[NR-eGR] Congestion Analysis By layer: (blocked Gcells are excluded) 
[NR-eGR]                        OverCon            
[NR-eGR]                         #Gcell     %Gcell
[NR-eGR]        Layer             (1-0)    OverCon
[NR-eGR] ----------------------------------------------
[NR-eGR]  Metal1 ( 1)         0( 0.00%)   ( 0.00%) 
[NR-eGR]  Metal2 ( 2)         0( 0.00%)   ( 0.00%) 
[NR-eGR]  Metal3 ( 3)         0( 0.00%)   ( 0.00%) 
[NR-eGR]  Metal4 ( 4)         0( 0.00%)   ( 0.00%) 
[NR-eGR]  Metal5 ( 5)         0( 0.00%)   ( 0.00%) 
[NR-eGR]  Metal6 ( 6)         0( 0.00%)   ( 0.00%) 
[NR-eGR]  Metal7 ( 7)         0( 0.00%)   ( 0.00%) 
[NR-eGR]  Metal8 ( 8)         0( 0.00%)   ( 0.00%) 
[NR-eGR]  Metal9 ( 9)         0( 0.00%)   ( 0.00%) 
[NR-eGR] Metal10 (10)         0( 0.00%)   ( 0.00%) 
[NR-eGR] Metal11 (11)         0( 0.00%)   ( 0.00%) 
[NR-eGR] ----------------------------------------------
[NR-eGR]        Total         0( 0.00%)   ( 0.00%) 
[NR-eGR] 
[NR-eGR] Overflow after Early Global Route 0.00% H + 0.00% V
[NR-eGR] Finished Early Global Route kernel ( CPU: 0.08 sec, Real: 11.06 sec, Curr Mem: 2847.04 MB )
Early Global Route congestion estimation runtime: 11.07 seconds, mem = 3026.2M
Local HotSpot Analysis: normalized max congestion hotspot area = 0.00, normalized total congestion hotspot area = 0.00 (area is in unit of 4 std-cell row bins)
[NR-eGR] Connected 0 must-join pins/ports (post-process)
[NR-eGR] Total eGR-routed clock nets wire length: 29um, number of vias: 25
[NR-eGR] --------------------------------------------------------------------------
[NR-eGR]                  Length (um)  Vias 
[NR-eGR] -----------------------------------
[NR-eGR]  Metal1   (1H)             0   104 
[NR-eGR]  Metal2   (2V)           221   132 
[NR-eGR]  Metal3   (3H)           267     0 
[NR-eGR]  Metal4   (4V)             0     0 
[NR-eGR]  Metal5   (5H)             0     0 
[NR-eGR]  Metal6   (6V)             0     0 
[NR-eGR]  Metal7   (7H)             0     0 
[NR-eGR]  Metal8   (8V)             0     0 
[NR-eGR]  Metal9   (9H)             0     0 
[NR-eGR]  Metal10  (10V)            0     0 
[NR-eGR]  Metal11  (11H)            0     0 
[NR-eGR] -----------------------------------
[NR-eGR]           Total          487   236 
[NR-eGR] --------------------------------------------------------------------------
[NR-eGR] Total half perimeter of net bounding box: 461um
[NR-eGR] Total length: 487um, number of vias: 236
[NR-eGR] --------------------------------------------------------------------------
Early Global Route wiring runtime: 0.29 seconds, mem = 2995.1M
[hotspot] +------------+---------------+---------------+
[hotspot] |            |   max hotspot | total hotspot |
[hotspot] +------------+---------------+---------------+
[hotspot] | normalized |          0.00 |          0.00 |
[hotspot] +------------+---------------+---------------+
Local HotSpot Analysis: normalized max congestion hotspot area = 0.00, normalized total congestion hotspot area = 0.00 (area is in unit of 4 std-cell row bins)
[hotspot] Hotspot report including placement blocked areas
[hotspot] +------------+---------------+---------------+
[hotspot] |            |   max hotspot | total hotspot |
[hotspot] +------------+---------------+---------------+
[hotspot] | normalized |          0.00 |          0.00 |
[hotspot] +------------+---------------+---------------+
Local HotSpot Analysis (blockage included): normalized max congestion hotspot area = 0.00, normalized total congestion hotspot area = 0.00 (area is in unit of 4 std-cell row bins)
0 delay mode for cte disabled.

*** Finished incrementalPlace (cpu=0:00:01.2, real=0:00:22.0)***
Start to check current routing status for nets...
All nets are already routed correctly.
End to check current routing status for nets (mem=2992.7M)
Extraction called for design 'somador' of instances=17 and nets=46 using extraction engine 'pre_route' .
pre_route RC Extraction called for design somador.
RC Extraction called in multi-corner(2) mode.
RCMode: PreRoute
      RC Corner Indexes            0       1   
Capacitance Scaling Factor   : 1.00000 1.00000 
Resistance Scaling Factor    : 1.00000 1.00000 
Clock Cap. Scaling Factor    : 1.00000 1.00000 
Clock Res. Scaling Factor    : 1.00000 1.00000 
Shrink Factor                : 1.00000
PreRoute extraction is honoring NDR/Shielding/ExtraSpace for clock nets.
Using capacitance table file ...
Updating RC Grid density data for preRoute extraction ...
Initializing multi-corner resistance tables ...
PreRoute RC Extraction DONE (CPU Time: 0:00:00.0  Real Time: 0:00:00.0  MEM: 2992.703M)
**opt_design ... cpu = 0:00:16, real = 0:01:31, mem = 2992.8M, totSessionCpu=0:01:46 **
Starting delay calculation for Setup views
AAE_INFO: opIsDesignInPostRouteState() is 0
#################################################################################
# Design Stage: PreRoute
# Design Name: somador
# Design Mode: 45nm
# Analysis Mode: MMMC Non-OCV 
# Parasitics Mode: No SPEF/RCDB 
# Signoff Settings: SI Off 
#################################################################################
Calculate delays in BcWc mode...
Start delay calculation (fullDC) (1 T). (MEM=3028.95)
Total number of fetched objects 44
AAE_INFO: Total number of nets for which stage creation was skipped for all views 0
End delay calculation. (MEM=3033.26 CPU=0:00:00.0 REAL=0:00:00.0)
End delay calculation (fullDC). (MEM=3033.26 CPU=0:00:00.1 REAL=0:00:00.0)
*** Done Building Timing Graph (cpu=0:00:00.4 real=0:00:00.0 totSessionCpu=0:01:46 mem=3033.3M)
*** IncrReplace #1 [finish] (place_opt_design #2) : cpu/real = 0:00:02.4/0:00:24.3 (0.1), totSession cpu/real = 0:01:46.9/0:04:29.1 (0.4), mem = 3026.1M
*** Timing Is met
*** Check timing (0:00:00.0)
*** Timing Is met
*** Check timing (0:00:00.0)
*** Timing Is met
*** Check timing (0:00:00.0)
GigaOpt Checkpoint: Internal reclaim -numThreads 1 -customPhyUpdate -noGCompAndPhase -ensureOneAreaReclaim -force -svrReclaim -rtrShortNets -allowDegradingShortNetRemoval -preCTS -tgtSlackMult 2 -wtns -noRouteTypeResizePolish -noViewPrune -nativePathGroupFlow
Info: 2 ideal nets excluded from IPO operation.
Info: 1 clock net  excluded from IPO operation.
Begin: Area Reclaim Optimization
#InfoCS: Num dontuse cells 14, Num usable cells 570, Num real usable cells 569
*** AreaOpt #2 [begin] (place_opt_design #2) : totSession cpu/real = 0:01:47.2/0:04:29.3 (0.4), mem = 3027.2M
Reclaim Optimization WNS Slack 0.000  TNS Slack 0.000 Density 69.50
+---------+---------+--------+--------+------------+--------+
| Density | Commits |  WNS   |  TNS   |    Real    |  Mem   |
+---------+---------+--------+--------+------------+--------+
|   69.50%|        -|   0.000|   0.000|   0:00:00.0| 3027.3M|
|   69.50%|        0|   0.000|   0.000|   0:00:00.0| 3027.8M|
|   69.50%|        0|   0.000|   0.000|   0:00:00.0| 3028.1M|
|   69.50%|        0|   0.000|   0.000|   0:00:00.0| 3028.1M|
|   69.50%|        0|   0.000|   0.000|   0:00:00.0| 3028.1M|
+---------+---------+--------+--------+------------+--------+
Reclaim Optimization End WNS Slack 0.000  TNS Slack 0.000 Density 69.50
Bottom Preferred Layer:
    None
Via Pillar Rule:
    None

Number of times islegalLocAvaiable called = 0 skipped = 0, called in commitmove = 0, skipped in commitmove = 0
End: Core Area Reclaim Optimization (cpu = 0:00:00.6) (real = 0:00:00.0) **
*** Finished re-routing un-routed nets (3026.4M) ***

*** Finish Physical Update (cpu=0:00:00.0 real=0:00:00.0 mem=3026.4M) ***
*** AreaOpt #2 [finish] (place_opt_design #2) : cpu/real = 0:00:00.6/0:00:00.6 (1.1), totSession cpu/real = 0:01:47.8/0:04:29.9 (0.4), mem = 3026.4M
End: Area Reclaim Optimization (cpu=0:00:01, real=0:00:00, mem=3022.68M, totSessionCpu=0:01:48).
Begin: GigaOpt postEco DRV Optimization
GigaOpt Checkpoint: Internal optDRV -inPostEcoStage -smallScaleFixing -maxIter 3 -max_tran -max_cap -maxLocalDensity 0.98 -numThreads 1 -preRouteDontEndWithRefinePlaceIncrSteinerRouteDC -setupTNSCostFactor 1.0 -preCTS
*** DrvOpt #2 [begin] (place_opt_design #2) : totSession cpu/real = 0:01:48.3/0:04:30.5 (0.4), mem = 3026.5M
Info: 2 ideal nets excluded from IPO operation.
Info: 1 clock net  excluded from IPO operation.
#InfoCS: Num dontuse cells 14, Num usable cells 570, Num real usable cells 569
+-------------------------------------------------------------------------------------------------------------------------------------------------------+
|        max-tran       |        max-cap        |  max-fanout |  max-length |       setup       |        |        |        |       |          |         |
+-------------------------------------------------------------------------------------------------------------------------------------------------------+
| nets | terms|  wViol  | nets | terms|  wViol  | nets | terms| nets | terms|   WNS   |   TNS   |  #Buf  |  #Inv  | #Resize|Density|   Real   |   Mem   |
+-------------------------------------------------------------------------------------------------------------------------------------------------------+
|    17|    17|    -0.04|     0|     0|     0.00|     0|     0|     0|     0|     7.73|     0.00|       0|       0|       0| 69.50%|          |         |
|    17|    17|    -0.04|     0|     0|     0.00|     0|     0|     0|     0|     7.73|     0.00|       0|       0|       0| 69.50%| 0:00:01.0|  3025.5M|
+-------------------------------------------------------------------------------------------------------------------------------------------------------+
Bottom Preferred Layer:
    None
Via Pillar Rule:
    None


=======================================================================
                Reasons for remaining drv violations
=======================================================================
*info: Total 17 net(s) have violations which can't be fixed by DRV optimization.

MultiBuffering failure reasons
------------------------------------------------
*info:    17 net(s): Could not be fixed because the gain is not enough.

SingleBuffering failure reasons
------------------------------------------------
*info:    17 net(s): Could not be fixed because of the buffering solution introduces DRV degradation.


*** Finish DRV Fixing (cpu=0:00:00.4 real=0:00:01.0 mem=3025.5M) ***

*** DrvOpt #2 [finish] (place_opt_design #2) : cpu/real = 0:00:01.1/0:00:01.1 (1.0), totSession cpu/real = 0:01:49.4/0:04:31.6 (0.4), mem = 3023.8M
End: GigaOpt postEco DRV Optimization
**WARN: (IMPOPT-7329):	Skipping place_detail due to user configuration.
Register exp ratio and priority group on 0 nets on 44 nets : 

Active setup views:
 analysis_normal_slow_max
  Dominating endpoints: 0
  Dominating TNS: -0.000

Extraction called for design 'somador' of instances=17 and nets=46 using extraction engine 'pre_route' .
pre_route RC Extraction called for design somador.
RC Extraction called in multi-corner(2) mode.
RCMode: PreRoute
      RC Corner Indexes            0       1   
Capacitance Scaling Factor   : 1.00000 1.00000 
Resistance Scaling Factor    : 1.00000 1.00000 
Clock Cap. Scaling Factor    : 1.00000 1.00000 
Clock Res. Scaling Factor    : 1.00000 1.00000 
Shrink Factor                : 1.00000
PreRoute extraction is honoring NDR/Shielding/ExtraSpace for clock nets.
Using capacitance table file ...
Grid density data update skipped
Initializing multi-corner resistance tables ...
PreRoute RC Extraction DONE (CPU Time: 0:00:00.0  Real Time: 0:00:00.0  MEM: 3017.402M)
Skewing Data Summary (End_of_FINAL)

Skew summary for view analysis_normal_slow_max:
* Accumulated skew : count = 0

Starting delay calculation for Setup views
AAE_INFO: opIsDesignInPostRouteState() is 0
#################################################################################
# Design Stage: PreRoute
# Design Name: somador
# Design Mode: 45nm
# Analysis Mode: MMMC Non-OCV 
# Parasitics Mode: No SPEF/RCDB 
# Signoff Settings: SI Off 
#################################################################################
Calculate delays in BcWc mode...
Start delay calculation (fullDC) (1 T). (MEM=3030.18)
Total number of fetched objects 44
AAE_INFO: Total number of nets for which stage creation was skipped for all views 0
End delay calculation. (MEM=3032.48 CPU=0:00:00.0 REAL=0:00:00.0)
End delay calculation (fullDC). (MEM=3032.48 CPU=0:00:00.1 REAL=0:00:00.0)
*** Done Building Timing Graph (cpu=0:00:00.5 real=0:00:01.0 totSessionCpu=0:01:51 mem=3032.5M)
OPTC: user 20.0
Reported timing to dir ./timingReports
**opt_design ... cpu = 0:00:21, real = 0:01:37, mem = 3026.4M, totSessionCpu=0:01:51 **

OptSummary:

------------------------------------------------------------------
     opt_design Final Summary
------------------------------------------------------------------

Setup views included:
 analysis_normal_slow_max 

+--------------------+---------+---------+---------+
|     Setup mode     |   all   | reg2reg | default |
+--------------------+---------+---------+---------+
|           WNS (ns):|  7.726  |   N/A   |  7.726  |
|           TNS (ns):|  0.000  |   N/A   |  0.000  |
|    Violating Paths:|    0    |   N/A   |    0    |
|          All Paths:|   27    |   N/A   |   27    |
+--------------------+---------+---------+---------+

+----------------+-------------------------------+------------------+
|                |              Real             |       Total      |
|    DRVs        +------------------+------------+------------------|
|                |  Nr nets(terms)  | Worst Vio  |  Nr nets(terms)  |
+----------------+------------------+------------+------------------+
|   max_cap      |      0 (0)       |   0.000    |      0 (0)       |
|   max_tran     |      0 (0)       |   0.000    |      0 (0)       |
|   max_fanout   |      0 (0)       |     0      |      0 (0)       |
|   max_length   |      0 (0)       |     0      |      0 (0)       |
+----------------+------------------+------------+------------------+

Density: 69.500%
Routing Overflow: 0.00% H and 0.00% V
------------------------------------------------------------------
Begin: Collecting metrics
 ------------------------------------------------------------------------------------------------------------------------------------------------------- 
| Snapshot                | WNS                  | TNS                  | Density (%) | Hotspot                   | Resource               | DRVs       |
|                         | HEPG (ns) | ALL (ns) | HEPG (ns) | ALL (ns) |             | Max (bins) | Total (bins) | Real (s) | Memory (MB) | Tran | Cap |
|-------------------------+-----------+----------+-----------+----------+-------------+------------+--------------+----------+-------------+------+-----|
| initial_summary         |           |    7.727 |           |        0 |       69.50 |            |              | 0:00:01  |        3016 |    0 |   0 |
| route_type_refinement   |           |          |           |          |             |            |              | 0:00:01  |        3016 |      |     |
| simplify_netlist        |           |          |           |          |             |            |              | 0:00:02  |        3016 |      |     |
| drv_fixing              |           |          |           |          |             |            |              | 0:00:01  |        3015 |      |     |
| global_opt              |           |    7.727 |           |        0 |       69.50 |            |              | 0:00:03  |        3019 |      |     |
| area_reclaiming         |     0.000 |    7.727 |         0 |        0 |       69.50 |            |              | 0:00:02  |        3022 |      |     |
| incremental_replacement |           |          |           |          |             |       0.00 |         0.00 | 0:00:24  |        3026 |      |     |
| area_reclaiming_2       |     0.000 |    7.726 |         0 |        0 |       69.50 |            |              | 0:00:01  |        3023 |      |     |
| drv_eco_fixing          |     0.000 |    7.726 |         0 |        0 |       69.50 |            |              | 0:00:01  |        3024 |   17 |   0 |
| legalization            |           |          |           |          |             |            |              | 0:00:00  |        3024 |      |     |
| final_summary           |           |    7.726 |           |        0 |       69.50 |            |              | 0:00:02  |        3025 |    0 |   0 |
 ------------------------------------------------------------------------------------------------------------------------------------------------------- 
End: Collecting metrics
**opt_design ... cpu = 0:00:22, real = 0:01:39, mem = 3024.9M, totSessionCpu=0:01:52 **
*** Finished opt_design ***
      flow.cputime  flow.realtime  timing.setup.tns  timing.setup.wns  snapshot
UM:*                                                                   final
      flow.cputime  flow.realtime  timing.setup.tns  timing.setup.wns  snapshot
UM:*                                                                   opt_design_prects
Info: final physical memory for 2 CRR processes is 1068.30MB.
Info: Summary of CRR changes:
      - Timing transform commits:       0
Disable CTE adjustment.
Disable Layer aware incrSKP.
#optDebug: fT-D <X 1 0 0 0>
**place_opt_design ... cpu = 0:00:23, real = 0:01:59, mem = 2916.8M **
*** Finished GigaPlace ***

*** Summary of all messages that are not suppressed in this session:
Severity  ID               Count  Summary                                  
WARNING   IMPOPT-7329          1  Skipping place_detail due to user config...
*** Message Summary: 1 warning(s), 0 error(s)

*** place_opt_design #2 [finish] () : cpu/real = 0:00:22.7/0:01:58.9 (0.2), totSession cpu/real = 0:01:52.6/0:04:55.8 (0.4), mem = 2916.8M
      flow.cputime  flow.realtime  timing.setup.tns  timing.setup.wns  snapshot
UM:*                                                                   place_opt_design_opt
@@file 106: set_db timing_analysis_type best_case_worst_case
@@file 107: time_design -pre_cts
*** time_design #1 [begin] () : totSession cpu/real = 0:01:52.8/0:04:55.9 (0.4), mem = 2916.8M
Start to check current routing status for nets...
All nets are already routed correctly.
End to check current routing status for nets (mem=2916.9M)

OptSummary:

------------------------------------------------------------------
         time_design Summary
------------------------------------------------------------------

Setup views included:
 analysis_normal_slow_max 

+--------------------+---------+---------+---------+
|     Setup mode     |   all   | reg2reg | default |
+--------------------+---------+---------+---------+
|           WNS (ns):|  7.726  |   N/A   |  7.726  |
|           TNS (ns):|  0.000  |   N/A   |  0.000  |
|    Violating Paths:|    0    |   N/A   |    0    |
|          All Paths:|   27    |   N/A   |   27    |
+--------------------+---------+---------+---------+

+----------------+-------------------------------+------------------+
|                |              Real             |       Total      |
|    DRVs        +------------------+------------+------------------|
|                |  Nr nets(terms)  | Worst Vio  |  Nr nets(terms)  |
+----------------+------------------+------------+------------------+
|   max_cap      |      0 (0)       |   0.000    |      0 (0)       |
|   max_tran     |      0 (0)       |   0.000    |      0 (0)       |
|   max_fanout   |      0 (0)       |     0      |      0 (0)       |
|   max_length   |      0 (0)       |     0      |      0 (0)       |
+----------------+------------------+------------+------------------+

Density: 69.500%
Routing Overflow: 0.00% H and 0.00% V
------------------------------------------------------------------
Reported timing to dir ./timingReports
Total CPU time: 0.22 sec
Total Real time: 2.0 sec
Total Memory Usage: 2917.015625 Mbytes
*** time_design #1 [finish] () : cpu/real = 0:00:00.2/0:00:01.5 (0.1), totSession cpu/real = 0:01:53.0/0:04:57.4 (0.4), mem = 2917.0M
@file 108:
@file 109: #-----------------------------------------------------------------------------
@file 110: # CTS & Post-CTS
@file 111: #-----------------------------------------------------------------------------
@@file 112: set_interactive_constraint_modes {normal_genus_slow_max}
@@file 113: reset_ideal_network $MAIN_CLOCK_NAME
@@file 114: set_db cts_buffer_cells $BUFFERS_CTS
@@file 115: set_db cts_inverter_cells $INVERTERS_CTS
@@file 116: create_clock_tree_spec
Creating clock tree spec for modes (timing configs): normal_genus_slow_max
cts_spec_config_create_generator_skew_groups=true: create_clock_tree_spec will generate skew groups with a name prefix of "_clock_gen" to balance clock generator connected flops with the clock generator they drive.
Reset timing graph...
Ignoring AAE DB Resetting ...
Reset timing graph done.
Ignoring AAE DB Resetting ...
Analyzing clock structure...
Analyzing clock structure done.
Reset timing graph...
Ignoring AAE DB Resetting ...
Reset timing graph done.
Extracting original clock gating for clk...
  clock_tree clk contains 9 sinks and 0 clock gates.
Extracting original clock gating for clk done.
The skew group clk/normal_genus_slow_max was created. It contains 9 sinks and 1 sources.
Checking clock tree convergence...
Checking clock tree convergence done.
@@file 117: clock_opt_design
*** clock_opt_design #1 [begin] () : totSession cpu/real = 0:01:53.3/0:04:57.8 (0.4), mem = 2888.4M
**INFO: User's settings:
delaycal_enable_high_fanout                                    true
delaycal_enable_ideal_seq_async_pins                           false
delaycal_eng_enablepreplacedflow                               false
delaycal_ignore_net_load                                       false
delaycal_socv_accuracy_mode                                    low
setDelayCalMode -engine                                        aae
design_process_node                                            45
design_top_routing_layer                                       11
extract_rc_coupling_cap_threshold                              0.1
extract_rc_engine                                              pre_route
extract_rc_relative_cap_threshold                              1.0
extract_rc_total_cap_threshold                                 0.0
opt_drv                                                        true
opt_drv_fix_max_cap                                            true
opt_drv_fix_max_tran                                           true
opt_drv_margin                                                 0.0
opt_fix_fanout_load                                            false
opt_resize_flip_flops                                          true
opt_setup_target_slack                                         0.0
opt_view_pruning_hold_views_active_list                        { analysis_normal_fast_min }
opt_view_pruning_setup_views_active_list                       { analysis_normal_slow_max }
opt_view_pruning_setup_views_persistent_list                   { analysis_normal_slow_max}
opt_view_pruning_tdgr_setup_views_persistent_list              { analysis_normal_slow_max}
extract_qrc_n2p_accuracy_enhancement                           true
route_exp_design_mode_top_routing_layer                        11
route_extract_third_party_compatible                           false
route_global_exp_timing_driven_std_delay                       41.6
getDelayCalMode -engine                                        aae
get_power_analysis_mode -report_power_quiet                    false
Hard fence disabled
*** Starting place_detail (0:01:53 mem=2888.5M) ***

Starting Small incrNP...
Density distribution unevenness ratio = 0.000%
Skipped incrNP (cpu=0:00:00.0, real=0:00:00.0, mem=2888.5M)
End of Small incrNP (cpu=0:00:00.0, real=0:00:00.0)
Move report: Detail placement moved 0 insts, mean move: 0.00 um, max move: 0.00 um 
	Runtime: CPU: 0:00:00.0 REAL: 0:00:00.0 MEM: 2888.2MB
Summary Report:
Instances moved: 0 (out of 17 movable)
Instances flipped: 0
Mean displacement: 0.00 um
Max displacement: 0.00 um 
Physical-only instances moved: 0 (out of 0 movable physical-only)
Runtime: CPU: 0:00:00.0 REAL: 0:00:00.0 MEM: 2888.2MB
*** Finished place_detail (0:01:54 mem=2888.2M) ***
ccopt_args: 
Turning off fast DC mode.
Runtime...
(clock_opt_design): CTS Engine: auto. Used Spec: pre-existing CCOPT spec.
Placement constraints of type 'region' or 'fence' will not be downgraded to 'guide' because the attribute cts_change_fences_to_guides has been set to false.
Set place::cacheFPlanSiteMark to 1
'setDesignMode -flowEffort standard' => 'setOptMode -usefulSkewCCOpt standard' 
Using CCOpt effort standard.
Updating ideal nets and annotations...
Reset timing graph...
Ignoring AAE DB Resetting ...
Reset timing graph done.
Ignoring AAE DB Resetting ...
Reset timing graph...
Ignoring AAE DB Resetting ...
Reset timing graph done.
Clock tree spec update: Ideal nets, transition and delay annotations were updated to match active timing constraints.
Updating ideal nets and annotations done. (took cpu=0:00:00.1 real=0:00:00.1)
CCOpt::Phase::Initialization...
Check Prerequisites...
Leaving CCOpt scope - CheckPlace...
Begin checking placement ... (start mem=2922.8M, init mem=2922.9M)
*info: Placed = 17            
*info: Unplaced = 0           
Placement Density:69.50%(142/205)
Placement Density (including fixed std cells):69.50%(142/205)
Finished check_place (total: cpu=0:00:00.0, real=0:00:00.0; vio checks: cpu=0:00:00.0, real=0:00:00.0; mem=2922.9M)
Leaving CCOpt scope - CheckPlace done. (took cpu=0:00:00.0 real=0:00:00.0)
Innovus will update I/O latencies
Reset timing graph...
Ignoring AAE DB Resetting ...
Reset timing graph done.
Ignoring AAE DB Resetting ...
No differences between SDC and CTS ideal net status found.
No differences between SDC and CTS transition time annotations found.
No differences between SDC and CTS delay annotations found.
Reset timing graph...
Ignoring AAE DB Resetting ...
Reset timing graph done.
Found 0 ideal nets, 0 pins with transition annotations, 0 instances with delay annotations, 0 nets with delay annotations, refer to logv for details.

Check Prerequisites done. (took cpu=0:00:00.2 real=0:00:00.2)
CCOpt::Phase::Initialization done. (took cpu=0:00:00.2 real=0:00:00.2)
Executing ccopt post-processing.
Synthesizing clock trees with CCOpt...
*** CTS #1 [begin] (clock_opt_design #1) : totSession cpu/real = 0:01:53.9/0:04:58.4 (0.4), mem = 2927.0M
CCOpt::Phase::PreparingToBalance...
Leaving CCOpt scope - Initializing power interface...
Leaving CCOpt scope - Initializing power interface done. (took cpu=0:00:00.0 real=0:00:00.0)
Leaving CCOpt scope - optDesignGlobalRouteStep...
[NR-eGR] Early global route reroute all routable nets
[NR-eGR] Track table information for default rule: 
[NR-eGR] Metal1 has single uniform track structure
[NR-eGR] Metal2 has single uniform track structure
[NR-eGR] Metal3 has single uniform track structure
[NR-eGR] Metal4 has single uniform track structure
[NR-eGR] Metal5 has single uniform track structure
[NR-eGR] Metal6 has single uniform track structure
[NR-eGR] Metal7 has single uniform track structure
[NR-eGR] Metal8 has single uniform track structure
[NR-eGR] Metal9 has single uniform track structure
[NR-eGR] Metal10 has single uniform track structure
[NR-eGR] Metal11 has single uniform track structure
[NR-eGR] Read 703 PG shapes
[NR-eGR] Read 0 clock shapes
[NR-eGR] Read 0 other shapes
[NR-eGR] #Routing Blockages  : 0
[NR-eGR] #Bump Blockages     : 0
[NR-eGR] #Instance Blockages : 0
[NR-eGR] #PG Blockages       : 703
[NR-eGR] #Halo Blockages     : 0
[NR-eGR] #Boundary Blockages : 0
[NR-eGR] #Clock Blockages    : 0
[NR-eGR] #Other Blockages    : 0
[NR-eGR] #prerouted nets         : 0
[NR-eGR] #prerouted special nets : 0
[NR-eGR] #prerouted wires        : 0
[NR-eGR] Read 44 nets ( ignored 0 )
[NR-eGR] Handle net priority by net group ordering
[NR-eGR] There are 1 clock nets ( 0 with NDR ).
[NR-eGR] == Routing rule table ==
[NR-eGR]  ID  Name       #Nets 
[NR-eGR] ----------------------
[NR-eGR]   0  (Default)     44 
[NR-eGR] Layer group 1: route 44 net(s) in layer range [2, 11]
[NR-eGR] Early Global Route overflow of layer group 1: 0.00% H + 0.00% V. EstWL: 4.514400e+02um
[NR-eGR] Congestion Analysis By layer: (blocked Gcells are excluded) 
[NR-eGR]                        OverCon            
[NR-eGR]                         #Gcell     %Gcell
[NR-eGR]        Layer             (1-0)    OverCon
[NR-eGR] ----------------------------------------------
[NR-eGR]  Metal1 ( 1)         0( 0.00%)   ( 0.00%) 
[NR-eGR]  Metal2 ( 2)         0( 0.00%)   ( 0.00%) 
[NR-eGR]  Metal3 ( 3)         0( 0.00%)   ( 0.00%) 
[NR-eGR]  Metal4 ( 4)         0( 0.00%)   ( 0.00%) 
[NR-eGR]  Metal5 ( 5)         0( 0.00%)   ( 0.00%) 
[NR-eGR]  Metal6 ( 6)         0( 0.00%)   ( 0.00%) 
[NR-eGR]  Metal7 ( 7)         0( 0.00%)   ( 0.00%) 
[NR-eGR]  Metal8 ( 8)         0( 0.00%)   ( 0.00%) 
[NR-eGR]  Metal9 ( 9)         0( 0.00%)   ( 0.00%) 
[NR-eGR] Metal10 (10)         0( 0.00%)   ( 0.00%) 
[NR-eGR] Metal11 (11)         0( 0.00%)   ( 0.00%) 
[NR-eGR] ----------------------------------------------
[NR-eGR]        Total         0( 0.00%)   ( 0.00%) 
[NR-eGR] 
[NR-eGR] Overflow after Early Global Route 0.00% H + 0.00% V
[NR-eGR] Connected 0 must-join pins/ports (post-process)
[NR-eGR] Total eGR-routed clock nets wire length: 29um, number of vias: 25
[NR-eGR] --------------------------------------------------------------------------
[NR-eGR]                  Length (um)  Vias 
[NR-eGR] -----------------------------------
[NR-eGR]  Metal1   (1H)             0   104 
[NR-eGR]  Metal2   (2V)           221   132 
[NR-eGR]  Metal3   (3H)           267     0 
[NR-eGR]  Metal4   (4V)             0     0 
[NR-eGR]  Metal5   (5H)             0     0 
[NR-eGR]  Metal6   (6V)             0     0 
[NR-eGR]  Metal7   (7H)             0     0 
[NR-eGR]  Metal8   (8V)             0     0 
[NR-eGR]  Metal9   (9H)             0     0 
[NR-eGR]  Metal10  (10V)            0     0 
[NR-eGR]  Metal11  (11H)            0     0 
[NR-eGR] -----------------------------------
[NR-eGR]           Total          487   236 
[NR-eGR] --------------------------------------------------------------------------
[NR-eGR] Total half perimeter of net bounding box: 461um
[NR-eGR] Total length: 487um, number of vias: 236
[NR-eGR] --------------------------------------------------------------------------
[NR-eGR] Finished Early Global Route kernel ( CPU: 0.15 sec, Real: 4.27 sec, Curr Mem: 2580.16 MB )
[NR-eGR] Finished Early Global Route ( CPU: 0.16 sec, Real: 4.27 sec, Curr Mem: 2580.16 MB )
Leaving CCOpt scope - optDesignGlobalRouteStep done. (took cpu=0:00:00.2 real=0:00:04.3)
Legalization setup...
Using cell based legalization.
Initializing placement interface...
  Use check_library -place or consult logv if problems occur.
  Leaving CCOpt scope - Initializing placement interface...
  Leaving CCOpt scope - Initializing placement interface done. (took cpu=0:00:00.1 real=0:00:00.1)
Initializing placement interface done.
Leaving CCOpt scope - Cleaning up placement interface...
Leaving CCOpt scope - Cleaning up placement interface done. (took cpu=0:00:00.0 real=0:00:00.0)
Leaving CCOpt scope - Initializing placement interface...
Leaving CCOpt scope - Initializing placement interface done. (took cpu=0:00:00.1 real=0:00:00.1)
[PSP]    Load db... (mem=2580.7M)
[PSP]    Read data from FE... (mem=2580.7M)
[PSP]    Done Read data from FE (cpu=0.001s, mem=2580.8M)

[PSP]    Done Load db (cpu=0.001s, mem=2580.8M)

[PSP]    Constructing placeable region... (mem=2580.8M)
[PSP]    Compute region effective width... (mem=2580.8M)
[PSP]    Done Compute region effective width (cpu=0.000s, mem=2580.8M)

[PSP]    Done Constructing placeable region (cpu=0.000s, mem=2580.8M)

Legalization setup done. (took cpu=0:00:00.2 real=0:00:00.2)
Validating CTS configuration...
Checking module port directions...
Checking module port directions done. (took cpu=0:00:00.0 real=0:00:00.0)
Non-default attributes:
  Public non-default attributes:
    cts_buffer_cells is set for at least one object
    cts_inverter_cells is set for at least one object
    cts_merge_clock_gates is set for at least one object
    cts_merge_clock_logic is set for at least one object
    cts_route_type is set for at least one object
    cts_skew_group_target_insertion_delay is set for at least one object
  No private non-default attributes
Updating RC Grid density data for preRoute extraction ...
Initializing multi-corner resistance tables ...
Route type trimming info:
  No route type modifications were made.
Library trimming buffers in power domain auto-default and half-corner slow_max:setup.late removed 0 of 8 cells
Original list had 8 cells:
CLKBUFX20 CLKBUFX16 CLKBUFX12 CLKBUFX8 CLKBUFX6 CLKBUFX4 CLKBUFX3 CLKBUFX2 
Library trimming was not able to trim any cells:
CLKBUFX20 CLKBUFX16 CLKBUFX12 CLKBUFX8 CLKBUFX6 CLKBUFX4 CLKBUFX3 CLKBUFX2 
Library trimming inverters in power domain auto-default and half-corner slow_max:setup.late removed 1 of 11 cells
Original list had 11 cells:
INVX20 CLKINVX20 INVX16 INVX12 INVX8 INVX6 INVX4 INVX3 INVX2 INVX1 INVXL 
New trimmed list has 10 cells:
INVX20 INVX16 INVX12 INVX8 INVX6 INVX4 INVX3 INVX2 INVX1 INVXL 
Clock tree balancer configuration for clock_tree clk:
Non-default attributes:
  Public non-default attributes:
    cts_merge_clock_gates: true (default: false)
    cts_merge_clock_logic: true (default: false)
    cts_route_type (leaf): default_route_type_leaf (default: default)
    cts_route_type (top): default_route_type_nonleaf (default: default)
    cts_route_type (trunk): default_route_type_nonleaf (default: default)
  No private non-default attributes
For power domain auto-default:
  Buffers:     CLKBUFX20 CLKBUFX16 CLKBUFX12 CLKBUFX8 CLKBUFX6 CLKBUFX4 CLKBUFX3 CLKBUFX2
  Inverters:   INVX20 INVX16 INVX12 INVX8 INVX6 INVX4 INVX3 INVX2 INVX1 INVXL
  Clock gates (with test): TLATNTSCAX20 TLATNTSCAX16 TLATNTSCAX12 TLATNTSCAX8 TLATNTSCAX6 TLATNTSCAX4 TLATNTSCAX3 TLATNTSCAX2
  Clock gates   (no test): TLATNCAX20 TLATNCAX16 TLATNCAX12 TLATNCAX8 TLATNCAX6 TLATNCAX4 TLATNCAX3 TLATNCAX2
  Unblocked area available for placement of any clock cells in power_domain auto-default: 205.200um^2
Top Routing info:
  Route-type name: default_route_type_nonleaf; Top/bottom preferred layer name: Metal4/Metal3; 
  Unshielded; Mask Constraint: 0; Source: cts_route_type.
Trunk Routing info:
  Route-type name: default_route_type_nonleaf; Top/bottom preferred layer name: Metal4/Metal3; 
  Unshielded; Preferred extra space: 1; Mask Constraint: 0; Source: cts_route_type.
Leaf Routing info:
  Route-type name: default_route_type_leaf; Top/bottom preferred layer name: Metal4/Metal3; 
  Unshielded; Preferred extra space: 1; Mask Constraint: 0; Source: cts_route_type.
For timing_corner slow_max:setup, late and power domain auto-default:
  Slew time target (leaf):    0.140ns
  Slew time target (trunk):   0.140ns
  Slew time target (top):     0.144ns (Note: no nets are considered top nets in this clock tree)
  Buffer unit delay: 0.120ns
  Buffer max distance: 694.444um
Fastest wire driving cells and distances:
  Buffer    : {lib_cell:CLKBUFX20, fastest_considered_half_corner=slow_max:setup.late, optimalDrivingDistance=694.444um, saturatedSlew=0.119ns, speed=3925.631um per ns, cellArea=11.820um^2 per 1000um}
  Inverter  : {lib_cell:INVX20, fastest_considered_half_corner=slow_max:setup.late, optimalDrivingDistance=554.521um, saturatedSlew=0.116ns, speed=5064.118um per ns, cellArea=11.718um^2 per 1000um}
  Clock gate (with test): {lib_cell:TLATNTSCAX20, fastest_considered_half_corner=slow_max:setup.late, optimalDrivingDistance=697.778um, saturatedSlew=0.119ns, speed=1821.399um per ns, cellArea=21.566um^2 per 1000um}
  Clock gate   (no test): {lib_cell:TLATNCAX20, fastest_considered_half_corner=slow_max:setup.late, optimalDrivingDistance=697.778um, saturatedSlew=0.119ns, speed=1821.399um per ns, cellArea=19.605um^2 per 1000um}


Logic Sizing Table:

----------------------------------------------------------
Cell    Instance count    Source    Eligible library cells
----------------------------------------------------------
  (empty table)
----------------------------------------------------------


Clock tree timing engine global stage delay update for slow_max:setup.late...
Clock tree timing engine global stage delay update for slow_max:setup.late done. (took cpu=0:00:00.0 real=0:00:00.0)
Clock tree balancer configuration for skew_group clk/normal_genus_slow_max:
 Created from constraint modes: {[]}
  Sources:                     pin clk
  Total number of sinks:       9
  Delay constrained sinks:     9
  Constrains:                  default
  Non-leaf sinks:              0
  Ignore pins:                 0
 Timing corner slow_max:setup.late:
  Skew target:                 0.120ns
  Insertion delay target:      0.100ns
Primary reporting skew groups are:
skew_group clk/normal_genus_slow_max with 9 clock sinks
Found 0/0 (-nan%) clock tree instances with fixed placement status.


Constraint summary
==================

Transition constraints are active in the following delay corners:

slow_max:setup.late

Cap constraints are active in the following delay corners:

slow_max:setup.late

Transition constraint summary:

------------------------------------------------------------------------------------------
Delay corner                     Target (ns)    Num pins    Target source    Clock tree(s)
------------------------------------------------------------------------------------------
slow_max:setup.late (primary)         -            -              -                -
              -                     0.140          11       auto computed    all
------------------------------------------------------------------------------------------

Capacitance constraint summary:

-----------------------------------------------------------------------------------------------------
Delay corner                     Limit (pF)    Num nets    Target source                Clock tree(s)
-----------------------------------------------------------------------------------------------------
slow_max:setup.late (primary)        -            -                    -                      -
              -                    0.250          1        library_or_sdc_constraint    all
-----------------------------------------------------------------------------------------------------


Clock DAG stats initial state:
  cell counts      : b=0, i=0, icg=0, dcg=0, l=0, total=0
  sink counts      : regular=9, enable_latch=0, load_capacitance=0, antenna=0, node_sink=0, port=0, total=9
  misc counts      : r=1, pp=0, mci=0
  cell areas       : b=0.000um^2, i=0.000um^2, icg=0.000um^2, dcg=0.000um^2, l=0.000um^2, total=0.000um^2
  hp wire lengths  : top=0.000um, trunk=0.000um, leaf=20.785um, total=20.785um
      flow.cputime  flow.realtime  timing.setup.tns  timing.setup.wns  snapshot
UM:*                                                                   InitialState
No ideal or dont_touch nets found in the clock tree
No dont_touch hnets found in the clock tree
No dont_touch hpins found in the clock network.
Checking for illegal sizes of clock logic instances...
Checking for illegal sizes of clock logic instances done. (took cpu=0:00:00.0 real=0:00:00.0)
Validating CTS configuration done. (took cpu=0:00:03.8 real=0:00:03.8)
CCOpt configuration status: all checks passed.
Adding exclusion drivers to pins that are cts_sink_type_effective exclude...
    Adding exclusion drivers (these will be instances of the smallest area library cells).
  No exclusion drivers are needed.
Adding exclusion drivers to pins that are cts_sink_type_effective exclude done.
Antenna diode management...
  Found 0 antenna diodes in the clock trees.
  
Antenna diode management done.
Adding driver cells for primary IOs...
Adding driver cells for primary IOs done.
Adding driver cells for primary IOs...
Adding driver cells for primary IOs done.

----------------------------------------------------------------------------------------------
CCOpt reported the following when adding drivers below input ports and above output ports     
----------------------------------------------------------------------------------------------
  (empty table)
----------------------------------------------------------------------------------------------


Adding driver cell for primary IO roots...
Adding driver cell for primary IO roots done.
Maximizing clock DAG abstraction...
  Removing clock DAG drivers
Maximizing clock DAG abstraction done.
CCOpt::Phase::PreparingToBalance done. (took cpu=0:00:04.1 real=0:00:08.3)
Synthesizing clock trees...
  Preparing To Balance...
  Leaving CCOpt scope - Cleaning up placement interface...
  Leaving CCOpt scope - Cleaning up placement interface done. (took cpu=0:00:00.0 real=0:00:00.0)
  Leaving CCOpt scope - Initializing placement interface...
  Leaving CCOpt scope - Initializing placement interface done. (took cpu=0:00:00.0 real=0:00:00.0)
  Merging duplicate siblings in DAG...
    Clock DAG stats before merging:
      cell counts      : b=0, i=0, icg=0, dcg=0, l=0, total=0
      sink counts      : regular=9, enable_latch=0, load_capacitance=0, antenna=0, node_sink=0, port=0, total=9
      misc counts      : r=1, pp=0, mci=0
      cell areas       : b=0.000um^2, i=0.000um^2, icg=0.000um^2, dcg=0.000um^2, l=0.000um^2, total=0.000um^2
      hp wire lengths  : top=0.000um, trunk=0.000um, leaf=20.785um, total=20.785um
      flow.cputime  flow.realtime  timing.setup.tns  timing.setup.wns  snapshot
UM:*                                                                   before merging
    Resynthesising clock tree into netlist...
      Reset timing graph...
Ignoring AAE DB Resetting ...
      Reset timing graph done.
    Resynthesising clock tree into netlist done.
    Merging duplicate clock dag driver clones in DAG...
    Merging duplicate clock dag driver clones in DAG done.
    
    Disconnecting clock tree from netlist...
    Disconnecting clock tree from netlist done.
  Merging duplicate siblings in DAG done.
  Applying movement limits...
  Applying movement limits done.
  Preparing To Balance done. (took cpu=0:00:00.3 real=0:00:00.3)
  CCOpt::Phase::Construction...
  Stage::Clustering...
  Clustering...
    Initialize for clustering...
    Clock DAG stats before clustering:
      cell counts      : b=0, i=0, icg=0, dcg=0, l=0, total=0
      sink counts      : regular=9, enable_latch=0, load_capacitance=0, antenna=0, node_sink=0, port=0, total=9
      misc counts      : r=1, pp=0, mci=0
      cell areas       : b=0.000um^2, i=0.000um^2, icg=0.000um^2, dcg=0.000um^2, l=0.000um^2, total=0.000um^2
      hp wire lengths  : top=0.000um, trunk=0.000um, leaf=20.785um, total=20.785um
      flow.cputime  flow.realtime  timing.setup.tns  timing.setup.wns  snapshot
UM:*                                                                   before clustering
    Computing max distances from locked parents...
      Computing distance_from_locked_parent_restrictions for 0 nodes driven by 0 locked parents
    Computing max distances from locked parents done.
    Preplacing multi-input logics...
    Preplacing multi-input logics done. (took cpu=0:00:00.0 real=0:00:00.0)
    Computing optimal clock node locations...
    : ...20% ...40% ...60% ...80% ...100% 
    Computing optimal clock node locations done. (took cpu=0:00:00.0 real=0:00:00.0)
    Initialize for clustering done. (took cpu=0:00:00.2 real=0:00:00.2)
    Bottom-up phase...
    Clustering bottom-up starting from leaves...
      Clustering clock_tree clk...
      Clustering clock_tree clk done.
    Clustering bottom-up starting from leaves done.
    Rebuilding the clock tree after clustering...
    Rebuilding the clock tree after clustering done.
    Clock DAG stats after bottom-up phase:
      cell counts      : b=0, i=0, icg=0, dcg=0, l=0, total=0
      sink counts      : regular=9, enable_latch=0, load_capacitance=0, antenna=0, node_sink=0, port=0, total=9
      misc counts      : r=1, pp=0, mci=0
      cell areas       : b=0.000um^2, i=0.000um^2, icg=0.000um^2, dcg=0.000um^2, l=0.000um^2, total=0.000um^2
      hp wire lengths  : top=0.000um, trunk=0.000um, leaf=20.785um, total=20.785um
      flow.cputime  flow.realtime  timing.setup.tns  timing.setup.wns  snapshot
UM:*                                                                   after bottom-up phase
    Bottom-up phase done. (took cpu=0:00:00.2 real=0:00:00.2)
    Legalizing clock trees...
    Resynthesising clock tree into netlist...
      Reset timing graph...
Ignoring AAE DB Resetting ...
      Reset timing graph done.
    Resynthesising clock tree into netlist done.
    Commiting net attributes....
    Commiting net attributes. done.
    Leaving CCOpt scope - ClockRefiner...
    Performing a single pass refine place with checks partially disabled for clock sinks and datapath.
*** Starting place_detail (0:01:59 mem=2901.5M) ***
Total net bbox length = 4.608e+02 (2.628e+02 1.979e+02) (ext = 2.962e+02)
Move report: Detail placement moved 0 insts, mean move: 0.00 um, max move: 0.00 um 
	Runtime: CPU: 0:00:00.0 REAL: 0:00:00.0 MEM: 2901.1MB
Summary Report:
Instances moved: 0 (out of 17 movable)
Instances flipped: 0
Mean displacement: 0.00 um
Max displacement: 0.00 um 
Physical-only instances moved: 0 (out of 0 movable physical-only)
Total net bbox length = 4.608e+02 (2.628e+02 1.979e+02) (ext = 2.962e+02)
Runtime: CPU: 0:00:00.0 REAL: 0:00:00.0 MEM: 2901.1MB
*** Finished place_detail (0:01:59 mem=2901.1M) ***
    ClockRefiner summary
    All clock instances: Moved 0, flipped 0 and cell swapped 0 (out of a total of 9).
    Leaving CCOpt scope - ClockRefiner done. (took cpu=0:00:00.2 real=0:00:00.2)
    Disconnecting clock tree from netlist...
    Disconnecting clock tree from netlist done.
    Leaving CCOpt scope - Cleaning up placement interface...
    Leaving CCOpt scope - Cleaning up placement interface done. (took cpu=0:00:00.0 real=0:00:00.0)
    Leaving CCOpt scope - Initializing placement interface...
    Leaving CCOpt scope - Initializing placement interface done. (took cpu=0:00:00.0 real=0:00:00.0)
    Clock tree timing engine global stage delay update for slow_max:setup.late...
    Clock tree timing engine global stage delay update for slow_max:setup.late done. (took cpu=0:00:00.0 real=0:00:00.0)
    
    Clock tree legalization - Histogram:
    ====================================
    
    --------------------------------
    Movement (um)    Number of cells
    --------------------------------
      (empty table)
    --------------------------------
    
    
    Clock tree legalization - There are no Movements:
    =================================================
    
    ---------------------------------------------
    Movement (um)    Desired     Achieved    Node
                     location    location    
    ---------------------------------------------
      (empty table)
    ---------------------------------------------
    
    Legalizing clock trees done. (took cpu=0:00:00.3 real=0:00:00.3)
    Clock tree timing engine global stage delay update for slow_max:setup.late...
    Clock tree timing engine global stage delay update for slow_max:setup.late done. (took cpu=0:00:00.0 real=0:00:00.0)
    Clock DAG stats after 'Clustering':
      cell counts      : b=0, i=0, icg=0, dcg=0, l=0, total=0
      sink counts      : regular=9, enable_latch=0, load_capacitance=0, antenna=0, node_sink=0, port=0, total=9
      misc counts      : r=1, pp=0, mci=0
      cell areas       : b=0.000um^2, i=0.000um^2, icg=0.000um^2, dcg=0.000um^2, l=0.000um^2, total=0.000um^2
      cell capacitance : b=0.000pF, i=0.000pF, icg=0.000pF, dcg=0.000pF, l=0.000pF, total=0.000pF
      sink capacitance : total=0.002pF, avg=0.000pF, sd=0.000pF, min=0.000pF, max=0.000pF
      wire capacitance : top=0.000pF, trunk=0.000pF, leaf=0.002pF, total=0.002pF
      wire lengths     : top=0.000um, trunk=0.000um, leaf=28.025um, total=28.025um
      hp wire lengths  : top=0.000um, trunk=0.000um, leaf=20.785um, total=20.785um
    Clock DAG net violations after 'Clustering': none
    Clock DAG primary half-corner transition distribution after 'Clustering':
      Leaf : target=0.140ns count=1 avg=0.004ns sd=0.000ns min=0.004ns max=0.004ns {1 <= 0.084ns, 0 <= 0.112ns, 0 <= 0.126ns, 0 <= 0.133ns, 0 <= 0.140ns}
    Primary reporting skew groups after 'Clustering':
      skew_group clk/normal_genus_slow_max: insertion delay [min=0.000, max=0.000, avg=0.000, sd=0.000, skn=-nan, kur=-nan], skew [0.000 vs 0.120], 100% {0.000, 0.000} (wid=0.000 ws=0.000) (gid=0.000 gs=0.000)
    Skew group summary after 'Clustering':
      skew_group clk/normal_genus_slow_max: insertion delay [min=0.000, max=0.000, avg=0.000, sd=0.000, skn=-nan, kur=-nan], skew [0.000 vs 0.120], 100% {0.000, 0.000} (wid=0.000 ws=0.000) (gid=0.000 gs=0.000)
    Legalizer API calls during this step: 0 succeeded with high effort: 0 succeeded with medium effort: 0 succeeded with low effort: 0 succeeded with basic effort: 0 succeeded with basic unbounded effort: 0
  Clustering done. (took cpu=0:00:00.7 real=0:00:00.7)
  Looking for fanout violations...
  Looking for fanout violations done.
  Removing clustering added virtual delays...
    Resynthesising clock tree into netlist...
      Reset timing graph...
Ignoring AAE DB Resetting ...
      Reset timing graph done.
    Resynthesising clock tree into netlist done.
    Disconnecting clock tree from netlist...
    Disconnecting clock tree from netlist done.
  Removing clustering added virtual delays done.
  CongRepair After Initial Clustering...
  Reset timing graph...
Ignoring AAE DB Resetting ...
  Reset timing graph done.
  Leaving CCOpt scope - Early Global Route...
  Clock implementation routing...
Net route status summary:
  Clock:         1 (unrouted=1, trialRouted=0, noStatus=0, routed=0, fixed=0, [crossesIlmBoundary=0, tooFewTerms=0, (crossesIlmBoundary AND tooFewTerms=0)], steiner=0)
  Non-clock:    45 (unrouted=2, trialRouted=43, noStatus=0, routed=0, fixed=0, [crossesIlmBoundary=0, tooFewTerms=2, (crossesIlmBoundary AND tooFewTerms=0)])
    Routing using eGR only...
      Early Global Route - eGR only step...
(ccopt eGR): There are 1 nets to be routed. 0 nets have skip routing designation.
(ccopt eGR): There are 1 nets for routing of which 1 have one or more fixed wires.
(ccopt eGR): Start to route 1 all nets
[PSP]    Started Early Global Route ( Curr Mem: 2597.57 MB )
[PSP]    Started Early Global Route kernel ( Curr Mem: 2597.57 MB )
[NR-eGR] Early global route reroute 1 out of 44 routable nets
[NR-eGR] Track table information for default rule: 
[NR-eGR] Metal1 has single uniform track structure
[NR-eGR] Metal2 has single uniform track structure
[NR-eGR] Metal3 has single uniform track structure
[NR-eGR] Metal4 has single uniform track structure
[NR-eGR] Metal5 has single uniform track structure
[NR-eGR] Metal6 has single uniform track structure
[NR-eGR] Metal7 has single uniform track structure
[NR-eGR] Metal8 has single uniform track structure
[NR-eGR] Metal9 has single uniform track structure
[NR-eGR] Metal10 has single uniform track structure
[NR-eGR] Metal11 has single uniform track structure
[NR-eGR] Read 390 PG shapes
[NR-eGR] Read 0 clock shapes
[NR-eGR] Read 0 other shapes
[NR-eGR] #Routing Blockages  : 0
[NR-eGR] #Bump Blockages     : 0
[NR-eGR] #Instance Blockages : 0
[NR-eGR] #PG Blockages       : 390
[NR-eGR] #Halo Blockages     : 0
[NR-eGR] #Boundary Blockages : 0
[NR-eGR] #Clock Blockages    : 0
[NR-eGR] #Other Blockages    : 0
[NR-eGR] #prerouted nets         : 0
[NR-eGR] #prerouted special nets : 0
[NR-eGR] #prerouted wires        : 0
[NR-eGR] Read 44 nets ( ignored 43 )
[NR-eGR] Connected 0 must-join pins/ports (pre-process)
[NR-eGR] #via pillars        : 0
[NR-eGR] #must join all port : 0
[NR-eGR] #multiple ports     : 0
[NR-eGR] #has must join      : 0
[NR-eGR] Handle net priority by net group ordering
[NR-eGR] There are 1 clock nets ( 1 with NDR ).
[NR-eGR] == Routing rule table ==
[NR-eGR]  ID  Name  #Nets 
[NR-eGR] -----------------
[NR-eGR]   1            1 
[NR-eGR] Layer group 1: route 1 net(s) in layer range [3, 4]
[NR-eGR] Early Global Route overflow of layer group 1: 0.00% H + 0.00% V. EstWL: 2.565000e+01um
[NR-eGR] Congestion Analysis By layer: (blocked Gcells are excluded) 
[NR-eGR]                        OverCon            
[NR-eGR]                         #Gcell     %Gcell
[NR-eGR]        Layer             (1-0)    OverCon
[NR-eGR] ----------------------------------------------
[NR-eGR]  Metal1 ( 1)         0( 0.00%)   ( 0.00%) 
[NR-eGR]  Metal2 ( 2)         0( 0.00%)   ( 0.00%) 
[NR-eGR]  Metal3 ( 3)         0( 0.00%)   ( 0.00%) 
[NR-eGR]  Metal4 ( 4)         0( 0.00%)   ( 0.00%) 
[NR-eGR]  Metal5 ( 5)         0( 0.00%)   ( 0.00%) 
[NR-eGR]  Metal6 ( 6)         0( 0.00%)   ( 0.00%) 
[NR-eGR]  Metal7 ( 7)         0( 0.00%)   ( 0.00%) 
[NR-eGR]  Metal8 ( 8)         0( 0.00%)   ( 0.00%) 
[NR-eGR]  Metal9 ( 9)         0( 0.00%)   ( 0.00%) 
[NR-eGR] Metal10 (10)         0( 0.00%)   ( 0.00%) 
[NR-eGR] Metal11 (11)         0( 0.00%)   ( 0.00%) 
[NR-eGR] ----------------------------------------------
[NR-eGR]        Total         0( 0.00%)   ( 0.00%) 
[NR-eGR] 
[NR-eGR] Overflow after Early Global Route 0.00% H + 0.00% V
[NR-eGR] Connected 0 must-join pins/ports (post-process)
[NR-eGR] Total eGR-routed clock nets wire length: 29um, number of vias: 27
[NR-eGR] --------------------------------------------------------------------------
[NR-eGR] Report for selected net(s) only.
[NR-eGR]                  Length (um)  Vias 
[NR-eGR] -----------------------------------
[NR-eGR]  Metal1   (1H)             0    10 
[NR-eGR]  Metal2   (2V)            12    13 
[NR-eGR]  Metal3   (3H)             8     4 
[NR-eGR]  Metal4   (4V)             9     0 
[NR-eGR]  Metal5   (5H)             0     0 
[NR-eGR]  Metal6   (6V)             0     0 
[NR-eGR]  Metal7   (7H)             0     0 
[NR-eGR]  Metal8   (8V)             0     0 
[NR-eGR]  Metal9   (9H)             0     0 
[NR-eGR]  Metal10  (10V)            0     0 
[NR-eGR]  Metal11  (11H)            0     0 
[NR-eGR] -----------------------------------
[NR-eGR]           Total           29    27 
[NR-eGR] --------------------------------------------------------------------------
[NR-eGR] Total half perimeter of net bounding box: 21um
[NR-eGR] Total length: 29um, number of vias: 27
[NR-eGR] --------------------------------------------------------------------------
[NR-eGR] Total routed clock nets wire length: 29um, number of vias: 27
[NR-eGR] --------------------------------------------------------------------------
[NR-eGR]                  Length (um)  Vias 
[NR-eGR] -----------------------------------
[NR-eGR]  Metal1   (1H)             0   104 
[NR-eGR]  Metal2   (2V)           212   130 
[NR-eGR]  Metal3   (3H)           267     4 
[NR-eGR]  Metal4   (4V)             9     0 
[NR-eGR]  Metal5   (5H)             0     0 
[NR-eGR]  Metal6   (6V)             0     0 
[NR-eGR]  Metal7   (7H)             0     0 
[NR-eGR]  Metal8   (8V)             0     0 
[NR-eGR]  Metal9   (9H)             0     0 
[NR-eGR]  Metal10  (10V)            0     0 
[NR-eGR]  Metal11  (11H)            0     0 
[NR-eGR] -----------------------------------
[NR-eGR]           Total          487   238 
[NR-eGR] --------------------------------------------------------------------------
[NR-eGR] Total half perimeter of net bounding box: 461um
[NR-eGR] Total length: 487um, number of vias: 238
[NR-eGR] --------------------------------------------------------------------------
[NR-eGR] Finished Early Global Route kernel ( CPU: 0.06 sec, Real: 7.02 sec, Curr Mem: 2597.73 MB )
[NR-eGR] Finished Early Global Route ( CPU: 0.07 sec, Real: 7.02 sec, Curr Mem: 2597.73 MB )
      Early Global Route - eGR only step done. (took cpu=0:00:00.3 real=0:00:07.2)
    Routing using eGR only done.
Net route status summary:
  Clock:         1 (unrouted=0, trialRouted=0, noStatus=0, routed=1, fixed=0, [crossesIlmBoundary=0, tooFewTerms=0, (crossesIlmBoundary AND tooFewTerms=0)], steiner=1)
  Non-clock:    45 (unrouted=2, trialRouted=43, noStatus=0, routed=0, fixed=0, [crossesIlmBoundary=0, tooFewTerms=2, (crossesIlmBoundary AND tooFewTerms=0)])

CCOPT: Done with clock implementation routing.

  Clock implementation routing done.
  CCOpt: Starting congestion repair using flow wrapper...
    Congestion Repair...
*** IncrReplace #1 [begin] (CTS #1 / clock_opt_design #1) : totSession cpu/real = 0:01:59.4/0:05:15.0 (0.4), mem = 2902.7M
Info: Enable timing driven in postCTS congRepair.

*** Start incrementalPlace ***
Effort level <high> specified for tdgp_reg2reg_default path_group
No Views given, use default active views for adaptive view pruning
Active views:
  analysis_normal_slow_max
[NR-eGR] Started Early Global Route kernel ( Curr Mem: 2635.28 MB )
[NR-eGR] Early global route reroute all routable nets
[NR-eGR] Track table information for default rule: 
[NR-eGR] Metal1 has single uniform track structure
[NR-eGR] Metal2 has single uniform track structure
[NR-eGR] Metal3 has single uniform track structure
[NR-eGR] Metal4 has single uniform track structure
[NR-eGR] Metal5 has single uniform track structure
[NR-eGR] Metal6 has single uniform track structure
[NR-eGR] Metal7 has single uniform track structure
[NR-eGR] Metal8 has single uniform track structure
[NR-eGR] Metal9 has single uniform track structure
[NR-eGR] Metal10 has single uniform track structure
[NR-eGR] Metal11 has single uniform track structure
[NR-eGR] Read 703 PG shapes
[NR-eGR] Read 0 clock shapes
[NR-eGR] Read 0 other shapes
[NR-eGR] #Routing Blockages  : 0
[NR-eGR] #Bump Blockages     : 0
[NR-eGR] #Instance Blockages : 0
[NR-eGR] #PG Blockages       : 703
[NR-eGR] #Halo Blockages     : 0
[NR-eGR] #Boundary Blockages : 0
[NR-eGR] #Clock Blockages    : 0
[NR-eGR] #Other Blockages    : 0
[NR-eGR] #prerouted nets         : 1
[NR-eGR] #prerouted special nets : 0
[NR-eGR] #prerouted wires        : 31
[NR-eGR] Read 44 nets ( ignored 1 )
[NR-eGR] Handle net priority by net group ordering
[NR-eGR] == Routing rule table ==
[NR-eGR]  ID  Name       #Nets 
[NR-eGR] ----------------------
[NR-eGR]   0  (Default)     43 
[NR-eGR] Layer group 1: route 43 net(s) in layer range [2, 11]
[NR-eGR] Early Global Route overflow of layer group 1: 0.00% H + 0.00% V. EstWL: 4.257900e+02um
[NR-eGR] Congestion Analysis By layer: (blocked Gcells are excluded) 
[NR-eGR]                        OverCon            
[NR-eGR]                         #Gcell     %Gcell
[NR-eGR]        Layer             (1-0)    OverCon
[NR-eGR] ----------------------------------------------
[NR-eGR]  Metal1 ( 1)         0( 0.00%)   ( 0.00%) 
[NR-eGR]  Metal2 ( 2)         0( 0.00%)   ( 0.00%) 
[NR-eGR]  Metal3 ( 3)         0( 0.00%)   ( 0.00%) 
[NR-eGR]  Metal4 ( 4)         0( 0.00%)   ( 0.00%) 
[NR-eGR]  Metal5 ( 5)         0( 0.00%)   ( 0.00%) 
[NR-eGR]  Metal6 ( 6)         0( 0.00%)   ( 0.00%) 
[NR-eGR]  Metal7 ( 7)         0( 0.00%)   ( 0.00%) 
[NR-eGR]  Metal8 ( 8)         0( 0.00%)   ( 0.00%) 
[NR-eGR]  Metal9 ( 9)         0( 0.00%)   ( 0.00%) 
[NR-eGR] Metal10 (10)         0( 0.00%)   ( 0.00%) 
[NR-eGR] Metal11 (11)         0( 0.00%)   ( 0.00%) 
[NR-eGR] ----------------------------------------------
[NR-eGR]        Total         0( 0.00%)   ( 0.00%) 
[NR-eGR] 
[NR-eGR] Overflow after Early Global Route 0.00% H + 0.00% V
[NR-eGR] Finished Early Global Route kernel ( CPU: 0.05 sec, Real: 4.91 sec, Curr Mem: 2636.10 MB )
Early Global Route congestion estimation runtime: 4.91 seconds, mem = 2920.4M
Local HotSpot Analysis: normalized max congestion hotspot area = 0.00, normalized total congestion hotspot area = 0.00 (area is in unit of 4 std-cell row bins)

=== incrementalPlace Internal Loop 1 ===
      flow.cputime  flow.realtime  timing.setup.tns  timing.setup.wns  snapshot
UM:*                                                                   incrNP_iter_start
[spp] 0
AAE_INFO: opIsDesignInPostRouteState() is 0
#################################################################################
# Design Stage: PreRoute
# Design Name: somador
# Design Mode: 45nm
# Analysis Mode: MMMC Non-OCV 
# Parasitics Mode: No SPEF/RCDB 
# Signoff Settings: SI Off 
#################################################################################
Extraction called for design 'somador' of instances=17 and nets=46 using extraction engine 'pre_route' .
pre_route RC Extraction called for design somador.
RC Extraction called in multi-corner(2) mode.
RCMode: PreRoute
      RC Corner Indexes            0       1   
Capacitance Scaling Factor   : 1.00000 1.00000 
Resistance Scaling Factor    : 1.00000 1.00000 
Clock Cap. Scaling Factor    : 1.00000 1.00000 
Clock Res. Scaling Factor    : 1.00000 1.00000 
Shrink Factor                : 1.00000
Using capacitance table file ...
Updating RC Grid density data for preRoute extraction ...
Initializing multi-corner resistance tables ...
PreRoute RC Extraction DONE (CPU Time: 0:00:00.0  Real Time: 0:00:00.0  MEM: 2921.355M)
Calculate delays in BcWc mode...
Start delay calculation (fullDC) (1 T). (MEM=2939.1)
Total number of fetched objects 44
AAE_INFO: Total number of nets for which stage creation was skipped for all views 0
End delay calculation. (MEM=2944 CPU=0:00:00.0 REAL=0:00:00.0)
End delay calculation (fullDC). (MEM=2944 CPU=0:00:00.1 REAL=0:00:00.0)
*** Finished SKP initialization (cpu=0:00:00.4, real=0:00:01.0)***
SKP will use view:
  analysis_normal_slow_max
Iteration  4: Total net bbox = 3.993e+02 (2.19e+02 1.81e+02)
              Est.  stn bbox = 4.129e+02 (2.24e+02 1.89e+02)
              cpu = 0:00:00.0 real = 0:00:00.0 mem = 2947.0M
Iteration  5: Total net bbox = 4.124e+02 (2.24e+02 1.88e+02)
              Est.  stn bbox = 4.262e+02 (2.29e+02 1.97e+02)
              cpu = 0:00:00.1 real = 0:00:00.0 mem = 2946.8M
Iteration  6: Total net bbox = 3.927e+02 (2.13e+02 1.79e+02)
              Est.  stn bbox = 4.057e+02 (2.18e+02 1.88e+02)
              cpu = 0:00:00.1 real = 0:00:00.0 mem = 2948.0M
Move report: Timing Driven Placement moved 17 insts, mean move: 1.59 um, max move: 4.36 um 
	Max move on inst (sum_temp_reg[0]): (3.20, 2.66) --> (4.15, 6.07)

Finished Incremental Placement (cpu=0:00:00.9, real=0:00:01.0, mem=2947.1M)
*** Starting place_detail (0:02:01 mem=2943.1M) ***
Total net bbox length = 4.401e+02 (2.572e+02 1.829e+02) (ext = 2.866e+02)
Move report: Detail placement moved 17 insts, mean move: 0.46 um, max move: 2.25 um 
	Max move on inst (sum_temp_reg[2]): (4.80, 9.76) --> (5.60, 11.21)
	Runtime: CPU: 0:00:00.0 REAL: 0:00:00.0 MEM: 2941.9MB
Summary Report:
Instances moved: 17 (out of 17 movable)
Instances flipped: 0
Mean displacement: 0.46 um
Max displacement: 2.25 um (Instance: sum_temp_reg[2]) (4.8015, 9.7555) -> (5.6, 11.21)
	Length: 33 sites, height: 1 rows, site name: CoreSite, cell type: DFFRHQX8
Physical-only instances moved: 0 (out of 0 movable physical-only)
Total net bbox length = 4.451e+02 (2.581e+02 1.870e+02) (ext = 2.901e+02)
Runtime: CPU: 0:00:00.0 REAL: 0:00:00.0 MEM: 2941.9MB
*** Finished place_detail (0:02:01 mem=2941.9M) ***
[NR-eGR] Early global route reroute all routable nets
[NR-eGR] Track table information for default rule: 
[NR-eGR] Metal1 has single uniform track structure
[NR-eGR] Metal2 has single uniform track structure
[NR-eGR] Metal3 has single uniform track structure
[NR-eGR] Metal4 has single uniform track structure
[NR-eGR] Metal5 has single uniform track structure
[NR-eGR] Metal6 has single uniform track structure
[NR-eGR] Metal7 has single uniform track structure
[NR-eGR] Metal8 has single uniform track structure
[NR-eGR] Metal9 has single uniform track structure
[NR-eGR] Metal10 has single uniform track structure
[NR-eGR] Metal11 has single uniform track structure
[NR-eGR] Read 0 clock shapes
[NR-eGR] Read 0 other shapes
[NR-eGR] #Routing Blockages  : 0
[NR-eGR] #Bump Blockages     : 0
[NR-eGR] #Instance Blockages : 0
[NR-eGR] #PG Blockages       : 703
[NR-eGR] #Halo Blockages     : 0
[NR-eGR] #Boundary Blockages : 0
[NR-eGR] #Clock Blockages    : 0
[NR-eGR] #Other Blockages    : 0
[NR-eGR] #prerouted nets         : 1
[NR-eGR] #prerouted special nets : 0
[NR-eGR] #prerouted wires        : 31
[NR-eGR] Read 44 nets ( ignored 1 )
[NR-eGR] Handle net priority by net group ordering
[NR-eGR] == Routing rule table ==
[NR-eGR]  ID  Name       #Nets 
[NR-eGR] ----------------------
[NR-eGR]   0  (Default)     43 
[NR-eGR] Layer group 1: route 43 net(s) in layer range [2, 11]
[NR-eGR] Early Global Route overflow of layer group 1: 0.00% H + 0.00% V. EstWL: 4.104000e+02um
[NR-eGR] Congestion Analysis By layer: (blocked Gcells are excluded) 
[NR-eGR]                        OverCon            
[NR-eGR]                         #Gcell     %Gcell
[NR-eGR]        Layer             (1-0)    OverCon
[NR-eGR] ----------------------------------------------
[NR-eGR]  Metal1 ( 1)         0( 0.00%)   ( 0.00%) 
[NR-eGR]  Metal2 ( 2)         0( 0.00%)   ( 0.00%) 
[NR-eGR]  Metal3 ( 3)         0( 0.00%)   ( 0.00%) 
[NR-eGR]  Metal4 ( 4)         0( 0.00%)   ( 0.00%) 
[NR-eGR]  Metal5 ( 5)         0( 0.00%)   ( 0.00%) 
[NR-eGR]  Metal6 ( 6)         0( 0.00%)   ( 0.00%) 
[NR-eGR]  Metal7 ( 7)         0( 0.00%)   ( 0.00%) 
[NR-eGR]  Metal8 ( 8)         0( 0.00%)   ( 0.00%) 
[NR-eGR]  Metal9 ( 9)         0( 0.00%)   ( 0.00%) 
[NR-eGR] Metal10 (10)         0( 0.00%)   ( 0.00%) 
[NR-eGR] Metal11 (11)         0( 0.00%)   ( 0.00%) 
[NR-eGR] ----------------------------------------------
[NR-eGR]        Total         0( 0.00%)   ( 0.00%) 
[NR-eGR] 
[NR-eGR] Overflow after Early Global Route 0.00% H + 0.00% V
[NR-eGR] Finished Early Global Route kernel ( CPU: 0.06 sec, Real: 3.52 sec, Curr Mem: 2663.64 MB )
Early Global Route congestion estimation runtime: 3.53 seconds, mem = 2942.3M
Local HotSpot Analysis: normalized max congestion hotspot area = 0.00, normalized total congestion hotspot area = 0.00 (area is in unit of 4 std-cell row bins)
[NR-eGR] Connected 0 must-join pins/ports (post-process)
[NR-eGR] Total eGR-routed clock nets wire length: 0um, number of vias: 0
[NR-eGR] --------------------------------------------------------------------------
[NR-eGR]                  Length (um)  Vias 
[NR-eGR] -----------------------------------
[NR-eGR]  Metal1   (1H)             0   104 
[NR-eGR]  Metal2   (2V)           192   143 
[NR-eGR]  Metal3   (3H)           267     6 
[NR-eGR]  Metal4   (4V)            15     0 
[NR-eGR]  Metal5   (5H)             0     0 
[NR-eGR]  Metal6   (6V)             0     0 
[NR-eGR]  Metal7   (7H)             0     0 
[NR-eGR]  Metal8   (8V)             0     0 
[NR-eGR]  Metal9   (9H)             0     0 
[NR-eGR]  Metal10  (10V)            0     0 
[NR-eGR]  Metal11  (11H)            0     0 
[NR-eGR] -----------------------------------
[NR-eGR]           Total          474   253 
[NR-eGR] --------------------------------------------------------------------------
[NR-eGR] Total half perimeter of net bounding box: 445um
[NR-eGR] Total length: 474um, number of vias: 253
[NR-eGR] --------------------------------------------------------------------------
Early Global Route wiring runtime: 0.16 seconds, mem = 2911.2M

*** Finished incrementalPlace (cpu=0:00:01.4, real=0:00:10.0)***
*** IncrReplace #1 [finish] (CTS #1 / clock_opt_design #1) : cpu/real = 0:00:01.4/0:00:09.9 (0.1), totSession cpu/real = 0:02:00.8/0:05:24.9 (0.4), mem = 2909.1M
    Congestion Repair done. (took cpu=0:00:01.5 real=0:00:10.0)
  CCOpt: Starting congestion repair using flow wrapper done.
  Leaving CCOpt scope - Early Global Route done. (took cpu=0:00:01.9 real=0:00:17.3)
  Leaving CCOpt scope - extractRC...
  Updating RC parasitics by calling: "extract_rc -noRouteCheck"...
Extraction called for design 'somador' of instances=17 and nets=46 using extraction engine 'pre_route' .
pre_route RC Extraction called for design somador.
RC Extraction called in multi-corner(2) mode.
RCMode: PreRoute
      RC Corner Indexes            0       1   
Capacitance Scaling Factor   : 1.00000 1.00000 
Resistance Scaling Factor    : 1.00000 1.00000 
Clock Cap. Scaling Factor    : 1.00000 1.00000 
Clock Res. Scaling Factor    : 1.00000 1.00000 
Shrink Factor                : 1.00000
PreRoute extraction is honoring NDR/Shielding/ExtraSpace for clock nets.
Using capacitance table file ...
Updating RC Grid density data for preRoute extraction ...
Initializing multi-corner resistance tables ...
PreRoute RC Extraction DONE (CPU Time: 0:00:00.0  Real Time: 0:00:00.0  MEM: 2907.355M)
  Updating RC parasitics by calling: "extract_rc -noRouteCheck" done.
  Leaving CCOpt scope - extractRC done. (took cpu=0:00:00.0 real=0:00:00.0)
  Clock tree timing engine global stage delay update for slow_max:setup.late...
  Clock tree timing engine global stage delay update for slow_max:setup.late done. (took cpu=0:00:00.0 real=0:00:00.0)
  Clock DAG stats after clustering cong repair call:
    cell counts      : b=0, i=0, icg=0, dcg=0, l=0, total=0
    sink counts      : regular=9, enable_latch=0, load_capacitance=0, antenna=0, node_sink=0, port=0, total=9
    misc counts      : r=1, pp=0, mci=0
    cell areas       : b=0.000um^2, i=0.000um^2, icg=0.000um^2, dcg=0.000um^2, l=0.000um^2, total=0.000um^2
    cell capacitance : b=0.000pF, i=0.000pF, icg=0.000pF, dcg=0.000pF, l=0.000pF, total=0.000pF
    sink capacitance : total=0.002pF, avg=0.000pF, sd=0.000pF, min=0.000pF, max=0.000pF
    wire capacitance : top=0.000pF, trunk=0.000pF, leaf=0.002pF, total=0.002pF
    wire lengths     : top=0.000um, trunk=0.000um, leaf=31.795um, total=31.795um
    hp wire lengths  : top=0.000um, trunk=0.000um, leaf=20.985um, total=20.985um
  Clock DAG net violations after clustering cong repair call: none
  Clock DAG primary half-corner transition distribution after clustering cong repair call:
    Leaf : target=0.140ns count=1 avg=0.004ns sd=0.000ns min=0.004ns max=0.004ns {1 <= 0.084ns, 0 <= 0.112ns, 0 <= 0.126ns, 0 <= 0.133ns, 0 <= 0.140ns}
  Primary reporting skew groups after clustering cong repair call:
    skew_group clk/normal_genus_slow_max: insertion delay [min=0.000, max=0.000, avg=0.000, sd=0.000, skn=-nan, kur=-nan], skew [0.000 vs 0.120], 100% {0.000, 0.000} (wid=0.000 ws=0.000) (gid=0.000 gs=0.000)
  Skew group summary after clustering cong repair call:
    skew_group clk/normal_genus_slow_max: insertion delay [min=0.000, max=0.000, avg=0.000, sd=0.000, skn=-nan, kur=-nan], skew [0.000 vs 0.120], 100% {0.000, 0.000} (wid=0.000 ws=0.000) (gid=0.000 gs=0.000)
  CongRepair After Initial Clustering done. (took cpu=0:00:02.0 real=0:00:17.4)
  Stage::Clustering done. (took cpu=0:00:02.7 real=0:00:18.1)
  Stage::DRV Fixing...
  Fixing clock tree slew time and max cap violations...
    Fixing clock tree overload: ...20% ...40% ...60% ...80% ...100% 
    Clock DAG stats after 'Fixing clock tree slew time and max cap violations':
      cell counts      : b=0, i=0, icg=0, dcg=0, l=0, total=0
      sink counts      : regular=9, enable_latch=0, load_capacitance=0, antenna=0, node_sink=0, port=0, total=9
      misc counts      : r=1, pp=0, mci=0
      cell areas       : b=0.000um^2, i=0.000um^2, icg=0.000um^2, dcg=0.000um^2, l=0.000um^2, total=0.000um^2
      cell capacitance : b=0.000pF, i=0.000pF, icg=0.000pF, dcg=0.000pF, l=0.000pF, total=0.000pF
      sink capacitance : total=0.002pF, avg=0.000pF, sd=0.000pF, min=0.000pF, max=0.000pF
      wire capacitance : top=0.000pF, trunk=0.000pF, leaf=0.002pF, total=0.002pF
      wire lengths     : top=0.000um, trunk=0.000um, leaf=31.795um, total=31.795um
      hp wire lengths  : top=0.000um, trunk=0.000um, leaf=20.985um, total=20.985um
    Clock DAG net violations after 'Fixing clock tree slew time and max cap violations': none
    Clock DAG primary half-corner transition distribution after 'Fixing clock tree slew time and max cap violations':
      Leaf : target=0.140ns count=1 avg=0.004ns sd=0.000ns min=0.004ns max=0.004ns {1 <= 0.084ns, 0 <= 0.112ns, 0 <= 0.126ns, 0 <= 0.133ns, 0 <= 0.140ns}
    Primary reporting skew groups after 'Fixing clock tree slew time and max cap violations':
      skew_group clk/normal_genus_slow_max: insertion delay [min=0.000, max=0.000], skew [0.000 vs 0.120]
    Skew group summary after 'Fixing clock tree slew time and max cap violations':
      skew_group clk/normal_genus_slow_max: insertion delay [min=0.000, max=0.000], skew [0.000 vs 0.120]
    Legalizer API calls during this step: 0 succeeded with high effort: 0 succeeded with medium effort: 0 succeeded with low effort: 0 succeeded with basic effort: 0 succeeded with basic unbounded effort: 0
  Fixing clock tree slew time and max cap violations done. (took cpu=0:00:00.0 real=0:00:00.0)
  Fixing clock tree slew time and max cap violations - detailed pass...
    Fixing clock tree overload: ...20% ...40% ...60% ...80% ...100% 
    Clock DAG stats after 'Fixing clock tree slew time and max cap violations - detailed pass':
      cell counts      : b=0, i=0, icg=0, dcg=0, l=0, total=0
      sink counts      : regular=9, enable_latch=0, load_capacitance=0, antenna=0, node_sink=0, port=0, total=9
      misc counts      : r=1, pp=0, mci=0
      cell areas       : b=0.000um^2, i=0.000um^2, icg=0.000um^2, dcg=0.000um^2, l=0.000um^2, total=0.000um^2
      cell capacitance : b=0.000pF, i=0.000pF, icg=0.000pF, dcg=0.000pF, l=0.000pF, total=0.000pF
      sink capacitance : total=0.002pF, avg=0.000pF, sd=0.000pF, min=0.000pF, max=0.000pF
      wire capacitance : top=0.000pF, trunk=0.000pF, leaf=0.002pF, total=0.002pF
      wire lengths     : top=0.000um, trunk=0.000um, leaf=31.795um, total=31.795um
      hp wire lengths  : top=0.000um, trunk=0.000um, leaf=20.985um, total=20.985um
    Clock DAG net violations after 'Fixing clock tree slew time and max cap violations - detailed pass': none
    Clock DAG primary half-corner transition distribution after 'Fixing clock tree slew time and max cap violations - detailed pass':
      Leaf : target=0.140ns count=1 avg=0.004ns sd=0.000ns min=0.004ns max=0.004ns {1 <= 0.084ns, 0 <= 0.112ns, 0 <= 0.126ns, 0 <= 0.133ns, 0 <= 0.140ns}
    Primary reporting skew groups after 'Fixing clock tree slew time and max cap violations - detailed pass':
      skew_group clk/normal_genus_slow_max: insertion delay [min=0.000, max=0.000, avg=0.000, sd=0.000, skn=-nan, kur=-nan], skew [0.000 vs 0.120], 100% {0.000, 0.000} (wid=0.000 ws=0.000) (gid=0.000 gs=0.000)
    Skew group summary after 'Fixing clock tree slew time and max cap violations - detailed pass':
      skew_group clk/normal_genus_slow_max: insertion delay [min=0.000, max=0.000, avg=0.000, sd=0.000, skn=-nan, kur=-nan], skew [0.000 vs 0.120], 100% {0.000, 0.000} (wid=0.000 ws=0.000) (gid=0.000 gs=0.000)
    Legalizer API calls during this step: 0 succeeded with high effort: 0 succeeded with medium effort: 0 succeeded with low effort: 0 succeeded with basic effort: 0 succeeded with basic unbounded effort: 0
  Fixing clock tree slew time and max cap violations - detailed pass done. (took cpu=0:00:00.0 real=0:00:00.0)
  Stage::DRV Fixing done. (took cpu=0:00:00.0 real=0:00:00.0)
  Stage::Insertion Delay Reduction...
  Removing unnecessary root buffering...
    Clock DAG stats after 'Removing unnecessary root buffering':
      cell counts      : b=0, i=0, icg=0, dcg=0, l=0, total=0
      sink counts      : regular=9, enable_latch=0, load_capacitance=0, antenna=0, node_sink=0, port=0, total=9
      misc counts      : r=1, pp=0, mci=0
      cell areas       : b=0.000um^2, i=0.000um^2, icg=0.000um^2, dcg=0.000um^2, l=0.000um^2, total=0.000um^2
      cell capacitance : b=0.000pF, i=0.000pF, icg=0.000pF, dcg=0.000pF, l=0.000pF, total=0.000pF
      sink capacitance : total=0.002pF, avg=0.000pF, sd=0.000pF, min=0.000pF, max=0.000pF
      wire capacitance : top=0.000pF, trunk=0.000pF, leaf=0.002pF, total=0.002pF
      wire lengths     : top=0.000um, trunk=0.000um, leaf=31.795um, total=31.795um
      hp wire lengths  : top=0.000um, trunk=0.000um, leaf=20.985um, total=20.985um
    Clock DAG net violations after 'Removing unnecessary root buffering': none
    Clock DAG primary half-corner transition distribution after 'Removing unnecessary root buffering':
      Leaf : target=0.140ns count=1 avg=0.004ns sd=0.000ns min=0.004ns max=0.004ns {1 <= 0.084ns, 0 <= 0.112ns, 0 <= 0.126ns, 0 <= 0.133ns, 0 <= 0.140ns}
    Primary reporting skew groups after 'Removing unnecessary root buffering':
      skew_group clk/normal_genus_slow_max: insertion delay [min=0.000, max=0.000], skew [0.000 vs 0.120]
    Skew group summary after 'Removing unnecessary root buffering':
      skew_group clk/normal_genus_slow_max: insertion delay [min=0.000, max=0.000], skew [0.000 vs 0.120]
    Legalizer API calls during this step: 0 succeeded with high effort: 0 succeeded with medium effort: 0 succeeded with low effort: 0 succeeded with basic effort: 0 succeeded with basic unbounded effort: 0
  Removing unnecessary root buffering done. (took cpu=0:00:00.0 real=0:00:00.0)
  Removing unconstrained drivers...
    Clock DAG stats after 'Removing unconstrained drivers':
      cell counts      : b=0, i=0, icg=0, dcg=0, l=0, total=0
      sink counts      : regular=9, enable_latch=0, load_capacitance=0, antenna=0, node_sink=0, port=0, total=9
      misc counts      : r=1, pp=0, mci=0
      cell areas       : b=0.000um^2, i=0.000um^2, icg=0.000um^2, dcg=0.000um^2, l=0.000um^2, total=0.000um^2
      cell capacitance : b=0.000pF, i=0.000pF, icg=0.000pF, dcg=0.000pF, l=0.000pF, total=0.000pF
      sink capacitance : total=0.002pF, avg=0.000pF, sd=0.000pF, min=0.000pF, max=0.000pF
      wire capacitance : top=0.000pF, trunk=0.000pF, leaf=0.002pF, total=0.002pF
      wire lengths     : top=0.000um, trunk=0.000um, leaf=31.795um, total=31.795um
      hp wire lengths  : top=0.000um, trunk=0.000um, leaf=20.985um, total=20.985um
    Clock DAG net violations after 'Removing unconstrained drivers': none
    Clock DAG primary half-corner transition distribution after 'Removing unconstrained drivers':
      Leaf : target=0.140ns count=1 avg=0.004ns sd=0.000ns min=0.004ns max=0.004ns {1 <= 0.084ns, 0 <= 0.112ns, 0 <= 0.126ns, 0 <= 0.133ns, 0 <= 0.140ns}
    Primary reporting skew groups after 'Removing unconstrained drivers':
      skew_group clk/normal_genus_slow_max: insertion delay [min=0.000, max=0.000], skew [0.000 vs 0.120]
    Skew group summary after 'Removing unconstrained drivers':
      skew_group clk/normal_genus_slow_max: insertion delay [min=0.000, max=0.000], skew [0.000 vs 0.120]
    Legalizer API calls during this step: 0 succeeded with high effort: 0 succeeded with medium effort: 0 succeeded with low effort: 0 succeeded with basic effort: 0 succeeded with basic unbounded effort: 0
  Removing unconstrained drivers done. (took cpu=0:00:00.0 real=0:00:00.0)
  Reducing insertion delay 1...
    Clock DAG stats after 'Reducing insertion delay 1':
      cell counts      : b=0, i=0, icg=0, dcg=0, l=0, total=0
      sink counts      : regular=9, enable_latch=0, load_capacitance=0, antenna=0, node_sink=0, port=0, total=9
      misc counts      : r=1, pp=0, mci=0
      cell areas       : b=0.000um^2, i=0.000um^2, icg=0.000um^2, dcg=0.000um^2, l=0.000um^2, total=0.000um^2
      cell capacitance : b=0.000pF, i=0.000pF, icg=0.000pF, dcg=0.000pF, l=0.000pF, total=0.000pF
      sink capacitance : total=0.002pF, avg=0.000pF, sd=0.000pF, min=0.000pF, max=0.000pF
      wire capacitance : top=0.000pF, trunk=0.000pF, leaf=0.002pF, total=0.002pF
      wire lengths     : top=0.000um, trunk=0.000um, leaf=31.795um, total=31.795um
      hp wire lengths  : top=0.000um, trunk=0.000um, leaf=20.985um, total=20.985um
    Clock DAG net violations after 'Reducing insertion delay 1': none
    Clock DAG primary half-corner transition distribution after 'Reducing insertion delay 1':
      Leaf : target=0.140ns count=1 avg=0.004ns sd=0.000ns min=0.004ns max=0.004ns {1 <= 0.084ns, 0 <= 0.112ns, 0 <= 0.126ns, 0 <= 0.133ns, 0 <= 0.140ns}
    Primary reporting skew groups after 'Reducing insertion delay 1':
      skew_group clk/normal_genus_slow_max: insertion delay [min=0.000, max=0.000], skew [0.000 vs 0.120]
    Skew group summary after 'Reducing insertion delay 1':
      skew_group clk/normal_genus_slow_max: insertion delay [min=0.000, max=0.000], skew [0.000 vs 0.120]
    Legalizer API calls during this step: 8 succeeded with high effort: 8 succeeded with medium effort: 0 succeeded with low effort: 0 succeeded with basic effort: 0 succeeded with basic unbounded effort: 0
  Reducing insertion delay 1 done. (took cpu=0:00:00.0 real=0:00:00.0)
  Removing longest path buffering...
    Clock DAG stats after 'Removing longest path buffering':
      cell counts      : b=0, i=0, icg=0, dcg=0, l=0, total=0
      sink counts      : regular=9, enable_latch=0, load_capacitance=0, antenna=0, node_sink=0, port=0, total=9
      misc counts      : r=1, pp=0, mci=0
      cell areas       : b=0.000um^2, i=0.000um^2, icg=0.000um^2, dcg=0.000um^2, l=0.000um^2, total=0.000um^2
      cell capacitance : b=0.000pF, i=0.000pF, icg=0.000pF, dcg=0.000pF, l=0.000pF, total=0.000pF
      sink capacitance : total=0.002pF, avg=0.000pF, sd=0.000pF, min=0.000pF, max=0.000pF
      wire capacitance : top=0.000pF, trunk=0.000pF, leaf=0.002pF, total=0.002pF
      wire lengths     : top=0.000um, trunk=0.000um, leaf=31.795um, total=31.795um
      hp wire lengths  : top=0.000um, trunk=0.000um, leaf=20.985um, total=20.985um
    Clock DAG net violations after 'Removing longest path buffering': none
    Clock DAG primary half-corner transition distribution after 'Removing longest path buffering':
      Leaf : target=0.140ns count=1 avg=0.004ns sd=0.000ns min=0.004ns max=0.004ns {1 <= 0.084ns, 0 <= 0.112ns, 0 <= 0.126ns, 0 <= 0.133ns, 0 <= 0.140ns}
    Primary reporting skew groups after 'Removing longest path buffering':
      skew_group clk/normal_genus_slow_max: insertion delay [min=0.000, max=0.000], skew [0.000 vs 0.120]
    Skew group summary after 'Removing longest path buffering':
      skew_group clk/normal_genus_slow_max: insertion delay [min=0.000, max=0.000], skew [0.000 vs 0.120]
    Legalizer API calls during this step: 0 succeeded with high effort: 0 succeeded with medium effort: 0 succeeded with low effort: 0 succeeded with basic effort: 0 succeeded with basic unbounded effort: 0
  Removing longest path buffering done. (took cpu=0:00:00.0 real=0:00:00.0)
  Reducing delay of long paths...
    Clock DAG stats after 'Reducing delay of long paths':
      cell counts      : b=0, i=0, icg=0, dcg=0, l=0, total=0
      sink counts      : regular=9, enable_latch=0, load_capacitance=0, antenna=0, node_sink=0, port=0, total=9
      misc counts      : r=1, pp=0, mci=0
      cell areas       : b=0.000um^2, i=0.000um^2, icg=0.000um^2, dcg=0.000um^2, l=0.000um^2, total=0.000um^2
      cell capacitance : b=0.000pF, i=0.000pF, icg=0.000pF, dcg=0.000pF, l=0.000pF, total=0.000pF
      sink capacitance : total=0.002pF, avg=0.000pF, sd=0.000pF, min=0.000pF, max=0.000pF
      wire capacitance : top=0.000pF, trunk=0.000pF, leaf=0.002pF, total=0.002pF
      wire lengths     : top=0.000um, trunk=0.000um, leaf=31.795um, total=31.795um
      hp wire lengths  : top=0.000um, trunk=0.000um, leaf=20.985um, total=20.985um
    Clock DAG net violations after 'Reducing delay of long paths': none
    Clock DAG primary half-corner transition distribution after 'Reducing delay of long paths':
      Leaf : target=0.140ns count=1 avg=0.004ns sd=0.000ns min=0.004ns max=0.004ns {1 <= 0.084ns, 0 <= 0.112ns, 0 <= 0.126ns, 0 <= 0.133ns, 0 <= 0.140ns}
    Primary reporting skew groups after 'Reducing delay of long paths':
      skew_group clk/normal_genus_slow_max: insertion delay [min=0.000, max=0.000, avg=0.000, sd=0.000, skn=-nan, kur=-nan], skew [0.000 vs 0.120], 100% {0.000, 0.000} (wid=0.000 ws=0.000) (gid=0.000 gs=0.000)
    Skew group summary after 'Reducing delay of long paths':
      skew_group clk/normal_genus_slow_max: insertion delay [min=0.000, max=0.000, avg=0.000, sd=0.000, skn=-nan, kur=-nan], skew [0.000 vs 0.120], 100% {0.000, 0.000} (wid=0.000 ws=0.000) (gid=0.000 gs=0.000)
    Legalizer API calls during this step: 0 succeeded with high effort: 0 succeeded with medium effort: 0 succeeded with low effort: 0 succeeded with basic effort: 0 succeeded with basic unbounded effort: 0
  Reducing delay of long paths done. (took cpu=0:00:00.0 real=0:00:00.0)
  Stage::Insertion Delay Reduction done. (took cpu=0:00:00.0 real=0:00:00.0)
  CCOpt::Phase::Construction done. (took cpu=0:00:02.7 real=0:00:18.2)
  CCOpt::Phase::Implementation...
  Stage::Reducing Power...
  Improving clock tree routing...
    Iteration 1...
    Iteration 1 done.
    Clock DAG stats after 'Improving clock tree routing':
      cell counts      : b=0, i=0, icg=0, dcg=0, l=0, total=0
      sink counts      : regular=9, enable_latch=0, load_capacitance=0, antenna=0, node_sink=0, port=0, total=9
      misc counts      : r=1, pp=0, mci=0
      cell areas       : b=0.000um^2, i=0.000um^2, icg=0.000um^2, dcg=0.000um^2, l=0.000um^2, total=0.000um^2
      cell capacitance : b=0.000pF, i=0.000pF, icg=0.000pF, dcg=0.000pF, l=0.000pF, total=0.000pF
      sink capacitance : total=0.002pF, avg=0.000pF, sd=0.000pF, min=0.000pF, max=0.000pF
      wire capacitance : top=0.000pF, trunk=0.000pF, leaf=0.002pF, total=0.002pF
      wire lengths     : top=0.000um, trunk=0.000um, leaf=31.795um, total=31.795um
      hp wire lengths  : top=0.000um, trunk=0.000um, leaf=20.985um, total=20.985um
    Clock DAG net violations after 'Improving clock tree routing': none
    Clock DAG primary half-corner transition distribution after 'Improving clock tree routing':
      Leaf : target=0.140ns count=1 avg=0.004ns sd=0.000ns min=0.004ns max=0.004ns {1 <= 0.084ns, 0 <= 0.112ns, 0 <= 0.126ns, 0 <= 0.133ns, 0 <= 0.140ns}
    Primary reporting skew groups after 'Improving clock tree routing':
      skew_group clk/normal_genus_slow_max: insertion delay [min=0.000, max=0.000], skew [0.000 vs 0.120]
    Skew group summary after 'Improving clock tree routing':
      skew_group clk/normal_genus_slow_max: insertion delay [min=0.000, max=0.000], skew [0.000 vs 0.120]
    Legalizer API calls during this step: 0 succeeded with high effort: 0 succeeded with medium effort: 0 succeeded with low effort: 0 succeeded with basic effort: 0 succeeded with basic unbounded effort: 0
  Improving clock tree routing done. (took cpu=0:00:00.0 real=0:00:00.0)
  Reducing clock tree power 1...
    Resizing gates: 
    ...20% ...40% ...60% ...80% ...Legalizing clock trees...
    Legalizing clock trees done. (took cpu=0:00:00.0 real=0:00:00.0)
    100% 
    Clock DAG stats after 'Reducing clock tree power 1':
      cell counts      : b=0, i=0, icg=0, dcg=0, l=0, total=0
      sink counts      : regular=9, enable_latch=0, load_capacitance=0, antenna=0, node_sink=0, port=0, total=9
      misc counts      : r=1, pp=0, mci=0
      cell areas       : b=0.000um^2, i=0.000um^2, icg=0.000um^2, dcg=0.000um^2, l=0.000um^2, total=0.000um^2
      cell capacitance : b=0.000pF, i=0.000pF, icg=0.000pF, dcg=0.000pF, l=0.000pF, total=0.000pF
      sink capacitance : total=0.002pF, avg=0.000pF, sd=0.000pF, min=0.000pF, max=0.000pF
      wire capacitance : top=0.000pF, trunk=0.000pF, leaf=0.002pF, total=0.002pF
      wire lengths     : top=0.000um, trunk=0.000um, leaf=31.795um, total=31.795um
      hp wire lengths  : top=0.000um, trunk=0.000um, leaf=20.985um, total=20.985um
    Clock DAG net violations after 'Reducing clock tree power 1': none
    Clock DAG primary half-corner transition distribution after 'Reducing clock tree power 1':
      Leaf : target=0.140ns count=1 avg=0.004ns sd=0.000ns min=0.004ns max=0.004ns {1 <= 0.084ns, 0 <= 0.112ns, 0 <= 0.126ns, 0 <= 0.133ns, 0 <= 0.140ns}
    Primary reporting skew groups after 'Reducing clock tree power 1':
      skew_group clk/normal_genus_slow_max: insertion delay [min=0.000, max=0.000], skew [0.000 vs 0.120]
    Skew group summary after 'Reducing clock tree power 1':
      skew_group clk/normal_genus_slow_max: insertion delay [min=0.000, max=0.000], skew [0.000 vs 0.120]
    Legalizer API calls during this step: 0 succeeded with high effort: 0 succeeded with medium effort: 0 succeeded with low effort: 0 succeeded with basic effort: 0 succeeded with basic unbounded effort: 0
  Reducing clock tree power 1 done. (took cpu=0:00:00.0 real=0:00:00.0)
  Reducing clock tree power 2...
    Clock DAG stats after 'Reducing clock tree power 2':
      cell counts      : b=0, i=0, icg=0, dcg=0, l=0, total=0
      sink counts      : regular=9, enable_latch=0, load_capacitance=0, antenna=0, node_sink=0, port=0, total=9
      misc counts      : r=1, pp=0, mci=0
      cell areas       : b=0.000um^2, i=0.000um^2, icg=0.000um^2, dcg=0.000um^2, l=0.000um^2, total=0.000um^2
      cell capacitance : b=0.000pF, i=0.000pF, icg=0.000pF, dcg=0.000pF, l=0.000pF, total=0.000pF
      sink capacitance : total=0.002pF, avg=0.000pF, sd=0.000pF, min=0.000pF, max=0.000pF
      wire capacitance : top=0.000pF, trunk=0.000pF, leaf=0.002pF, total=0.002pF
      wire lengths     : top=0.000um, trunk=0.000um, leaf=31.795um, total=31.795um
      hp wire lengths  : top=0.000um, trunk=0.000um, leaf=20.985um, total=20.985um
    Clock DAG net violations after 'Reducing clock tree power 2': none
    Clock DAG primary half-corner transition distribution after 'Reducing clock tree power 2':
      Leaf : target=0.140ns count=1 avg=0.004ns sd=0.000ns min=0.004ns max=0.004ns {1 <= 0.084ns, 0 <= 0.112ns, 0 <= 0.126ns, 0 <= 0.133ns, 0 <= 0.140ns}
    Primary reporting skew groups after 'Reducing clock tree power 2':
      skew_group clk/normal_genus_slow_max: insertion delay [min=0.000, max=0.000, avg=0.000, sd=0.000, skn=-nan, kur=-nan], skew [0.000 vs 0.120], 100% {0.000, 0.000} (wid=0.000 ws=0.000) (gid=0.000 gs=0.000)
    Skew group summary after 'Reducing clock tree power 2':
      skew_group clk/normal_genus_slow_max: insertion delay [min=0.000, max=0.000, avg=0.000, sd=0.000, skn=-nan, kur=-nan], skew [0.000 vs 0.120], 100% {0.000, 0.000} (wid=0.000 ws=0.000) (gid=0.000 gs=0.000)
    Legalizer API calls during this step: 0 succeeded with high effort: 0 succeeded with medium effort: 0 succeeded with low effort: 0 succeeded with basic effort: 0 succeeded with basic unbounded effort: 0
  Reducing clock tree power 2 done. (took cpu=0:00:00.0 real=0:00:00.0)
  Stage::Reducing Power done. (took cpu=0:00:00.0 real=0:00:00.0)
  Stage::Balancing...
  Improving subtree skew...
    Clock DAG stats after 'Improving subtree skew':
      cell counts      : b=0, i=0, icg=0, dcg=0, l=0, total=0
      sink counts      : regular=9, enable_latch=0, load_capacitance=0, antenna=0, node_sink=0, port=0, total=9
      misc counts      : r=1, pp=0, mci=0
      cell areas       : b=0.000um^2, i=0.000um^2, icg=0.000um^2, dcg=0.000um^2, l=0.000um^2, total=0.000um^2
      cell capacitance : b=0.000pF, i=0.000pF, icg=0.000pF, dcg=0.000pF, l=0.000pF, total=0.000pF
      sink capacitance : total=0.002pF, avg=0.000pF, sd=0.000pF, min=0.000pF, max=0.000pF
      wire capacitance : top=0.000pF, trunk=0.000pF, leaf=0.002pF, total=0.002pF
      wire lengths     : top=0.000um, trunk=0.000um, leaf=31.795um, total=31.795um
      hp wire lengths  : top=0.000um, trunk=0.000um, leaf=20.985um, total=20.985um
    Clock DAG net violations after 'Improving subtree skew': none
    Clock DAG primary half-corner transition distribution after 'Improving subtree skew':
      Leaf : target=0.140ns count=1 avg=0.004ns sd=0.000ns min=0.004ns max=0.004ns {1 <= 0.084ns, 0 <= 0.112ns, 0 <= 0.126ns, 0 <= 0.133ns, 0 <= 0.140ns}
    Primary reporting skew groups after 'Improving subtree skew':
      skew_group clk/normal_genus_slow_max: insertion delay [min=0.000, max=0.000, avg=0.000, sd=0.000, skn=-nan, kur=-nan], skew [0.000 vs 0.120], 100% {0.000, 0.000} (wid=0.000 ws=0.000) (gid=0.000 gs=0.000)
    Skew group summary after 'Improving subtree skew':
      skew_group clk/normal_genus_slow_max: insertion delay [min=0.000, max=0.000, avg=0.000, sd=0.000, skn=-nan, kur=-nan], skew [0.000 vs 0.120], 100% {0.000, 0.000} (wid=0.000 ws=0.000) (gid=0.000 gs=0.000)
    Legalizer API calls during this step: 0 succeeded with high effort: 0 succeeded with medium effort: 0 succeeded with low effort: 0 succeeded with basic effort: 0 succeeded with basic unbounded effort: 0
  Improving subtree skew done. (took cpu=0:00:00.0 real=0:00:00.0)
  Offloading subtrees by buffering...
    Clock DAG stats after 'Offloading subtrees by buffering':
      cell counts      : b=0, i=0, icg=0, dcg=0, l=0, total=0
      sink counts      : regular=9, enable_latch=0, load_capacitance=0, antenna=0, node_sink=0, port=0, total=9
      misc counts      : r=1, pp=0, mci=0
      cell areas       : b=0.000um^2, i=0.000um^2, icg=0.000um^2, dcg=0.000um^2, l=0.000um^2, total=0.000um^2
      cell capacitance : b=0.000pF, i=0.000pF, icg=0.000pF, dcg=0.000pF, l=0.000pF, total=0.000pF
      sink capacitance : total=0.002pF, avg=0.000pF, sd=0.000pF, min=0.000pF, max=0.000pF
      wire capacitance : top=0.000pF, trunk=0.000pF, leaf=0.002pF, total=0.002pF
      wire lengths     : top=0.000um, trunk=0.000um, leaf=31.795um, total=31.795um
      hp wire lengths  : top=0.000um, trunk=0.000um, leaf=20.985um, total=20.985um
    Clock DAG net violations after 'Offloading subtrees by buffering': none
    Clock DAG primary half-corner transition distribution after 'Offloading subtrees by buffering':
      Leaf : target=0.140ns count=1 avg=0.004ns sd=0.000ns min=0.004ns max=0.004ns {1 <= 0.084ns, 0 <= 0.112ns, 0 <= 0.126ns, 0 <= 0.133ns, 0 <= 0.140ns}
    Primary reporting skew groups after 'Offloading subtrees by buffering':
      skew_group clk/normal_genus_slow_max: insertion delay [min=0.000, max=0.000, avg=0.000, sd=0.000, skn=-nan, kur=-nan], skew [0.000 vs 0.120], 100% {0.000, 0.000} (wid=0.000 ws=0.000) (gid=0.000 gs=0.000)
    Skew group summary after 'Offloading subtrees by buffering':
      skew_group clk/normal_genus_slow_max: insertion delay [min=0.000, max=0.000, avg=0.000, sd=0.000, skn=-nan, kur=-nan], skew [0.000 vs 0.120], 100% {0.000, 0.000} (wid=0.000 ws=0.000) (gid=0.000 gs=0.000)
    Legalizer API calls during this step: 0 succeeded with high effort: 0 succeeded with medium effort: 0 succeeded with low effort: 0 succeeded with basic effort: 0 succeeded with basic unbounded effort: 0
  Offloading subtrees by buffering done. (took cpu=0:00:00.0 real=0:00:00.0)
  AdjustingMinPinPIDs for balancing...
    Approximately balancing fragments step...
      Resolve constraints - Approximately balancing fragments...
      Resolving skew group constraints...
        Solving LP: 1 skew groups; 2 fragments, 2 fraglets and 3 vertices; 13 variables and 30 constraints; tolerance 1
      Resolving skew group constraints done.
      Resolve constraints - Approximately balancing fragments done. (took cpu=0:00:00.0 real=0:00:00.0)
      Estimate delay to be added in balancing - Approximately balancing fragments...
      Trial balancer estimated the amount of delay to be added in balancing: 0.040ns
      Estimate delay to be added in balancing - Approximately balancing fragments done. (took cpu=0:00:00.0 real=0:00:00.0)
      Approximately balancing fragments...
        Moving gates to improve sub-tree skew...
          Tried: 2 Succeeded: 0
          Clock DAG stats after 'Moving gates to improve sub-tree skew':
            cell counts      : b=0, i=0, icg=0, dcg=0, l=0, total=0
            sink counts      : regular=9, enable_latch=0, load_capacitance=0, antenna=0, node_sink=0, port=0, total=9
            misc counts      : r=1, pp=0, mci=0
            cell areas       : b=0.000um^2, i=0.000um^2, icg=0.000um^2, dcg=0.000um^2, l=0.000um^2, total=0.000um^2
            cell capacitance : b=0.000pF, i=0.000pF, icg=0.000pF, dcg=0.000pF, l=0.000pF, total=0.000pF
            sink capacitance : total=0.002pF, avg=0.000pF, sd=0.000pF, min=0.000pF, max=0.000pF
            wire capacitance : top=0.000pF, trunk=0.000pF, leaf=0.002pF, total=0.002pF
            wire lengths     : top=0.000um, trunk=0.000um, leaf=31.795um, total=31.795um
            hp wire lengths  : top=0.000um, trunk=0.000um, leaf=20.985um, total=20.985um
          Clock DAG net violations after 'Moving gates to improve sub-tree skew': none
          Clock DAG primary half-corner transition distribution after 'Moving gates to improve sub-tree skew':
            Leaf : target=0.140ns count=1 avg=0.004ns sd=0.000ns min=0.004ns max=0.004ns {1 <= 0.084ns, 0 <= 0.112ns, 0 <= 0.126ns, 0 <= 0.133ns, 0 <= 0.140ns}
          Legalizer API calls during this step: 0 succeeded with high effort: 0 succeeded with medium effort: 0 succeeded with low effort: 0 succeeded with basic effort: 0 succeeded with basic unbounded effort: 0
        Moving gates to improve sub-tree skew done. (took cpu=0:00:00.0 real=0:00:00.0)
        Approximately balancing fragments bottom up...
          Clock DAG stats after 'Approximately balancing fragments bottom up':
            cell counts      : b=0, i=0, icg=0, dcg=0, l=0, total=0
            sink counts      : regular=9, enable_latch=0, load_capacitance=0, antenna=0, node_sink=0, port=0, total=9
            misc counts      : r=1, pp=0, mci=0
            cell areas       : b=0.000um^2, i=0.000um^2, icg=0.000um^2, dcg=0.000um^2, l=0.000um^2, total=0.000um^2
            cell capacitance : b=0.000pF, i=0.000pF, icg=0.000pF, dcg=0.000pF, l=0.000pF, total=0.000pF
            sink capacitance : total=0.002pF, avg=0.000pF, sd=0.000pF, min=0.000pF, max=0.000pF
            wire capacitance : top=0.000pF, trunk=0.000pF, leaf=0.002pF, total=0.002pF
            wire lengths     : top=0.000um, trunk=0.000um, leaf=31.795um, total=31.795um
            hp wire lengths  : top=0.000um, trunk=0.000um, leaf=20.985um, total=20.985um
          Clock DAG net violations after 'Approximately balancing fragments bottom up': none
          Clock DAG primary half-corner transition distribution after 'Approximately balancing fragments bottom up':
            Leaf : target=0.140ns count=1 avg=0.004ns sd=0.000ns min=0.004ns max=0.004ns {1 <= 0.084ns, 0 <= 0.112ns, 0 <= 0.126ns, 0 <= 0.133ns, 0 <= 0.140ns}
          Legalizer API calls during this step: 0 succeeded with high effort: 0 succeeded with medium effort: 0 succeeded with low effort: 0 succeeded with basic effort: 0 succeeded with basic unbounded effort: 0
        Approximately balancing fragments bottom up done. (took cpu=0:00:00.0 real=0:00:00.0)
        
        Virtual Delay Histogram:
        
        ---------------------------
        Histogram
        ---------------------------
        {9 <= 0.000ns, 1 > 0.000ns}
        ---------------------------
        
        Virtual delay statistics:
        
        ------------------------------------------------------
        Mean     Min      Max      Std. Dev    Count     Total
        ------------------------------------------------------
        0.004    0.000    0.040     0.012      10.000    0.040
        ------------------------------------------------------
        
        Biggest Virtual delays:
        
        ---------------------------------------
        Virtual    Clock Tree    Pin    Pre-CTS
        Delay                           net
        ---------------------------------------
         0.040     clk           clk    clk
        ---------------------------------------
        
        Approximately balancing fragments, wire and cell delays...
        Approximately balancing fragments, wire and cell delays, iteration 1...
          Clock DAG stats after Approximately balancing fragments, wire and cell delays, iteration 1:
            cell counts      : b=1, i=0, icg=0, dcg=0, l=0, total=1
            sink counts      : regular=9, enable_latch=0, load_capacitance=0, antenna=0, node_sink=0, port=0, total=9
            misc counts      : r=1, pp=0, mci=0
            cell areas       : b=1.710um^2, i=0.000um^2, icg=0.000um^2, dcg=0.000um^2, l=0.000um^2, total=1.710um^2
            cell capacitance : b=0.000pF, i=0.000pF, icg=0.000pF, dcg=0.000pF, l=0.000pF, total=0.000pF
            sink capacitance : total=0.002pF, avg=0.000pF, sd=0.000pF, min=0.000pF, max=0.000pF
            wire capacitance : top=0.000pF, trunk=0.000pF, leaf=0.002pF, total=0.002pF
            wire lengths     : top=0.000um, trunk=5.720um, leaf=26.900um, total=32.620um
            hp wire lengths  : top=0.000um, trunk=4.870um, leaf=18.200um, total=23.070um
          Clock DAG net violations after Approximately balancing fragments, wire and cell delays, iteration 1: none
          Clock DAG primary half-corner transition distribution after Approximately balancing fragments, wire and cell delays, iteration 1:
            Trunk : target=0.140ns count=1 avg=0.004ns sd=0.000ns min=0.004ns max=0.004ns {1 <= 0.084ns, 0 <= 0.112ns, 0 <= 0.126ns, 0 <= 0.133ns, 0 <= 0.140ns}
            Leaf  : target=0.140ns count=1 avg=0.063ns sd=0.000ns min=0.063ns max=0.063ns {1 <= 0.084ns, 0 <= 0.112ns, 0 <= 0.126ns, 0 <= 0.133ns, 0 <= 0.140ns}
          Clock DAG library cell distribution after Approximately balancing fragments, wire and cell delays, iteration 1 {count}:
             Bufs: CLKBUFX2: 1 
        Approximately balancing fragments, wire and cell delays, iteration 1 done.
        Approximately balancing fragments, wire and cell delays, iteration 2...
          Clock DAG stats after Approximately balancing fragments, wire and cell delays, iteration 2:
            cell counts      : b=1, i=0, icg=0, dcg=0, l=0, total=1
            sink counts      : regular=9, enable_latch=0, load_capacitance=0, antenna=0, node_sink=0, port=0, total=9
            misc counts      : r=1, pp=0, mci=0
            cell areas       : b=1.710um^2, i=0.000um^2, icg=0.000um^2, dcg=0.000um^2, l=0.000um^2, total=1.710um^2
            cell capacitance : b=0.000pF, i=0.000pF, icg=0.000pF, dcg=0.000pF, l=0.000pF, total=0.000pF
            sink capacitance : total=0.002pF, avg=0.000pF, sd=0.000pF, min=0.000pF, max=0.000pF
            wire capacitance : top=0.000pF, trunk=0.000pF, leaf=0.002pF, total=0.002pF
            wire lengths     : top=0.000um, trunk=5.720um, leaf=26.900um, total=32.620um
            hp wire lengths  : top=0.000um, trunk=4.870um, leaf=18.200um, total=23.070um
          Clock DAG net violations after Approximately balancing fragments, wire and cell delays, iteration 2: none
          Clock DAG primary half-corner transition distribution after Approximately balancing fragments, wire and cell delays, iteration 2:
            Trunk : target=0.140ns count=1 avg=0.004ns sd=0.000ns min=0.004ns max=0.004ns {1 <= 0.084ns, 0 <= 0.112ns, 0 <= 0.126ns, 0 <= 0.133ns, 0 <= 0.140ns}
            Leaf  : target=0.140ns count=1 avg=0.063ns sd=0.000ns min=0.063ns max=0.063ns {1 <= 0.084ns, 0 <= 0.112ns, 0 <= 0.126ns, 0 <= 0.133ns, 0 <= 0.140ns}
          Clock DAG library cell distribution after Approximately balancing fragments, wire and cell delays, iteration 2 {count}:
             Bufs: CLKBUFX2: 1 
        Approximately balancing fragments, wire and cell delays, iteration 2 done.
        Approximately balancing fragments, wire and cell delays done. (took cpu=0:00:00.0 real=0:00:00.0)
      Approximately balancing fragments done.
      Clock DAG stats after 'Approximately balancing fragments step':
        cell counts      : b=1, i=0, icg=0, dcg=0, l=0, total=1
        sink counts      : regular=9, enable_latch=0, load_capacitance=0, antenna=0, node_sink=0, port=0, total=9
        misc counts      : r=1, pp=0, mci=0
        cell areas       : b=1.710um^2, i=0.000um^2, icg=0.000um^2, dcg=0.000um^2, l=0.000um^2, total=1.710um^2
        cell capacitance : b=0.000pF, i=0.000pF, icg=0.000pF, dcg=0.000pF, l=0.000pF, total=0.000pF
        sink capacitance : total=0.002pF, avg=0.000pF, sd=0.000pF, min=0.000pF, max=0.000pF
        wire capacitance : top=0.000pF, trunk=0.000pF, leaf=0.002pF, total=0.002pF
        wire lengths     : top=0.000um, trunk=5.720um, leaf=26.900um, total=32.620um
        hp wire lengths  : top=0.000um, trunk=4.870um, leaf=18.200um, total=23.070um
      Clock DAG net violations after 'Approximately balancing fragments step': none
      Clock DAG primary half-corner transition distribution after 'Approximately balancing fragments step':
        Trunk : target=0.140ns count=1 avg=0.004ns sd=0.000ns min=0.004ns max=0.004ns {1 <= 0.084ns, 0 <= 0.112ns, 0 <= 0.126ns, 0 <= 0.133ns, 0 <= 0.140ns}
        Leaf  : target=0.140ns count=1 avg=0.063ns sd=0.000ns min=0.063ns max=0.063ns {1 <= 0.084ns, 0 <= 0.112ns, 0 <= 0.126ns, 0 <= 0.133ns, 0 <= 0.140ns}
      Clock DAG library cell distribution after 'Approximately balancing fragments step' {count}:
         Bufs: CLKBUFX2: 1 
      Legalizer API calls during this step: 1 succeeded with high effort: 1 succeeded with medium effort: 0 succeeded with low effort: 0 succeeded with basic effort: 0 succeeded with basic unbounded effort: 0
    Approximately balancing fragments step done. (took cpu=0:00:00.0 real=0:00:00.0)
    Clock DAG stats after Approximately balancing fragments:
      cell counts      : b=1, i=0, icg=0, dcg=0, l=0, total=1
      sink counts      : regular=9, enable_latch=0, load_capacitance=0, antenna=0, node_sink=0, port=0, total=9
      misc counts      : r=1, pp=0, mci=0
      cell areas       : b=1.710um^2, i=0.000um^2, icg=0.000um^2, dcg=0.000um^2, l=0.000um^2, total=1.710um^2
      cell capacitance : b=0.000pF, i=0.000pF, icg=0.000pF, dcg=0.000pF, l=0.000pF, total=0.000pF
      sink capacitance : total=0.002pF, avg=0.000pF, sd=0.000pF, min=0.000pF, max=0.000pF
      wire capacitance : top=0.000pF, trunk=0.000pF, leaf=0.002pF, total=0.002pF
      wire lengths     : top=0.000um, trunk=5.720um, leaf=26.900um, total=32.620um
      hp wire lengths  : top=0.000um, trunk=4.870um, leaf=18.200um, total=23.070um
    Clock DAG net violations after Approximately balancing fragments: none
    Clock DAG primary half-corner transition distribution after Approximately balancing fragments:
      Trunk : target=0.140ns count=1 avg=0.004ns sd=0.000ns min=0.004ns max=0.004ns {1 <= 0.084ns, 0 <= 0.112ns, 0 <= 0.126ns, 0 <= 0.133ns, 0 <= 0.140ns}
      Leaf  : target=0.140ns count=1 avg=0.063ns sd=0.000ns min=0.063ns max=0.063ns {1 <= 0.084ns, 0 <= 0.112ns, 0 <= 0.126ns, 0 <= 0.133ns, 0 <= 0.140ns}
    Clock DAG library cell distribution after Approximately balancing fragments {count}:
       Bufs: CLKBUFX2: 1 
    Primary reporting skew groups after Approximately balancing fragments:
      skew_group clk/normal_genus_slow_max: insertion delay [min=0.093, max=0.093], skew [0.000 vs 0.120]
    Skew group summary after Approximately balancing fragments:
      skew_group clk/normal_genus_slow_max: insertion delay [min=0.093, max=0.093], skew [0.000 vs 0.120]
    Improving fragments clock skew...
      Clock DAG stats after 'Improving fragments clock skew':
        cell counts      : b=1, i=0, icg=0, dcg=0, l=0, total=1
        sink counts      : regular=9, enable_latch=0, load_capacitance=0, antenna=0, node_sink=0, port=0, total=9
        misc counts      : r=1, pp=0, mci=0
        cell areas       : b=1.710um^2, i=0.000um^2, icg=0.000um^2, dcg=0.000um^2, l=0.000um^2, total=1.710um^2
        cell capacitance : b=0.000pF, i=0.000pF, icg=0.000pF, dcg=0.000pF, l=0.000pF, total=0.000pF
        sink capacitance : total=0.002pF, avg=0.000pF, sd=0.000pF, min=0.000pF, max=0.000pF
        wire capacitance : top=0.000pF, trunk=0.000pF, leaf=0.002pF, total=0.002pF
        wire lengths     : top=0.000um, trunk=5.720um, leaf=26.900um, total=32.620um
        hp wire lengths  : top=0.000um, trunk=4.870um, leaf=18.200um, total=23.070um
      Clock DAG net violations after 'Improving fragments clock skew': none
      Clock DAG primary half-corner transition distribution after 'Improving fragments clock skew':
        Trunk : target=0.140ns count=1 avg=0.004ns sd=0.000ns min=0.004ns max=0.004ns {1 <= 0.084ns, 0 <= 0.112ns, 0 <= 0.126ns, 0 <= 0.133ns, 0 <= 0.140ns}
        Leaf  : target=0.140ns count=1 avg=0.063ns sd=0.000ns min=0.063ns max=0.063ns {1 <= 0.084ns, 0 <= 0.112ns, 0 <= 0.126ns, 0 <= 0.133ns, 0 <= 0.140ns}
      Clock DAG library cell distribution after 'Improving fragments clock skew' {count}:
         Bufs: CLKBUFX2: 1 
      Primary reporting skew groups after 'Improving fragments clock skew':
        skew_group clk/normal_genus_slow_max: insertion delay [min=0.093, max=0.093], skew [0.000 vs 0.120]
      Skew group summary after 'Improving fragments clock skew':
        skew_group clk/normal_genus_slow_max: insertion delay [min=0.093, max=0.093], skew [0.000 vs 0.120]
      Legalizer API calls during this step: 0 succeeded with high effort: 0 succeeded with medium effort: 0 succeeded with low effort: 0 succeeded with basic effort: 0 succeeded with basic unbounded effort: 0
    Improving fragments clock skew done. (took cpu=0:00:00.0 real=0:00:00.0)
    Legalizer API calls during this step: 1 succeeded with high effort: 1 succeeded with medium effort: 0 succeeded with low effort: 0 succeeded with basic effort: 0 succeeded with basic unbounded effort: 0
  AdjustingMinPinPIDs for balancing done. (took cpu=0:00:00.0 real=0:00:00.0)
  Approximately balancing step...
    Resolve constraints - Approximately balancing...
    Resolving skew group constraints...
      Solving LP: 1 skew groups; 2 fragments, 2 fraglets and 3 vertices; 13 variables and 30 constraints; tolerance 1
    Resolving skew group constraints done.
    Resolve constraints - Approximately balancing done. (took cpu=0:00:00.0 real=0:00:00.0)
    Approximately balancing...
      Approximately balancing, wire and cell delays...
      Approximately balancing, wire and cell delays, iteration 1...
        Clock DAG stats after Approximately balancing, wire and cell delays, iteration 1:
          cell counts      : b=1, i=0, icg=0, dcg=0, l=0, total=1
          sink counts      : regular=9, enable_latch=0, load_capacitance=0, antenna=0, node_sink=0, port=0, total=9
          misc counts      : r=1, pp=0, mci=0
          cell areas       : b=1.710um^2, i=0.000um^2, icg=0.000um^2, dcg=0.000um^2, l=0.000um^2, total=1.710um^2
          cell capacitance : b=0.000pF, i=0.000pF, icg=0.000pF, dcg=0.000pF, l=0.000pF, total=0.000pF
          sink capacitance : total=0.002pF, avg=0.000pF, sd=0.000pF, min=0.000pF, max=0.000pF
          wire capacitance : top=0.000pF, trunk=0.000pF, leaf=0.002pF, total=0.002pF
          wire lengths     : top=0.000um, trunk=5.720um, leaf=26.900um, total=32.620um
          hp wire lengths  : top=0.000um, trunk=4.870um, leaf=18.200um, total=23.070um
        Clock DAG net violations after Approximately balancing, wire and cell delays, iteration 1: none
        Clock DAG primary half-corner transition distribution after Approximately balancing, wire and cell delays, iteration 1:
          Trunk : target=0.140ns count=1 avg=0.004ns sd=0.000ns min=0.004ns max=0.004ns {1 <= 0.084ns, 0 <= 0.112ns, 0 <= 0.126ns, 0 <= 0.133ns, 0 <= 0.140ns}
          Leaf  : target=0.140ns count=1 avg=0.063ns sd=0.000ns min=0.063ns max=0.063ns {1 <= 0.084ns, 0 <= 0.112ns, 0 <= 0.126ns, 0 <= 0.133ns, 0 <= 0.140ns}
        Clock DAG library cell distribution after Approximately balancing, wire and cell delays, iteration 1 {count}:
           Bufs: CLKBUFX2: 1 
      Approximately balancing, wire and cell delays, iteration 1 done.
      Approximately balancing, wire and cell delays done. (took cpu=0:00:00.0 real=0:00:00.0)
    Approximately balancing done.
    Clock DAG stats after 'Approximately balancing step':
      cell counts      : b=1, i=0, icg=0, dcg=0, l=0, total=1
      sink counts      : regular=9, enable_latch=0, load_capacitance=0, antenna=0, node_sink=0, port=0, total=9
      misc counts      : r=1, pp=0, mci=0
      cell areas       : b=1.710um^2, i=0.000um^2, icg=0.000um^2, dcg=0.000um^2, l=0.000um^2, total=1.710um^2
      cell capacitance : b=0.000pF, i=0.000pF, icg=0.000pF, dcg=0.000pF, l=0.000pF, total=0.000pF
      sink capacitance : total=0.002pF, avg=0.000pF, sd=0.000pF, min=0.000pF, max=0.000pF
      wire capacitance : top=0.000pF, trunk=0.000pF, leaf=0.002pF, total=0.002pF
      wire lengths     : top=0.000um, trunk=5.720um, leaf=26.900um, total=32.620um
      hp wire lengths  : top=0.000um, trunk=4.870um, leaf=18.200um, total=23.070um
    Clock DAG net violations after 'Approximately balancing step': none
    Clock DAG primary half-corner transition distribution after 'Approximately balancing step':
      Trunk : target=0.140ns count=1 avg=0.004ns sd=0.000ns min=0.004ns max=0.004ns {1 <= 0.084ns, 0 <= 0.112ns, 0 <= 0.126ns, 0 <= 0.133ns, 0 <= 0.140ns}
      Leaf  : target=0.140ns count=1 avg=0.063ns sd=0.000ns min=0.063ns max=0.063ns {1 <= 0.084ns, 0 <= 0.112ns, 0 <= 0.126ns, 0 <= 0.133ns, 0 <= 0.140ns}
    Clock DAG library cell distribution after 'Approximately balancing step' {count}:
       Bufs: CLKBUFX2: 1 
    Primary reporting skew groups after 'Approximately balancing step':
      skew_group clk/normal_genus_slow_max: insertion delay [min=0.093, max=0.093], skew [0.000 vs 0.120]
    Skew group summary after 'Approximately balancing step':
      skew_group clk/normal_genus_slow_max: insertion delay [min=0.093, max=0.093], skew [0.000 vs 0.120]
    Legalizer API calls during this step: 0 succeeded with high effort: 0 succeeded with medium effort: 0 succeeded with low effort: 0 succeeded with basic effort: 0 succeeded with basic unbounded effort: 0
  Approximately balancing step done. (took cpu=0:00:00.0 real=0:00:00.0)
  Approximately balancing paths...
    Added 0 buffers.
    Clock DAG stats after 'Approximately balancing paths':
      cell counts      : b=1, i=0, icg=0, dcg=0, l=0, total=1
      sink counts      : regular=9, enable_latch=0, load_capacitance=0, antenna=0, node_sink=0, port=0, total=9
      misc counts      : r=1, pp=0, mci=0
      cell areas       : b=1.710um^2, i=0.000um^2, icg=0.000um^2, dcg=0.000um^2, l=0.000um^2, total=1.710um^2
      cell capacitance : b=0.000pF, i=0.000pF, icg=0.000pF, dcg=0.000pF, l=0.000pF, total=0.000pF
      sink capacitance : total=0.002pF, avg=0.000pF, sd=0.000pF, min=0.000pF, max=0.000pF
      wire capacitance : top=0.000pF, trunk=0.000pF, leaf=0.002pF, total=0.002pF
      wire lengths     : top=0.000um, trunk=5.720um, leaf=26.900um, total=32.620um
      hp wire lengths  : top=0.000um, trunk=4.870um, leaf=18.200um, total=23.070um
    Clock DAG net violations after 'Approximately balancing paths': none
    Clock DAG primary half-corner transition distribution after 'Approximately balancing paths':
      Trunk : target=0.140ns count=1 avg=0.004ns sd=0.000ns min=0.004ns max=0.004ns {1 <= 0.084ns, 0 <= 0.112ns, 0 <= 0.126ns, 0 <= 0.133ns, 0 <= 0.140ns}
      Leaf  : target=0.140ns count=1 avg=0.063ns sd=0.000ns min=0.063ns max=0.063ns {1 <= 0.084ns, 0 <= 0.112ns, 0 <= 0.126ns, 0 <= 0.133ns, 0 <= 0.140ns}
    Clock DAG library cell distribution after 'Approximately balancing paths' {count}:
       Bufs: CLKBUFX2: 1 
    Primary reporting skew groups after 'Approximately balancing paths':
      skew_group clk/normal_genus_slow_max: insertion delay [min=0.093, max=0.093, avg=0.093, sd=0.000, skn=-nan, kur=-nan], skew [0.000 vs 0.120], 100% {0.093, 0.093} (wid=0.000 ws=0.000) (gid=0.093 gs=0.000)
    Skew group summary after 'Approximately balancing paths':
      skew_group clk/normal_genus_slow_max: insertion delay [min=0.093, max=0.093, avg=0.093, sd=0.000, skn=-nan, kur=-nan], skew [0.000 vs 0.120], 100% {0.093, 0.093} (wid=0.000 ws=0.000) (gid=0.093 gs=0.000)
    Legalizer API calls during this step: 0 succeeded with high effort: 0 succeeded with medium effort: 0 succeeded with low effort: 0 succeeded with basic effort: 0 succeeded with basic unbounded effort: 0
  Approximately balancing paths done. (took cpu=0:00:00.0 real=0:00:00.0)
  Stage::Balancing done. (took cpu=0:00:00.1 real=0:00:00.1)
  Stage::Polishing...
  Clock tree timing engine global stage delay update for slow_max:setup.late...
  Clock tree timing engine global stage delay update for slow_max:setup.late done. (took cpu=0:00:00.0 real=0:00:00.0)
  Clock DAG stats before polishing:
    cell counts      : b=1, i=0, icg=0, dcg=0, l=0, total=1
    sink counts      : regular=9, enable_latch=0, load_capacitance=0, antenna=0, node_sink=0, port=0, total=9
    misc counts      : r=1, pp=0, mci=0
    cell areas       : b=1.710um^2, i=0.000um^2, icg=0.000um^2, dcg=0.000um^2, l=0.000um^2, total=1.710um^2
    cell capacitance : b=0.000pF, i=0.000pF, icg=0.000pF, dcg=0.000pF, l=0.000pF, total=0.000pF
    sink capacitance : total=0.002pF, avg=0.000pF, sd=0.000pF, min=0.000pF, max=0.000pF
    wire capacitance : top=0.000pF, trunk=0.000pF, leaf=0.002pF, total=0.002pF
    wire lengths     : top=0.000um, trunk=5.720um, leaf=26.900um, total=32.620um
    hp wire lengths  : top=0.000um, trunk=4.870um, leaf=18.200um, total=23.070um
  Clock DAG net violations before polishing: none
  Clock DAG primary half-corner transition distribution before polishing:
    Trunk : target=0.140ns count=1 avg=0.004ns sd=0.000ns min=0.004ns max=0.004ns {1 <= 0.084ns, 0 <= 0.112ns, 0 <= 0.126ns, 0 <= 0.133ns, 0 <= 0.140ns}
    Leaf  : target=0.140ns count=1 avg=0.063ns sd=0.000ns min=0.063ns max=0.063ns {1 <= 0.084ns, 0 <= 0.112ns, 0 <= 0.126ns, 0 <= 0.133ns, 0 <= 0.140ns}
  Clock DAG library cell distribution before polishing {count}:
     Bufs: CLKBUFX2: 1 
  Primary reporting skew groups before polishing:
    skew_group clk/normal_genus_slow_max: insertion delay [min=0.093, max=0.093], skew [0.000 vs 0.120]
  Skew group summary before polishing:
    skew_group clk/normal_genus_slow_max: insertion delay [min=0.093, max=0.093], skew [0.000 vs 0.120]
  Merging balancing drivers for power...
    Tried: 3 Succeeded: 0
    Clock DAG stats after 'Merging balancing drivers for power':
      cell counts      : b=1, i=0, icg=0, dcg=0, l=0, total=1
      sink counts      : regular=9, enable_latch=0, load_capacitance=0, antenna=0, node_sink=0, port=0, total=9
      misc counts      : r=1, pp=0, mci=0
      cell areas       : b=1.710um^2, i=0.000um^2, icg=0.000um^2, dcg=0.000um^2, l=0.000um^2, total=1.710um^2
      cell capacitance : b=0.000pF, i=0.000pF, icg=0.000pF, dcg=0.000pF, l=0.000pF, total=0.000pF
      sink capacitance : total=0.002pF, avg=0.000pF, sd=0.000pF, min=0.000pF, max=0.000pF
      wire capacitance : top=0.000pF, trunk=0.000pF, leaf=0.002pF, total=0.002pF
      wire lengths     : top=0.000um, trunk=5.720um, leaf=26.900um, total=32.620um
      hp wire lengths  : top=0.000um, trunk=4.870um, leaf=18.200um, total=23.070um
    Clock DAG net violations after 'Merging balancing drivers for power': none
    Clock DAG primary half-corner transition distribution after 'Merging balancing drivers for power':
      Trunk : target=0.140ns count=1 avg=0.004ns sd=0.000ns min=0.004ns max=0.004ns {1 <= 0.084ns, 0 <= 0.112ns, 0 <= 0.126ns, 0 <= 0.133ns, 0 <= 0.140ns}
      Leaf  : target=0.140ns count=1 avg=0.063ns sd=0.000ns min=0.063ns max=0.063ns {1 <= 0.084ns, 0 <= 0.112ns, 0 <= 0.126ns, 0 <= 0.133ns, 0 <= 0.140ns}
    Clock DAG library cell distribution after 'Merging balancing drivers for power' {count}:
       Bufs: CLKBUFX2: 1 
    Primary reporting skew groups after 'Merging balancing drivers for power':
      skew_group clk/normal_genus_slow_max: insertion delay [min=0.093, max=0.093], skew [0.000 vs 0.120]
    Skew group summary after 'Merging balancing drivers for power':
      skew_group clk/normal_genus_slow_max: insertion delay [min=0.093, max=0.093], skew [0.000 vs 0.120]
    Legalizer API calls during this step: 0 succeeded with high effort: 0 succeeded with medium effort: 0 succeeded with low effort: 0 succeeded with basic effort: 0 succeeded with basic unbounded effort: 0
  Merging balancing drivers for power done. (took cpu=0:00:00.0 real=0:00:00.0)
  Improving clock skew...
    Clock DAG stats after 'Improving clock skew':
      cell counts      : b=1, i=0, icg=0, dcg=0, l=0, total=1
      sink counts      : regular=9, enable_latch=0, load_capacitance=0, antenna=0, node_sink=0, port=0, total=9
      misc counts      : r=1, pp=0, mci=0
      cell areas       : b=1.710um^2, i=0.000um^2, icg=0.000um^2, dcg=0.000um^2, l=0.000um^2, total=1.710um^2
      cell capacitance : b=0.000pF, i=0.000pF, icg=0.000pF, dcg=0.000pF, l=0.000pF, total=0.000pF
      sink capacitance : total=0.002pF, avg=0.000pF, sd=0.000pF, min=0.000pF, max=0.000pF
      wire capacitance : top=0.000pF, trunk=0.000pF, leaf=0.002pF, total=0.002pF
      wire lengths     : top=0.000um, trunk=5.720um, leaf=26.900um, total=32.620um
      hp wire lengths  : top=0.000um, trunk=4.870um, leaf=18.200um, total=23.070um
    Clock DAG net violations after 'Improving clock skew': none
    Clock DAG primary half-corner transition distribution after 'Improving clock skew':
      Trunk : target=0.140ns count=1 avg=0.004ns sd=0.000ns min=0.004ns max=0.004ns {1 <= 0.084ns, 0 <= 0.112ns, 0 <= 0.126ns, 0 <= 0.133ns, 0 <= 0.140ns}
      Leaf  : target=0.140ns count=1 avg=0.063ns sd=0.000ns min=0.063ns max=0.063ns {1 <= 0.084ns, 0 <= 0.112ns, 0 <= 0.126ns, 0 <= 0.133ns, 0 <= 0.140ns}
    Clock DAG library cell distribution after 'Improving clock skew' {count}:
       Bufs: CLKBUFX2: 1 
    Primary reporting skew groups after 'Improving clock skew':
      skew_group clk/normal_genus_slow_max: insertion delay [min=0.093, max=0.093, avg=0.093, sd=0.000, skn=-nan, kur=-nan], skew [0.000 vs 0.120], 100% {0.093, 0.093} (wid=0.000 ws=0.000) (gid=0.093 gs=0.000)
    Skew group summary after 'Improving clock skew':
      skew_group clk/normal_genus_slow_max: insertion delay [min=0.093, max=0.093, avg=0.093, sd=0.000, skn=-nan, kur=-nan], skew [0.000 vs 0.120], 100% {0.093, 0.093} (wid=0.000 ws=0.000) (gid=0.093 gs=0.000)
    Legalizer API calls during this step: 0 succeeded with high effort: 0 succeeded with medium effort: 0 succeeded with low effort: 0 succeeded with basic effort: 0 succeeded with basic unbounded effort: 0
  Improving clock skew done. (took cpu=0:00:00.0 real=0:00:00.0)
  Moving gates to reduce wire capacitance...
    Modified slew target multipliers. Leaf=(1 to 0.9) Trunk=(1 to 0.95) Top=(1 to 0.95)
    Iteration 1...
      Artificially removing short and long paths...
        Legalizer API calls during this step: 0 succeeded with high effort: 0 succeeded with medium effort: 0 succeeded with low effort: 0 succeeded with basic effort: 0 succeeded with basic unbounded effort: 0
      Artificially removing short and long paths done. (took cpu=0:00:00.0 real=0:00:00.0)
      Moving gates to reduce wire capacitance - iteration 1: WireCapReduction...
        Legalizing clock trees...
        Legalizing clock trees done. (took cpu=0:00:00.0 real=0:00:00.0)
        Legalizer API calls during this step: 5 succeeded with high effort: 5 succeeded with medium effort: 0 succeeded with low effort: 0 succeeded with basic effort: 0 succeeded with basic unbounded effort: 0
      Moving gates to reduce wire capacitance - iteration 1: WireCapReduction done. (took cpu=0:00:00.0 real=0:00:00.0)
      Moving gates to reduce wire capacitance - iteration 1: MoveGates...
        Moving gates: 
        ...20% ...40% ...60% ...80% ...Legalizing clock trees...
        Legalizing clock trees done. (took cpu=0:00:00.0 real=0:00:00.0)
        100% 
        Legalizer API calls during this step: 14 succeeded with high effort: 14 succeeded with medium effort: 0 succeeded with low effort: 0 succeeded with basic effort: 0 succeeded with basic unbounded effort: 0
      Moving gates to reduce wire capacitance - iteration 1: MoveGates done. (took cpu=0:00:00.0 real=0:00:00.0)
    Iteration 1 done.
    Reverted slew target multipliers. Leaf=(0.9 to 1) Trunk=(0.95 to 1) Top=(0.95 to 1)
    Clock DAG stats after 'Moving gates to reduce wire capacitance':
      cell counts      : b=1, i=0, icg=0, dcg=0, l=0, total=1
      sink counts      : regular=9, enable_latch=0, load_capacitance=0, antenna=0, node_sink=0, port=0, total=9
      misc counts      : r=1, pp=0, mci=0
      cell areas       : b=1.710um^2, i=0.000um^2, icg=0.000um^2, dcg=0.000um^2, l=0.000um^2, total=1.710um^2
      cell capacitance : b=0.000pF, i=0.000pF, icg=0.000pF, dcg=0.000pF, l=0.000pF, total=0.000pF
      sink capacitance : total=0.002pF, avg=0.000pF, sd=0.000pF, min=0.000pF, max=0.000pF
      wire capacitance : top=0.000pF, trunk=0.000pF, leaf=0.002pF, total=0.002pF
      wire lengths     : top=0.000um, trunk=5.720um, leaf=26.900um, total=32.620um
      hp wire lengths  : top=0.000um, trunk=4.870um, leaf=18.200um, total=23.070um
    Clock DAG net violations after 'Moving gates to reduce wire capacitance': none
    Clock DAG primary half-corner transition distribution after 'Moving gates to reduce wire capacitance':
      Trunk : target=0.140ns count=1 avg=0.004ns sd=0.000ns min=0.004ns max=0.004ns {1 <= 0.084ns, 0 <= 0.112ns, 0 <= 0.126ns, 0 <= 0.133ns, 0 <= 0.140ns}
      Leaf  : target=0.140ns count=1 avg=0.063ns sd=0.000ns min=0.063ns max=0.063ns {1 <= 0.084ns, 0 <= 0.112ns, 0 <= 0.126ns, 0 <= 0.133ns, 0 <= 0.140ns}
    Clock DAG library cell distribution after 'Moving gates to reduce wire capacitance' {count}:
       Bufs: CLKBUFX2: 1 
    Primary reporting skew groups after 'Moving gates to reduce wire capacitance':
      skew_group clk/normal_genus_slow_max: insertion delay [min=0.093, max=0.093, avg=0.093, sd=0.000, skn=-nan, kur=-nan], skew [0.000 vs 0.120], 100% {0.093, 0.093} (wid=0.000 ws=0.000) (gid=0.093 gs=0.000)
    Skew group summary after 'Moving gates to reduce wire capacitance':
      skew_group clk/normal_genus_slow_max: insertion delay [min=0.093, max=0.093, avg=0.093, sd=0.000, skn=-nan, kur=-nan], skew [0.000 vs 0.120], 100% {0.093, 0.093} (wid=0.000 ws=0.000) (gid=0.093 gs=0.000)
    Legalizer API calls during this step: 19 succeeded with high effort: 19 succeeded with medium effort: 0 succeeded with low effort: 0 succeeded with basic effort: 0 succeeded with basic unbounded effort: 0
  Moving gates to reduce wire capacitance done. (took cpu=0:00:00.0 real=0:00:00.0)
  Reducing clock tree power 3...
    Artificially removing short and long paths...
      Legalizer API calls during this step: 0 succeeded with high effort: 0 succeeded with medium effort: 0 succeeded with low effort: 0 succeeded with basic effort: 0 succeeded with basic unbounded effort: 0
    Artificially removing short and long paths done. (took cpu=0:00:00.0 real=0:00:00.0)
    Initial gate capacitance is (rise=0.002pF fall=0.002pF).
    Resizing gates: 
    ...20% ...40% ...60% ...80% ...Legalizing clock trees...
    Legalizing clock trees done. (took cpu=0:00:00.0 real=0:00:00.0)
    100% 
    Clock DAG stats after 'Reducing clock tree power 3':
      cell counts      : b=1, i=0, icg=0, dcg=0, l=0, total=1
      sink counts      : regular=9, enable_latch=0, load_capacitance=0, antenna=0, node_sink=0, port=0, total=9
      misc counts      : r=1, pp=0, mci=0
      cell areas       : b=1.710um^2, i=0.000um^2, icg=0.000um^2, dcg=0.000um^2, l=0.000um^2, total=1.710um^2
      cell capacitance : b=0.000pF, i=0.000pF, icg=0.000pF, dcg=0.000pF, l=0.000pF, total=0.000pF
      sink capacitance : total=0.002pF, avg=0.000pF, sd=0.000pF, min=0.000pF, max=0.000pF
      wire capacitance : top=0.000pF, trunk=0.000pF, leaf=0.002pF, total=0.002pF
      wire lengths     : top=0.000um, trunk=5.720um, leaf=26.900um, total=32.620um
      hp wire lengths  : top=0.000um, trunk=4.870um, leaf=18.200um, total=23.070um
    Clock DAG net violations after 'Reducing clock tree power 3': none
    Clock DAG primary half-corner transition distribution after 'Reducing clock tree power 3':
      Trunk : target=0.140ns count=1 avg=0.004ns sd=0.000ns min=0.004ns max=0.004ns {1 <= 0.084ns, 0 <= 0.112ns, 0 <= 0.126ns, 0 <= 0.133ns, 0 <= 0.140ns}
      Leaf  : target=0.140ns count=1 avg=0.063ns sd=0.000ns min=0.063ns max=0.063ns {1 <= 0.084ns, 0 <= 0.112ns, 0 <= 0.126ns, 0 <= 0.133ns, 0 <= 0.140ns}
    Clock DAG library cell distribution after 'Reducing clock tree power 3' {count}:
       Bufs: CLKBUFX2: 1 
    Primary reporting skew groups after 'Reducing clock tree power 3':
      skew_group clk/normal_genus_slow_max: insertion delay [min=0.093, max=0.093, avg=0.093, sd=0.000, skn=-nan, kur=-nan], skew [0.000 vs 0.120], 100% {0.093, 0.093} (wid=0.000 ws=0.000) (gid=0.093 gs=0.000)
    Skew group summary after 'Reducing clock tree power 3':
      skew_group clk/normal_genus_slow_max: insertion delay [min=0.093, max=0.093, avg=0.093, sd=0.000, skn=-nan, kur=-nan], skew [0.000 vs 0.120], 100% {0.093, 0.093} (wid=0.000 ws=0.000) (gid=0.093 gs=0.000)
    Legalizer API calls during this step: 2 succeeded with high effort: 2 succeeded with medium effort: 0 succeeded with low effort: 0 succeeded with basic effort: 0 succeeded with basic unbounded effort: 0
  Reducing clock tree power 3 done. (took cpu=0:00:00.0 real=0:00:00.0)
  Improving insertion delay...
    Clock DAG stats after 'Improving insertion delay':
      cell counts      : b=1, i=0, icg=0, dcg=0, l=0, total=1
      sink counts      : regular=9, enable_latch=0, load_capacitance=0, antenna=0, node_sink=0, port=0, total=9
      misc counts      : r=1, pp=0, mci=0
      cell areas       : b=1.710um^2, i=0.000um^2, icg=0.000um^2, dcg=0.000um^2, l=0.000um^2, total=1.710um^2
      cell capacitance : b=0.000pF, i=0.000pF, icg=0.000pF, dcg=0.000pF, l=0.000pF, total=0.000pF
      sink capacitance : total=0.002pF, avg=0.000pF, sd=0.000pF, min=0.000pF, max=0.000pF
      wire capacitance : top=0.000pF, trunk=0.000pF, leaf=0.002pF, total=0.002pF
      wire lengths     : top=0.000um, trunk=5.720um, leaf=26.900um, total=32.620um
      hp wire lengths  : top=0.000um, trunk=4.870um, leaf=18.200um, total=23.070um
    Clock DAG net violations after 'Improving insertion delay': none
    Clock DAG primary half-corner transition distribution after 'Improving insertion delay':
      Trunk : target=0.140ns count=1 avg=0.004ns sd=0.000ns min=0.004ns max=0.004ns {1 <= 0.084ns, 0 <= 0.112ns, 0 <= 0.126ns, 0 <= 0.133ns, 0 <= 0.140ns}
      Leaf  : target=0.140ns count=1 avg=0.063ns sd=0.000ns min=0.063ns max=0.063ns {1 <= 0.084ns, 0 <= 0.112ns, 0 <= 0.126ns, 0 <= 0.133ns, 0 <= 0.140ns}
    Clock DAG library cell distribution after 'Improving insertion delay' {count}:
       Bufs: CLKBUFX2: 1 
    Primary reporting skew groups after 'Improving insertion delay':
      skew_group clk/normal_genus_slow_max: insertion delay [min=0.093, max=0.093, avg=0.093, sd=0.000, skn=-nan, kur=-nan], skew [0.000 vs 0.120], 100% {0.093, 0.093} (wid=0.000 ws=0.000) (gid=0.093 gs=0.000)
    Skew group summary after 'Improving insertion delay':
      skew_group clk/normal_genus_slow_max: insertion delay [min=0.093, max=0.093, avg=0.093, sd=0.000, skn=-nan, kur=-nan], skew [0.000 vs 0.120], 100% {0.093, 0.093} (wid=0.000 ws=0.000) (gid=0.093 gs=0.000)
    Legalizer API calls during this step: 0 succeeded with high effort: 0 succeeded with medium effort: 0 succeeded with low effort: 0 succeeded with basic effort: 0 succeeded with basic unbounded effort: 0
  Improving insertion delay done. (took cpu=0:00:00.0 real=0:00:00.0)
  Wire Opt OverFix...
    Wire Reduction extra effort...
      Modified slew target multipliers. Leaf=(1 to 0.95) Trunk=(1 to 1) Top=(1 to 1)
      Artificially removing short and long paths...
        Legalizer API calls during this step: 0 succeeded with high effort: 0 succeeded with medium effort: 0 succeeded with low effort: 0 succeeded with basic effort: 0 succeeded with basic unbounded effort: 0
      Artificially removing short and long paths done. (took cpu=0:00:00.0 real=0:00:00.0)
      Global shorten wires A0...
        Legalizer API calls during this step: 0 succeeded with high effort: 0 succeeded with medium effort: 0 succeeded with low effort: 0 succeeded with basic effort: 0 succeeded with basic unbounded effort: 0
      Global shorten wires A0 done. (took cpu=0:00:00.0 real=0:00:00.0)
      Move For Wirelength - core...
        Move for wirelength. considered=2, filtered=0, permitted=1, cannotCompute=0, computed=1, moveTooSmall=4, resolved=0, predictFail=0, currentlyIllegal=0, legalizationFail=0, legalizedMoveTooSmall=3, ignoredLeafDriver=0, invalidLoc=0, worse=0, accepted=0
        Max accepted move=0.000um, total accepted move=0.000um
        Legalizer API calls during this step: 3 succeeded with high effort: 3 succeeded with medium effort: 0 succeeded with low effort: 0 succeeded with basic effort: 0 succeeded with basic unbounded effort: 0
      Move For Wirelength - core done. (took cpu=0:00:00.0 real=0:00:00.0)
      Global shorten wires A1...
        Legalizer API calls during this step: 0 succeeded with high effort: 0 succeeded with medium effort: 0 succeeded with low effort: 0 succeeded with basic effort: 0 succeeded with basic unbounded effort: 0
      Global shorten wires A1 done. (took cpu=0:00:00.0 real=0:00:00.0)
      Move For Wirelength - core...
        Move for wirelength. considered=2, filtered=0, permitted=1, cannotCompute=1, computed=0, moveTooSmall=1, resolved=0, predictFail=0, currentlyIllegal=0, legalizationFail=0, legalizedMoveTooSmall=0, ignoredLeafDriver=0, invalidLoc=0, worse=0, accepted=0
        Max accepted move=0.000um, total accepted move=0.000um
        Legalizer API calls during this step: 0 succeeded with high effort: 0 succeeded with medium effort: 0 succeeded with low effort: 0 succeeded with basic effort: 0 succeeded with basic unbounded effort: 0
      Move For Wirelength - core done. (took cpu=0:00:00.0 real=0:00:00.0)
      Global shorten wires B...
        Legalizer API calls during this step: 3 succeeded with high effort: 3 succeeded with medium effort: 0 succeeded with low effort: 0 succeeded with basic effort: 0 succeeded with basic unbounded effort: 0
      Global shorten wires B done. (took cpu=0:00:00.0 real=0:00:00.0)
      Move For Wirelength - branch...
        Move for wirelength. considered=2, filtered=0, permitted=1, cannotCompute=0, computed=1, moveTooSmall=0, resolved=0, predictFail=0, currentlyIllegal=0, legalizationFail=0, legalizedMoveTooSmall=0, ignoredLeafDriver=0, invalidLoc=0, worse=1, accepted=0
        Max accepted move=0.000um, total accepted move=0.000um
        Legalizer API calls during this step: 1 succeeded with high effort: 1 succeeded with medium effort: 0 succeeded with low effort: 0 succeeded with basic effort: 0 succeeded with basic unbounded effort: 0
      Move For Wirelength - branch done. (took cpu=0:00:00.0 real=0:00:00.0)
      Reverted slew target multipliers. Leaf=(0.95 to 1) Trunk=(1 to 1) Top=(1 to 1)
      Clock DAG stats after 'Wire Reduction extra effort':
        cell counts      : b=1, i=0, icg=0, dcg=0, l=0, total=1
        sink counts      : regular=9, enable_latch=0, load_capacitance=0, antenna=0, node_sink=0, port=0, total=9
        misc counts      : r=1, pp=0, mci=0
        cell areas       : b=1.710um^2, i=0.000um^2, icg=0.000um^2, dcg=0.000um^2, l=0.000um^2, total=1.710um^2
        cell capacitance : b=0.000pF, i=0.000pF, icg=0.000pF, dcg=0.000pF, l=0.000pF, total=0.000pF
        sink capacitance : total=0.002pF, avg=0.000pF, sd=0.000pF, min=0.000pF, max=0.000pF
        wire capacitance : top=0.000pF, trunk=0.000pF, leaf=0.002pF, total=0.002pF
        wire lengths     : top=0.000um, trunk=5.720um, leaf=26.900um, total=32.620um
        hp wire lengths  : top=0.000um, trunk=4.870um, leaf=18.200um, total=23.070um
      Clock DAG net violations after 'Wire Reduction extra effort': none
      Clock DAG primary half-corner transition distribution after 'Wire Reduction extra effort':
        Trunk : target=0.140ns count=1 avg=0.004ns sd=0.000ns min=0.004ns max=0.004ns {1 <= 0.084ns, 0 <= 0.112ns, 0 <= 0.126ns, 0 <= 0.133ns, 0 <= 0.140ns}
        Leaf  : target=0.140ns count=1 avg=0.063ns sd=0.000ns min=0.063ns max=0.063ns {1 <= 0.084ns, 0 <= 0.112ns, 0 <= 0.126ns, 0 <= 0.133ns, 0 <= 0.140ns}
      Clock DAG library cell distribution after 'Wire Reduction extra effort' {count}:
         Bufs: CLKBUFX2: 1 
      Primary reporting skew groups after 'Wire Reduction extra effort':
        skew_group clk/normal_genus_slow_max: insertion delay [min=0.093, max=0.093, avg=0.093, sd=0.000, skn=-nan, kur=-nan], skew [0.000 vs 0.120], 100% {0.093, 0.093} (wid=0.000 ws=0.000) (gid=0.093 gs=0.000)
      Skew group summary after 'Wire Reduction extra effort':
        skew_group clk/normal_genus_slow_max: insertion delay [min=0.093, max=0.093, avg=0.093, sd=0.000, skn=-nan, kur=-nan], skew [0.000 vs 0.120], 100% {0.093, 0.093} (wid=0.000 ws=0.000) (gid=0.093 gs=0.000)
      Legalizer API calls during this step: 7 succeeded with high effort: 7 succeeded with medium effort: 0 succeeded with low effort: 0 succeeded with basic effort: 0 succeeded with basic unbounded effort: 0
    Wire Reduction extra effort done. (took cpu=0:00:00.0 real=0:00:00.0)
    Optimizing orientation...
    FlipOpt...
    Disconnecting clock tree from netlist...
    Disconnecting clock tree from netlist done.
    Orientation Wirelength Optimization: Attempted = 1 , Succeeded = 0 , Constraints Broken = 1 , CannotMove = 0 , Illegal = 0 , Other = 0
    Resynthesising clock tree into netlist...
      Reset timing graph...
Ignoring AAE DB Resetting ...
      Reset timing graph done.
    Resynthesising clock tree into netlist done.
    FlipOpt done. (took cpu=0:00:00.1 real=0:00:00.1)
    Optimizing orientation done. (took cpu=0:00:00.1 real=0:00:00.1)
    Clock DAG stats after 'Wire Opt OverFix':
      cell counts      : b=1, i=0, icg=0, dcg=0, l=0, total=1
      sink counts      : regular=9, enable_latch=0, load_capacitance=0, antenna=0, node_sink=0, port=0, total=9
      misc counts      : r=1, pp=0, mci=0
      cell areas       : b=1.710um^2, i=0.000um^2, icg=0.000um^2, dcg=0.000um^2, l=0.000um^2, total=1.710um^2
      cell capacitance : b=0.000pF, i=0.000pF, icg=0.000pF, dcg=0.000pF, l=0.000pF, total=0.000pF
      sink capacitance : total=0.002pF, avg=0.000pF, sd=0.000pF, min=0.000pF, max=0.000pF
      wire capacitance : top=0.000pF, trunk=0.000pF, leaf=0.002pF, total=0.002pF
      wire lengths     : top=0.000um, trunk=5.720um, leaf=26.900um, total=32.620um
      hp wire lengths  : top=0.000um, trunk=4.870um, leaf=18.200um, total=23.070um
    Clock DAG net violations after 'Wire Opt OverFix': none
    Clock DAG primary half-corner transition distribution after 'Wire Opt OverFix':
      Trunk : target=0.140ns count=1 avg=0.004ns sd=0.000ns min=0.004ns max=0.004ns {1 <= 0.084ns, 0 <= 0.112ns, 0 <= 0.126ns, 0 <= 0.133ns, 0 <= 0.140ns}
      Leaf  : target=0.140ns count=1 avg=0.063ns sd=0.000ns min=0.063ns max=0.063ns {1 <= 0.084ns, 0 <= 0.112ns, 0 <= 0.126ns, 0 <= 0.133ns, 0 <= 0.140ns}
    Clock DAG library cell distribution after 'Wire Opt OverFix' {count}:
       Bufs: CLKBUFX2: 1 
    Primary reporting skew groups after 'Wire Opt OverFix':
      skew_group clk/normal_genus_slow_max: insertion delay [min=0.093, max=0.093, avg=0.093, sd=0.000, skn=-nan, kur=-nan], skew [0.000 vs 0.120], 100% {0.093, 0.093} (wid=0.000 ws=0.000) (gid=0.093 gs=0.000)
    Skew group summary after 'Wire Opt OverFix':
      skew_group clk/normal_genus_slow_max: insertion delay [min=0.093, max=0.093, avg=0.093, sd=0.000, skn=-nan, kur=-nan], skew [0.000 vs 0.120], 100% {0.093, 0.093} (wid=0.000 ws=0.000) (gid=0.093 gs=0.000)
    Legalizer API calls during this step: 11 succeeded with high effort: 11 succeeded with medium effort: 0 succeeded with low effort: 0 succeeded with basic effort: 0 succeeded with basic unbounded effort: 0
  Wire Opt OverFix done. (took cpu=0:00:00.1 real=0:00:00.1)
  Total capacitance is (rise=0.005pF fall=0.004pF), of which (rise=0.002pF fall=0.002pF) is wire, and (rise=0.002pF fall=0.002pF) is gate.
  Stage::Polishing done. (took cpu=0:00:00.1 real=0:00:00.1)
  Stage::Updating netlist...
  Reset timing graph...
Ignoring AAE DB Resetting ...
  Reset timing graph done.
  Setting non-default rules before calling refine place.
  Leaving CCOpt scope - Cleaning up placement interface...
  Leaving CCOpt scope - Cleaning up placement interface done. (took cpu=0:00:00.0 real=0:00:00.0)
  Leaving CCOpt scope - ClockRefiner...
  Soft fixed 3 clock instances and 0 clock sinks.
  Performing clock and sink only refine place with checks partially disabled for sinks.
*** Starting place_detail (0:02:01 mem=2911.5M) ***
Total net bbox length = 4.476e+02 (2.584e+02 1.892e+02) (ext = 2.917e+02)
Move report: Detail placement moved 0 insts, mean move: 0.00 um, max move: 0.00 um 
	Runtime: CPU: 0:00:00.0 REAL: 0:00:00.0 MEM: 2909.9MB
Summary Report:
Instances moved: 0 (out of 18 movable)
Instances flipped: 0
Mean displacement: 0.00 um
Max displacement: 0.00 um 
Physical-only instances moved: 0 (out of 0 movable physical-only)
Total net bbox length = 4.476e+02 (2.584e+02 1.892e+02) (ext = 2.917e+02)
Runtime: CPU: 0:00:00.0 REAL: 0:00:00.0 MEM: 2909.9MB
*** Finished place_detail (0:02:01 mem=2909.9M) ***
  ClockRefiner summary
  All clock instances: Moved 0, flipped 0 and cell swapped 0 (out of a total of 10).
  Restoring place_status_cts on 1 clock instances.
  Leaving CCOpt scope - ClockRefiner done. (took cpu=0:00:00.1 real=0:00:00.1)
  Stage::Updating netlist done. (took cpu=0:00:00.1 real=0:00:00.1)
  CCOpt::Phase::Implementation done. (took cpu=0:00:00.3 real=0:00:00.3)
  CCOpt::Phase::eGRPC...
  eGR Post Conditioning...
    Clock implementation routing...
      Leaving CCOpt scope - Routing Tools...
Net route status summary:
  Clock:         2 (unrouted=2, trialRouted=0, noStatus=0, routed=0, fixed=0, [crossesIlmBoundary=0, tooFewTerms=0, (crossesIlmBoundary AND tooFewTerms=0)], steiner=0)
  Non-clock:    45 (unrouted=2, trialRouted=43, noStatus=0, routed=0, fixed=0, [crossesIlmBoundary=0, tooFewTerms=2, (crossesIlmBoundary AND tooFewTerms=0)])
      Routing using eGR only...
        Early Global Route - eGR only step...
(ccopt eGR): There are 2 nets to be routed. 0 nets have skip routing designation.
(ccopt eGR): There are 2 nets for routing of which 2 have one or more fixed wires.
(ccopt eGR): Start to route 2 all nets
[PSP]    Started Early Global Route ( Curr Mem: 2606.71 MB )
[PSP]    Started Early Global Route kernel ( Curr Mem: 2606.71 MB )
[NR-eGR] Early global route reroute 2 out of 45 routable nets
[NR-eGR] Track table information for default rule: 
[NR-eGR] Metal1 has single uniform track structure
[NR-eGR] Metal2 has single uniform track structure
[NR-eGR] Metal3 has single uniform track structure
[NR-eGR] Metal4 has single uniform track structure
[NR-eGR] Metal5 has single uniform track structure
[NR-eGR] Metal6 has single uniform track structure
[NR-eGR] Metal7 has single uniform track structure
[NR-eGR] Metal8 has single uniform track structure
[NR-eGR] Metal9 has single uniform track structure
[NR-eGR] Metal10 has single uniform track structure
[NR-eGR] Metal11 has single uniform track structure
[NR-eGR] Read 390 PG shapes
[NR-eGR] Read 0 clock shapes
[NR-eGR] Read 0 other shapes
[NR-eGR] #Routing Blockages  : 0
[NR-eGR] #Bump Blockages     : 0
[NR-eGR] #Instance Blockages : 0
[NR-eGR] #PG Blockages       : 390
[NR-eGR] #Halo Blockages     : 0
[NR-eGR] #Boundary Blockages : 0
[NR-eGR] #Clock Blockages    : 0
[NR-eGR] #Other Blockages    : 0
[NR-eGR] #prerouted nets         : 0
[NR-eGR] #prerouted special nets : 0
[NR-eGR] #prerouted wires        : 0
[NR-eGR] Read 45 nets ( ignored 43 )
[NR-eGR] Connected 0 must-join pins/ports (pre-process)
[NR-eGR] #via pillars        : 0
[NR-eGR] #must join all port : 0
[NR-eGR] #multiple ports     : 0
[NR-eGR] #has must join      : 0
[NR-eGR] Handle net priority by net group ordering
[NR-eGR] There are 2 clock nets ( 2 with NDR ).
[NR-eGR] == Routing rule table ==
[NR-eGR]  ID  Name  #Nets 
[NR-eGR] -----------------
[NR-eGR]   1            2 
[NR-eGR] Layer group 1: route 2 net(s) in layer range [3, 4]
[NR-eGR] Early Global Route overflow of layer group 1: 0.00% H + 0.00% V. EstWL: 2.907000e+01um
[NR-eGR] Congestion Analysis By layer: (blocked Gcells are excluded) 
[NR-eGR]                        OverCon            
[NR-eGR]                         #Gcell     %Gcell
[NR-eGR]        Layer             (1-0)    OverCon
[NR-eGR] ----------------------------------------------
[NR-eGR]  Metal1 ( 1)         0( 0.00%)   ( 0.00%) 
[NR-eGR]  Metal2 ( 2)         0( 0.00%)   ( 0.00%) 
[NR-eGR]  Metal3 ( 3)         0( 0.00%)   ( 0.00%) 
[NR-eGR]  Metal4 ( 4)         0( 0.00%)   ( 0.00%) 
[NR-eGR]  Metal5 ( 5)         0( 0.00%)   ( 0.00%) 
[NR-eGR]  Metal6 ( 6)         0( 0.00%)   ( 0.00%) 
[NR-eGR]  Metal7 ( 7)         0( 0.00%)   ( 0.00%) 
[NR-eGR]  Metal8 ( 8)         0( 0.00%)   ( 0.00%) 
[NR-eGR]  Metal9 ( 9)         0( 0.00%)   ( 0.00%) 
[NR-eGR] Metal10 (10)         0( 0.00%)   ( 0.00%) 
[NR-eGR] Metal11 (11)         0( 0.00%)   ( 0.00%) 
[NR-eGR] ----------------------------------------------
[NR-eGR]        Total         0( 0.00%)   ( 0.00%) 
[NR-eGR] 
[NR-eGR] Overflow after Early Global Route 0.00% H + 0.00% V
[NR-eGR] Connected 0 must-join pins/ports (post-process)
[NR-eGR] Total eGR-routed clock nets wire length: 33um, number of vias: 25
[NR-eGR] --------------------------------------------------------------------------
[NR-eGR] Report for selected net(s) only.
[NR-eGR]                  Length (um)  Vias 
[NR-eGR] -----------------------------------
[NR-eGR]  Metal1   (1H)             0    12 
[NR-eGR]  Metal2   (2V)            23    13 
[NR-eGR]  Metal3   (3H)            10     0 
[NR-eGR]  Metal4   (4V)             0     0 
[NR-eGR]  Metal5   (5H)             0     0 
[NR-eGR]  Metal6   (6V)             0     0 
[NR-eGR]  Metal7   (7H)             0     0 
[NR-eGR]  Metal8   (8V)             0     0 
[NR-eGR]  Metal9   (9H)             0     0 
[NR-eGR]  Metal10  (10V)            0     0 
[NR-eGR]  Metal11  (11H)            0     0 
[NR-eGR] -----------------------------------
[NR-eGR]           Total           33    25 
[NR-eGR] --------------------------------------------------------------------------
[NR-eGR] Total half perimeter of net bounding box: 23um
[NR-eGR] Total length: 33um, number of vias: 25
[NR-eGR] --------------------------------------------------------------------------
[NR-eGR] Total routed clock nets wire length: 33um, number of vias: 25
[NR-eGR] --------------------------------------------------------------------------
[NR-eGR]                  Length (um)  Vias 
[NR-eGR] -----------------------------------
[NR-eGR]  Metal1   (1H)             0   106 
[NR-eGR]  Metal2   (2V)           203   143 
[NR-eGR]  Metal3   (3H)           269     2 
[NR-eGR]  Metal4   (4V)             6     0 
[NR-eGR]  Metal5   (5H)             0     0 
[NR-eGR]  Metal6   (6V)             0     0 
[NR-eGR]  Metal7   (7H)             0     0 
[NR-eGR]  Metal8   (8V)             0     0 
[NR-eGR]  Metal9   (9H)             0     0 
[NR-eGR]  Metal10  (10V)            0     0 
[NR-eGR]  Metal11  (11H)            0     0 
[NR-eGR] -----------------------------------
[NR-eGR]           Total          478   251 
[NR-eGR] --------------------------------------------------------------------------
[NR-eGR] Total half perimeter of net bounding box: 448um
[NR-eGR] Total length: 478um, number of vias: 251
[NR-eGR] --------------------------------------------------------------------------
[NR-eGR] Finished Early Global Route kernel ( CPU: 0.06 sec, Real: 3.41 sec, Curr Mem: 2606.71 MB )
[NR-eGR] Finished Early Global Route ( CPU: 0.06 sec, Real: 3.41 sec, Curr Mem: 2606.71 MB )
        Early Global Route - eGR only step done. (took cpu=0:00:00.3 real=0:00:03.6)
[hotspot] +----------------+-------------------+-------------------+-------------------------------------+
[hotspot] |      layer     |    max hotspot    |   total hotspot   |            hotspot bbox             |
[hotspot] +----------------+-------------------+-------------------+-------------------------------------+
[hotspot] |   Metal3(H)    |              0.00 |              0.00 |   (none)                            |
[hotspot] |   Metal4(V)    |              0.00 |              0.00 |   (none)                            |
[hotspot] +----------------+-------------------+-------------------+-------------------------------------+
[hotspot] |      worst     |              0.00 |              0.00 |                                     |
[hotspot] +----------------+-------------------+-------------------+-------------------------------------+
[hotspot] |   all layers   |              0.00 |              0.00 |                                     |
[hotspot] +----------------+-------------------+-------------------+-------------------------------------+
Local HotSpot Analysis (3d): normalized congestion max/total hotspot area = 0.00/0.00 (area is in unit of 4 std-cell row bins)
      Routing using eGR only done.
Net route status summary:
  Clock:         2 (unrouted=0, trialRouted=0, noStatus=0, routed=2, fixed=0, [crossesIlmBoundary=0, tooFewTerms=0, (crossesIlmBoundary AND tooFewTerms=0)], steiner=2)
  Non-clock:    45 (unrouted=2, trialRouted=43, noStatus=0, routed=0, fixed=0, [crossesIlmBoundary=0, tooFewTerms=2, (crossesIlmBoundary AND tooFewTerms=0)])

CCOPT: Done with clock implementation routing.

      Leaving CCOpt scope - Routing Tools done. (took cpu=0:00:00.3 real=0:00:03.6)
    Clock implementation routing done.
    Leaving CCOpt scope - Initializing placement interface...
    Leaving CCOpt scope - Initializing placement interface done. (took cpu=0:00:00.1 real=0:00:00.1)
    Calling post conditioning for eGRPC...
      eGRPC...
        eGRPC active optimizations:
         - Move Down
         - Downsizing before DRV sizing
         - DRV fixing with sizing
         - Move to fanout
         - Cloning
        
        Currently running CTS, using active skew data
        Loading clock net RC data...
        Preprocessing clock nets...
        Nets initialized for optimization: Seen: 2 Attempted: 2 Successful: 2 Unsuccessful: 0 Invalid: 0
        Preprocessing clock nets done. (took cpu=0:00:00.0 real=0:00:00.0)
        Loading clock net RC data done. (took cpu=0:00:00.0 real=0:00:00.0)
        ProEngine running disconnected to DB
        Disconnecting...
        Disconnecting Clock Trees
        Disconnecting done. (took cpu=0:00:00.0 real=0:00:00.0)
        Reset bufferability constraints...
        Resetting previous bufferability status on all nets so that eGRPC will attempt to fix all clock tree violations.
        Clock tree timing engine global stage delay update for slow_max:setup.late...
        Clock tree timing engine global stage delay update for slow_max:setup.late done. (took cpu=0:00:00.0 real=0:00:00.0)
        Reset bufferability constraints done. (took cpu=0:00:00.0 real=0:00:00.0)
        Clock DAG stats eGRPC initial state:
          cell counts      : b=1, i=0, icg=0, dcg=0, l=0, total=1
          sink counts      : regular=9, enable_latch=0, load_capacitance=0, antenna=0, node_sink=0, port=0, total=9
          misc counts      : r=1, pp=0, mci=0
          cell areas       : b=1.710um^2, i=0.000um^2, icg=0.000um^2, dcg=0.000um^2, l=0.000um^2, total=1.710um^2
          cell capacitance : b=0.000pF, i=0.000pF, icg=0.000pF, dcg=0.000pF, l=0.000pF, total=0.000pF
          sink capacitance : total=0.002pF, avg=0.000pF, sd=0.000pF, min=0.000pF, max=0.000pF
          wire capacitance : top=0.000pF, trunk=0.000pF, leaf=0.002pF, total=0.003pF
          wire lengths     : top=0.000um, trunk=5.835um, leaf=27.380um, total=33.215um
          hp wire lengths  : top=0.000um, trunk=4.870um, leaf=18.200um, total=23.070um
        Clock DAG net violations eGRPC initial state: none
        Clock DAG primary half-corner transition distribution eGRPC initial state:
          Trunk : target=0.140ns count=1 avg=0.004ns sd=0.000ns min=0.004ns max=0.004ns {1 <= 0.084ns, 0 <= 0.112ns, 0 <= 0.126ns, 0 <= 0.133ns, 0 <= 0.140ns}
          Leaf  : target=0.140ns count=1 avg=0.063ns sd=0.000ns min=0.063ns max=0.063ns {1 <= 0.084ns, 0 <= 0.112ns, 0 <= 0.126ns, 0 <= 0.133ns, 0 <= 0.140ns}
        Clock DAG library cell distribution eGRPC initial state {count}:
           Bufs: CLKBUFX2: 1 
        Primary reporting skew groups eGRPC initial state:
          skew_group clk/normal_genus_slow_max: insertion delay [min=0.093, max=0.093, avg=0.093, sd=0.000, skn=-nan, kur=-nan], skew [0.000 vs 0.120], 100% {0.093, 0.093} (wid=0.000 ws=0.000) (gid=0.093 gs=0.000)
        Skew group summary eGRPC initial state:
          skew_group clk/normal_genus_slow_max: insertion delay [min=0.093, max=0.093, avg=0.093, sd=0.000, skn=-nan, kur=-nan], skew [0.000 vs 0.120], 100% {0.093, 0.093} (wid=0.000 ws=0.000) (gid=0.093 gs=0.000)
        eGRPC Moving buffers...
          Modifying slew-target multiplier by 1
          Violation analysis...
          Violation analysis done. (took cpu=0:00:00.0 real=0:00:00.0)
          Restoring slew-target multiplier
          Clock DAG stats after 'eGRPC Moving buffers':
            cell counts      : b=1, i=0, icg=0, dcg=0, l=0, total=1
            sink counts      : regular=9, enable_latch=0, load_capacitance=0, antenna=0, node_sink=0, port=0, total=9
            misc counts      : r=1, pp=0, mci=0
            cell areas       : b=1.710um^2, i=0.000um^2, icg=0.000um^2, dcg=0.000um^2, l=0.000um^2, total=1.710um^2
            cell capacitance : b=0.000pF, i=0.000pF, icg=0.000pF, dcg=0.000pF, l=0.000pF, total=0.000pF
            sink capacitance : total=0.002pF, avg=0.000pF, sd=0.000pF, min=0.000pF, max=0.000pF
            wire capacitance : top=0.000pF, trunk=0.000pF, leaf=0.002pF, total=0.003pF
            wire lengths     : top=0.000um, trunk=5.835um, leaf=27.380um, total=33.215um
            hp wire lengths  : top=0.000um, trunk=4.870um, leaf=18.200um, total=23.070um
          Clock DAG net violations after 'eGRPC Moving buffers': none
          Clock DAG primary half-corner transition distribution after 'eGRPC Moving buffers':
            Trunk : target=0.140ns count=1 avg=0.004ns sd=0.000ns min=0.004ns max=0.004ns {1 <= 0.084ns, 0 <= 0.112ns, 0 <= 0.126ns, 0 <= 0.133ns, 0 <= 0.140ns}
            Leaf  : target=0.140ns count=1 avg=0.063ns sd=0.000ns min=0.063ns max=0.063ns {1 <= 0.084ns, 0 <= 0.112ns, 0 <= 0.126ns, 0 <= 0.133ns, 0 <= 0.140ns}
          Clock DAG library cell distribution after 'eGRPC Moving buffers' {count}:
             Bufs: CLKBUFX2: 1 
          Primary reporting skew groups after 'eGRPC Moving buffers':
            skew_group clk/normal_genus_slow_max: insertion delay [min=0.093, max=0.093], skew [0.000 vs 0.120]
          Skew group summary after 'eGRPC Moving buffers':
            skew_group clk/normal_genus_slow_max: insertion delay [min=0.093, max=0.093], skew [0.000 vs 0.120]
          Legalizer API calls during this step: 0 succeeded with high effort: 0 succeeded with medium effort: 0 succeeded with low effort: 0 succeeded with basic effort: 0 succeeded with basic unbounded effort: 0
        eGRPC Moving buffers done. (took cpu=0:00:00.0 real=0:00:00.0)
        eGRPC Initial Pass of Downsizing Clock Tree cells...
          Modifying slew-target multiplier by  Leaf:0.9 Trunk:0.9 Top:0.9
          Artificially removing short and long paths...
            Legalizer API calls during this step: 0 succeeded with high effort: 0 succeeded with medium effort: 0 succeeded with low effort: 0 succeeded with basic effort: 0 succeeded with basic unbounded effort: 0
          Artificially removing short and long paths done. (took cpu=0:00:00.0 real=0:00:00.0)
          Downsizing prefiltering...
          Downsizing prefiltering done.
          Prefiltering Summary : numPassedPreFiltering = 2, numSkippedDueToCloseToSlewTarget = 0, numSkippedDueToCloseToSkewTarget = 0
          Downsizing Pass 0...
          Resizing gates: ...20% ...40% ...60% ...80% ...100% 
          Downsizing Pass 0 done. (took cpu=0:00:00.0 real=0:00:00.0)
          Downsizing Pass Summary 0, attempted = 2, resized = 0, running total = 0
          DoDownSizing Summary : numSized = 0
          Restoring slew-target multiplier
          Clock DAG stats after 'eGRPC Initial Pass of Downsizing Clock Tree cells':
            cell counts      : b=1, i=0, icg=0, dcg=0, l=0, total=1
            sink counts      : regular=9, enable_latch=0, load_capacitance=0, antenna=0, node_sink=0, port=0, total=9
            misc counts      : r=1, pp=0, mci=0
            cell areas       : b=1.710um^2, i=0.000um^2, icg=0.000um^2, dcg=0.000um^2, l=0.000um^2, total=1.710um^2
            cell capacitance : b=0.000pF, i=0.000pF, icg=0.000pF, dcg=0.000pF, l=0.000pF, total=0.000pF
            sink capacitance : total=0.002pF, avg=0.000pF, sd=0.000pF, min=0.000pF, max=0.000pF
            wire capacitance : top=0.000pF, trunk=0.000pF, leaf=0.002pF, total=0.003pF
            wire lengths     : top=0.000um, trunk=5.835um, leaf=27.380um, total=33.215um
            hp wire lengths  : top=0.000um, trunk=4.870um, leaf=18.200um, total=23.070um
          Clock DAG net violations after 'eGRPC Initial Pass of Downsizing Clock Tree cells': none
          Clock DAG primary half-corner transition distribution after 'eGRPC Initial Pass of Downsizing Clock Tree cells':
            Trunk : target=0.140ns count=1 avg=0.004ns sd=0.000ns min=0.004ns max=0.004ns {1 <= 0.084ns, 0 <= 0.112ns, 0 <= 0.126ns, 0 <= 0.133ns, 0 <= 0.140ns}
            Leaf  : target=0.140ns count=1 avg=0.063ns sd=0.000ns min=0.063ns max=0.063ns {1 <= 0.084ns, 0 <= 0.112ns, 0 <= 0.126ns, 0 <= 0.133ns, 0 <= 0.140ns}
          Clock DAG library cell distribution after 'eGRPC Initial Pass of Downsizing Clock Tree cells' {count}:
             Bufs: CLKBUFX2: 1 
          Primary reporting skew groups after 'eGRPC Initial Pass of Downsizing Clock Tree cells':
            skew_group clk/normal_genus_slow_max: insertion delay [min=0.093, max=0.093], skew [0.000 vs 0.120]
          Skew group summary after 'eGRPC Initial Pass of Downsizing Clock Tree cells':
            skew_group clk/normal_genus_slow_max: insertion delay [min=0.093, max=0.093], skew [0.000 vs 0.120]
          Legalizer API calls during this step: 0 succeeded with high effort: 0 succeeded with medium effort: 0 succeeded with low effort: 0 succeeded with basic effort: 0 succeeded with basic unbounded effort: 0
        eGRPC Initial Pass of Downsizing Clock Tree cells done. (took cpu=0:00:00.0 real=0:00:00.0)
        eGRPC Fixing DRVs...
          Fixing clock tree DRVs: ...20% ...40% ...60% ...80% ...100% 
          CCOpt-eGRPC: considered: 2, tested: 2, violation detected: 0, violation ignored (due to small violation): 0, cannot run: 0, attempted: 0, unsuccessful: 0, sized: 0
          
          Statistics: Fix DRVs (cell sizing):
          ===================================
          
          Cell changes by Net Type:
          
          -------------------------------------------------------------------------------------------------
          Net Type    Attempted    Upsized     Downsized    Swapped Same Size    Total Changed    Not Sized
          -------------------------------------------------------------------------------------------------
          top                0            0           0            0                    0                0
          trunk              0            0           0            0                    0                0
          leaf               0            0           0            0                    0                0
          -------------------------------------------------------------------------------------------------
          Total              0            0           0            0                    0                0
          -------------------------------------------------------------------------------------------------
          
          Upsized: 0, Downsized: 0, Sized but same area: 0, Unchanged: 0, Area change: 0.000um^2 (0.000%)
          Max. move: 0.000um, Min. move: 0.000um, Avg. move: N/A
          
          Clock DAG stats after 'eGRPC Fixing DRVs':
            cell counts      : b=1, i=0, icg=0, dcg=0, l=0, total=1
            sink counts      : regular=9, enable_latch=0, load_capacitance=0, antenna=0, node_sink=0, port=0, total=9
            misc counts      : r=1, pp=0, mci=0
            cell areas       : b=1.710um^2, i=0.000um^2, icg=0.000um^2, dcg=0.000um^2, l=0.000um^2, total=1.710um^2
            cell capacitance : b=0.000pF, i=0.000pF, icg=0.000pF, dcg=0.000pF, l=0.000pF, total=0.000pF
            sink capacitance : total=0.002pF, avg=0.000pF, sd=0.000pF, min=0.000pF, max=0.000pF
            wire capacitance : top=0.000pF, trunk=0.000pF, leaf=0.002pF, total=0.003pF
            wire lengths     : top=0.000um, trunk=5.835um, leaf=27.380um, total=33.215um
            hp wire lengths  : top=0.000um, trunk=4.870um, leaf=18.200um, total=23.070um
          Clock DAG net violations after 'eGRPC Fixing DRVs': none
          Clock DAG primary half-corner transition distribution after 'eGRPC Fixing DRVs':
            Trunk : target=0.140ns count=1 avg=0.004ns sd=0.000ns min=0.004ns max=0.004ns {1 <= 0.084ns, 0 <= 0.112ns, 0 <= 0.126ns, 0 <= 0.133ns, 0 <= 0.140ns}
            Leaf  : target=0.140ns count=1 avg=0.063ns sd=0.000ns min=0.063ns max=0.063ns {1 <= 0.084ns, 0 <= 0.112ns, 0 <= 0.126ns, 0 <= 0.133ns, 0 <= 0.140ns}
          Clock DAG library cell distribution after 'eGRPC Fixing DRVs' {count}:
             Bufs: CLKBUFX2: 1 
          Primary reporting skew groups after 'eGRPC Fixing DRVs':
            skew_group clk/normal_genus_slow_max: insertion delay [min=0.093, max=0.093], skew [0.000 vs 0.120]
          Skew group summary after 'eGRPC Fixing DRVs':
            skew_group clk/normal_genus_slow_max: insertion delay [min=0.093, max=0.093], skew [0.000 vs 0.120]
          Legalizer API calls during this step: 0 succeeded with high effort: 0 succeeded with medium effort: 0 succeeded with low effort: 0 succeeded with basic effort: 0 succeeded with basic unbounded effort: 0
        eGRPC Fixing DRVs done. (took cpu=0:00:00.0 real=0:00:00.0)
        Reconnecting optimized routes...
        Reset timing graph...
Ignoring AAE DB Resetting ...
        Reset timing graph done.
        Reconnecting optimized routes done. (took cpu=0:00:00.1 real=0:00:00.1)
        Violation analysis...
        Violation analysis done. (took cpu=0:00:00.0 real=0:00:00.0)
        Reset timing graph...
Ignoring AAE DB Resetting ...
        Reset timing graph done.
        Clock DAG stats before routing clock trees:
          cell counts      : b=1, i=0, icg=0, dcg=0, l=0, total=1
          sink counts      : regular=9, enable_latch=0, load_capacitance=0, antenna=0, node_sink=0, port=0, total=9
          misc counts      : r=1, pp=0, mci=0
          cell areas       : b=1.710um^2, i=0.000um^2, icg=0.000um^2, dcg=0.000um^2, l=0.000um^2, total=1.710um^2
          cell capacitance : b=0.000pF, i=0.000pF, icg=0.000pF, dcg=0.000pF, l=0.000pF, total=0.000pF
          sink capacitance : total=0.002pF, avg=0.000pF, sd=0.000pF, min=0.000pF, max=0.000pF
          wire capacitance : top=0.000pF, trunk=0.000pF, leaf=0.002pF, total=0.003pF
          wire lengths     : top=0.000um, trunk=5.835um, leaf=27.380um, total=33.215um
          hp wire lengths  : top=0.000um, trunk=4.870um, leaf=18.200um, total=23.070um
        Clock DAG net violations before routing clock trees: none
        Clock DAG primary half-corner transition distribution before routing clock trees:
          Trunk : target=0.140ns count=1 avg=0.004ns sd=0.000ns min=0.004ns max=0.004ns {1 <= 0.084ns, 0 <= 0.112ns, 0 <= 0.126ns, 0 <= 0.133ns, 0 <= 0.140ns}
          Leaf  : target=0.140ns count=1 avg=0.063ns sd=0.000ns min=0.063ns max=0.063ns {1 <= 0.084ns, 0 <= 0.112ns, 0 <= 0.126ns, 0 <= 0.133ns, 0 <= 0.140ns}
        Clock DAG library cell distribution before routing clock trees {count}:
           Bufs: CLKBUFX2: 1 
        Primary reporting skew groups before routing clock trees:
          skew_group clk/normal_genus_slow_max: insertion delay [min=0.093, max=0.093, avg=0.093, sd=0.000, skn=-nan, kur=-nan], skew [0.000 vs 0.120], 100% {0.093, 0.093} (wid=0.000 ws=0.000) (gid=0.093 gs=0.000)
        Skew group summary before routing clock trees:
          skew_group clk/normal_genus_slow_max: insertion delay [min=0.093, max=0.093, avg=0.093, sd=0.000, skn=-nan, kur=-nan], skew [0.000 vs 0.120], 100% {0.093, 0.093} (wid=0.000 ws=0.000) (gid=0.093 gs=0.000)
        Legalizer API calls during this step: 0 succeeded with high effort: 0 succeeded with medium effort: 0 succeeded with low effort: 0 succeeded with basic effort: 0 succeeded with basic unbounded effort: 0
      eGRPC done.
    Calling post conditioning for eGRPC done.
  eGR Post Conditioning done.
  Refine place not called during Post Conditioning. Calling it now the eGR->PC Loop is complete.
  Leaving CCOpt scope - Cleaning up placement interface...
  Leaving CCOpt scope - Cleaning up placement interface done. (took cpu=0:00:00.0 real=0:00:00.0)
  Leaving CCOpt scope - ClockRefiner...
  Soft fixed 3 clock instances and 0 clock sinks.
  Performing Single Pass Refine Place.
*** Starting place_detail (0:02:02 mem=2911.5M) ***
Total net bbox length = 4.476e+02 (2.584e+02 1.892e+02) (ext = 2.917e+02)
Move report: Detail placement moved 0 insts, mean move: 0.00 um, max move: 0.00 um 
	Runtime: CPU: 0:00:00.0 REAL: 0:00:00.0 MEM: 2910.7MB
Summary Report:
Instances moved: 0 (out of 18 movable)
Instances flipped: 0
Mean displacement: 0.00 um
Max displacement: 0.00 um 
Physical-only instances moved: 0 (out of 0 movable physical-only)
Total net bbox length = 4.476e+02 (2.584e+02 1.892e+02) (ext = 2.917e+02)
Runtime: CPU: 0:00:00.0 REAL: 0:00:00.0 MEM: 2910.7MB
*** Finished place_detail (0:02:02 mem=2910.7M) ***
  ClockRefiner summary
  All clock instances: Moved 0, flipped 0 and cell swapped 0 (out of a total of 10).
  Restoring place_status_cts on 1 clock instances.
  Leaving CCOpt scope - ClockRefiner done. (took cpu=0:00:00.1 real=0:00:00.1)
  CCOpt::Phase::eGRPC done. (took cpu=0:00:00.6 real=0:00:03.9)
  CCOpt::Phase::Routing...
  Clock implementation routing...
    Leaving CCOpt scope - Routing Tools...
Net route status summary:
  Clock:         2 (unrouted=0, trialRouted=0, noStatus=0, routed=2, fixed=0, [crossesIlmBoundary=0, tooFewTerms=0, (crossesIlmBoundary AND tooFewTerms=0)], steiner=0)
  Non-clock:    45 (unrouted=2, trialRouted=43, noStatus=0, routed=0, fixed=0, [crossesIlmBoundary=0, tooFewTerms=2, (crossesIlmBoundary AND tooFewTerms=0)])
    Routing using eGR in eGR->NR Step...
      Early Global Route - eGR->Nr High Frequency step...
(ccopt eGR): There are 2 nets to be routed. 0 nets have skip routing designation.
(ccopt eGR): There are 2 nets for routing of which 2 have one or more fixed wires.
(ccopt eGR): Start to route 2 all nets
[PSP]    Started Early Global Route ( Curr Mem: 2607.64 MB )
[PSP]    Started Early Global Route kernel ( Curr Mem: 2607.64 MB )
[NR-eGR] Early global route reroute 2 out of 45 routable nets
[NR-eGR] Track table information for default rule: 
[NR-eGR] Metal1 has single uniform track structure
[NR-eGR] Metal2 has single uniform track structure
[NR-eGR] Metal3 has single uniform track structure
[NR-eGR] Metal4 has single uniform track structure
[NR-eGR] Metal5 has single uniform track structure
[NR-eGR] Metal6 has single uniform track structure
[NR-eGR] Metal7 has single uniform track structure
[NR-eGR] Metal8 has single uniform track structure
[NR-eGR] Metal9 has single uniform track structure
[NR-eGR] Metal10 has single uniform track structure
[NR-eGR] Metal11 has single uniform track structure
[NR-eGR] Read 390 PG shapes
[NR-eGR] Read 0 clock shapes
[NR-eGR] Read 0 other shapes
[NR-eGR] #Routing Blockages  : 0
[NR-eGR] #Bump Blockages     : 0
[NR-eGR] #Instance Blockages : 0
[NR-eGR] #PG Blockages       : 390
[NR-eGR] #Halo Blockages     : 0
[NR-eGR] #Boundary Blockages : 0
[NR-eGR] #Clock Blockages    : 0
[NR-eGR] #Other Blockages    : 0
[NR-eGR] #prerouted nets         : 0
[NR-eGR] #prerouted special nets : 0
[NR-eGR] #prerouted wires        : 0
[NR-eGR] Read 45 nets ( ignored 43 )
[NR-eGR] Connected 0 must-join pins/ports (pre-process)
[NR-eGR] #via pillars        : 0
[NR-eGR] #must join all port : 0
[NR-eGR] #multiple ports     : 0
[NR-eGR] #has must join      : 0
[NR-eGR] Handle net priority by net group ordering
[NR-eGR] There are 2 clock nets ( 2 with NDR ).
[NR-eGR] == Routing rule table ==
[NR-eGR]  ID  Name  #Nets 
[NR-eGR] -----------------
[NR-eGR]   1            2 
[NR-eGR] Layer group 1: route 2 net(s) in layer range [3, 4]
[NR-eGR] Early Global Route overflow of layer group 1: 0.00% H + 0.00% V. EstWL: 2.907000e+01um
[NR-eGR] Congestion Analysis By layer: (blocked Gcells are excluded) 
[NR-eGR]                        OverCon            
[NR-eGR]                         #Gcell     %Gcell
[NR-eGR]        Layer             (1-0)    OverCon
[NR-eGR] ----------------------------------------------
[NR-eGR]  Metal1 ( 1)         0( 0.00%)   ( 0.00%) 
[NR-eGR]  Metal2 ( 2)         0( 0.00%)   ( 0.00%) 
[NR-eGR]  Metal3 ( 3)         0( 0.00%)   ( 0.00%) 
[NR-eGR]  Metal4 ( 4)         0( 0.00%)   ( 0.00%) 
[NR-eGR]  Metal5 ( 5)         0( 0.00%)   ( 0.00%) 
[NR-eGR]  Metal6 ( 6)         0( 0.00%)   ( 0.00%) 
[NR-eGR]  Metal7 ( 7)         0( 0.00%)   ( 0.00%) 
[NR-eGR]  Metal8 ( 8)         0( 0.00%)   ( 0.00%) 
[NR-eGR]  Metal9 ( 9)         0( 0.00%)   ( 0.00%) 
[NR-eGR] Metal10 (10)         0( 0.00%)   ( 0.00%) 
[NR-eGR] Metal11 (11)         0( 0.00%)   ( 0.00%) 
[NR-eGR] ----------------------------------------------
[NR-eGR]        Total         0( 0.00%)   ( 0.00%) 
[NR-eGR] 
[NR-eGR] Overflow after Early Global Route 0.00% H + 0.00% V
[NR-eGR] Connected 0 must-join pins/ports (post-process)
[NR-eGR] Total eGR-routed clock nets wire length: 33um, number of vias: 25
[NR-eGR] --------------------------------------------------------------------------
[NR-eGR] Report for selected net(s) only.
[NR-eGR]                  Length (um)  Vias 
[NR-eGR] -----------------------------------
[NR-eGR]  Metal1   (1H)             0    12 
[NR-eGR]  Metal2   (2V)            23    13 
[NR-eGR]  Metal3   (3H)            10     0 
[NR-eGR]  Metal4   (4V)             0     0 
[NR-eGR]  Metal5   (5H)             0     0 
[NR-eGR]  Metal6   (6V)             0     0 
[NR-eGR]  Metal7   (7H)             0     0 
[NR-eGR]  Metal8   (8V)             0     0 
[NR-eGR]  Metal9   (9H)             0     0 
[NR-eGR]  Metal10  (10V)            0     0 
[NR-eGR]  Metal11  (11H)            0     0 
[NR-eGR] -----------------------------------
[NR-eGR]           Total           33    25 
[NR-eGR] --------------------------------------------------------------------------
[NR-eGR] Total half perimeter of net bounding box: 23um
[NR-eGR] Total length: 33um, number of vias: 25
[NR-eGR] --------------------------------------------------------------------------
[NR-eGR] Total routed clock nets wire length: 33um, number of vias: 25
[NR-eGR] --------------------------------------------------------------------------
[NR-eGR]                  Length (um)  Vias 
[NR-eGR] -----------------------------------
[NR-eGR]  Metal1   (1H)             0   106 
[NR-eGR]  Metal2   (2V)           203   143 
[NR-eGR]  Metal3   (3H)           269     2 
[NR-eGR]  Metal4   (4V)             6     0 
[NR-eGR]  Metal5   (5H)             0     0 
[NR-eGR]  Metal6   (6V)             0     0 
[NR-eGR]  Metal7   (7H)             0     0 
[NR-eGR]  Metal8   (8V)             0     0 
[NR-eGR]  Metal9   (9H)             0     0 
[NR-eGR]  Metal10  (10V)            0     0 
[NR-eGR]  Metal11  (11H)            0     0 
[NR-eGR] -----------------------------------
[NR-eGR]           Total          478   251 
[NR-eGR] --------------------------------------------------------------------------
[NR-eGR] Total half perimeter of net bounding box: 448um
[NR-eGR] Total length: 478um, number of vias: 251
[NR-eGR] --------------------------------------------------------------------------
[NR-eGR] Finished Early Global Route kernel ( CPU: 0.15 sec, Real: 4.65 sec, Curr Mem: 2607.64 MB )
[NR-eGR] Finished Early Global Route ( CPU: 0.15 sec, Real: 4.65 sec, Curr Mem: 2607.64 MB )
      Early Global Route - eGR->Nr High Frequency step done. (took cpu=0:00:00.4 real=0:00:04.9)
[hotspot] +----------------+-------------------+-------------------+-------------------------------------+
[hotspot] |      layer     |    max hotspot    |   total hotspot   |            hotspot bbox             |
[hotspot] +----------------+-------------------+-------------------+-------------------------------------+
[hotspot] |   Metal3(H)    |              0.00 |              0.00 |   (none)                            |
[hotspot] |   Metal4(V)    |              0.00 |              0.00 |   (none)                            |
[hotspot] +----------------+-------------------+-------------------+-------------------------------------+
[hotspot] |      worst     |              0.00 |              0.00 |                                     |
[hotspot] +----------------+-------------------+-------------------+-------------------------------------+
[hotspot] |   all layers   |              0.00 |              0.00 |                                     |
[hotspot] +----------------+-------------------+-------------------+-------------------------------------+
Local HotSpot Analysis (3d): normalized congestion max/total hotspot area = 0.00/0.00 (area is in unit of 4 std-cell row bins)
    Routing using eGR in eGR->NR Step done.
    Routing using NR in eGR->NR Step...

CCOPT: Preparing to route 2 clock nets with NanoRoute.
  All net are default rule.
  Preferred NanoRoute mode settings: Current
      Clock detailed routing...
        NanoRoute...

route_global_detail

#Start route_global_detail on Mon May  4 12:45:30 2026
#
#NanoRoute Version 25.13-s088_1 NR260309-1855/25_13-UB
#
#Wire/Via statistics before line assignment ...
#Total number of nets with non-default rule or having extra spacing = 2
#
#  Routing Statistics
#
#----------------+-----------+-----+
#  Layer         | Length(um)| Vias|
#----------------+-----------+-----+
#  Poly ( 0H)    |          0|    0|
#  Metal1 ( 1H)  |          0|   12|
#  Metal2 ( 2V)  |         23|   13|
#  Metal3 ( 3H)  |         10|    0|
#  Metal4 ( 4V)  |          0|    0|
#  Metal5 ( 5H)  |          0|    0|
#  Metal6 ( 6V)  |          0|    0|
#  Metal7 ( 7H)  |          0|    0|
#  Metal8 ( 8V)  |          0|    0|
#  Metal9 ( 9H)  |          0|    0|
#  Metal10 (10V) |          0|    0|
#  Metal11 (11H) |          0|    0|
#----------------+-----------+-----+
#  Total         |         33|   25|
#----------------+-----------+-----+
#
# Total half perimeter of net bounding box: 24 um.
#Set instance access analysis scope  2.62000, -6.84000, 23.98000, 20.86500
#Start routing data preparation on Mon May  4 12:45:30 2026
#
#Rebuild pin access data for design.
#Initial pin access analysis.
#Detail pin access analysis.
#Done pin access analysis.
# Metal1       H   Track-Pitch = 0.19000    Line-2-Via Pitch = 0.13000
# Metal2       V   Track-Pitch = 0.20000    Line-2-Via Pitch = 0.15000
# Metal3       H   Track-Pitch = 0.19000    Line-2-Via Pitch = 0.15000
# Metal4       V   Track-Pitch = 0.20000    Line-2-Via Pitch = 0.15000
# Metal5       H   Track-Pitch = 0.19000    Line-2-Via Pitch = 0.15000
# Metal6       V   Track-Pitch = 0.20000    Line-2-Via Pitch = 0.15000
# Metal7       H   Track-Pitch = 0.19000    Line-2-Via Pitch = 0.15000
# Metal8       V   Track-Pitch = 0.20000    Line-2-Via Pitch = 0.15000
# Metal9       H   Track-Pitch = 0.19000    Line-2-Via Pitch = 0.15000
# Metal10      V   Track-Pitch = 0.50000    Line-2-Via Pitch = 0.42000
# Metal11      H   Track-Pitch = 0.47500    Line-2-Via Pitch = 0.43000
#shield_layer  1: layer_id= 6 shield_wire_on_grid=1 shield_via_on_grid=1 is_hard_wire_on_grid=0 allow_ww=0
#shield_layer  2: layer_id= 8 shield_wire_on_grid=1 shield_via_on_grid=1 is_hard_wire_on_grid=0 allow_ww=0
#shield_layer  3: layer_id=10 shield_wire_on_grid=1 shield_via_on_grid=1 is_hard_wire_on_grid=0 allow_ww=0
#shield_layer  4: layer_id=12 shield_wire_on_grid=1 shield_via_on_grid=1 is_hard_wire_on_grid=0 allow_ww=0
#shield_layer  5: layer_id=14 shield_wire_on_grid=1 shield_via_on_grid=1 is_hard_wire_on_grid=0 allow_ww=0
#shield_layer  6: layer_id=16 shield_wire_on_grid=1 shield_via_on_grid=1 is_hard_wire_on_grid=0 allow_ww=0
#shield_layer  7: layer_id=18 shield_wire_on_grid=1 shield_via_on_grid=1 is_hard_wire_on_grid=0 allow_ww=0
#shield_layer  8: layer_id=20 shield_wire_on_grid=1 shield_via_on_grid=1 is_hard_wire_on_grid=0 allow_ww=0
#shield_layer  9: layer_id=22 shield_wire_on_grid=1 shield_via_on_grid=1 is_hard_wire_on_grid=0 allow_ww=0
#shield_layer 10: layer_id=24 shield_wire_on_grid=1 shield_via_on_grid=1 is_hard_wire_on_grid=0 allow_ww=0
#shield_layer 11: layer_id=26 shield_wire_on_grid=1 shield_via_on_grid=1 is_hard_wire_on_grid=0 allow_ww=0
#Bottom routing layer index=1(Metal1), bottom routing layer for shielding=1(Metal1), bottom shield layer=1(Metal1) top shield layer=11(Metal11)
#shield_bottom_stripe_layer=1(Metal1), shield_top_stripe_layer=11(Metal11)
#pin_access_rlayer=2(Metal2) num_routing_layer=11 top_routing_layer=11 top_ripin_layer=11
#shield_top_dpt_rlayer=-1 top_rlayer=11 top_trim_metal_rlayer=-1 rlayer_lowest=1 bottom_rlayer=1
#enable_trim_layer_shield=F enable_dpt_layer_shield=F has_line_end_grid=F
#Regenerating Ggrids automatically.
#Auto generating G-grids with size=15 tracks, using layer Metal3's pitch = 0.19000.
#Using automatically generated G-grids.
#Done routing data preparation.
#cpu time = 00:00:04, elapsed time = 00:00:04, memory = 2932.24 (MB), peak = 3034.91 (MB)
#Set instance access analysis scope  2.62000, -6.84000, 23.98000, 20.86500
Updating RC Grid density data for preRoute extraction ...
Initializing multi-corner resistance tables ...
#
#Distribution of nets:
#  
# #pin range           #net       % 
#------------------------------------
#          2              43 ( 91.5%)
#  10  -  19               2 (  4.3%)
#     >=2000               0 (  0.0%)
#
#Total: 47 nets, 45 non-trivial nets
#                                    #net       % 
#-------------------------------------------------
#  Fully global routed                  2 ( 4.4%)
#  Clock                                2
#  Extra space                          2
#  Prefer layer range                   2
#
#Nets in 1 layer range:
#  Bottom Pref.Layer    Top Pref.Layer       #net       % 
#---------------------------------------------------------
#             Metal3           Metal4           2 (  4.4%)
#
#2 nets selected.
#
#
#..
#
#Iteration 1.1: cpu:00:00:00, real:00:00:00, mem:2.9 GB, peak:3.0 GB
#Iteration 2.1: cpu:00:00:00, real:00:00:00, mem:2.9 GB, peak:3.0 GB
#Iteration 3.1: cpu:00:00:00, real:00:00:00, mem:2.9 GB, peak:3.0 GB
#
#Line Assignment statistics:
#Cpu time = 00:00:00
#Elapsed time = 00:00:00
#Increased memory = 0.79 (MB)
#Total memory = 2935.80 (MB)
#Peak memory = 3034.91 (MB)
#End Line Assignment: cpu:00:00:00, real:00:00:00, mem:2.9 GB, peak:3.0 GB
#
#Wire/Via statistics after line assignment ...
#Total number of nets with non-default rule or having extra spacing = 2
#
#  Routing Statistics
#
#----------------+-----------+-----+
#  Layer         | Length(um)| Vias|
#----------------+-----------+-----+
#  Poly ( 0H)    |          0|    0|
#  Metal1 ( 1H)  |          0|   12|
#  Metal2 ( 2V)  |         29|   20|
#  Metal3 ( 3H)  |         10|    0|
#  Metal4 ( 4V)  |          0|    0|
#  Metal5 ( 5H)  |          0|    0|
#  Metal6 ( 6V)  |          0|    0|
#  Metal7 ( 7H)  |          0|    0|
#  Metal8 ( 8V)  |          0|    0|
#  Metal9 ( 9H)  |          0|    0|
#  Metal10 (10V) |          0|    0|
#  Metal11 (11H) |          0|    0|
#----------------+-----------+-----+
#  Total         |         39|   32|
#----------------+-----------+-----+
#
# Total half perimeter of net bounding box: 24 um.
#Routing data preparation, pin analysis, line assignment statistics:
#Cpu time = 00:00:04
#Elapsed time = 00:00:04
#Increased memory = 20.46 (MB)
#Total memory = 2933.95 (MB)
#Peak memory = 3034.91 (MB)
#Skip comparing routing design signature in db-snapshot flow
#Inside shield_view_init(), force=1, the_init_status=0
#The shielding rule is LEF_DEFAULT
#Turn off shielding eco because there is no existing shielding wire
#Set instance access analysis scope  2.62000 -6.84000 24.02000 20.86500
#Set instance access analysis scope  2.62000 -6.84000 24.02000 20.86500
#Set instance access analysis scope  2.62000 -6.84000 24.02000 20.86500
#Set instance access analysis scope  2.62000 -6.84000 24.02000 20.86500
#
#Start Detail Routing..
#start initial detail routing ...
#   number of violations = 0
#cpu time = 00:00:00, elapsed time = 00:00:00, memory = 2936.64 (MB), peak = 3034.91 (MB)
#Complete Detail Routing.
#Total number of nets with non-default rule or having extra spacing = 2
#
#  Routing Statistics
#
#----------------+-----------+-----+
#  Layer         | Length(um)| Vias|
#----------------+-----------+-----+
#  Poly ( 0H)    |          0|    0|
#  Metal1 ( 1H)  |          0|   12|
#  Metal2 ( 2V)  |          9|    9|
#  Metal3 ( 3H)  |         10|    8|
#  Metal4 ( 4V)  |         14|    0|
#  Metal5 ( 5H)  |          0|    0|
#  Metal6 ( 6V)  |          0|    0|
#  Metal7 ( 7H)  |          0|    0|
#  Metal8 ( 8V)  |          0|    0|
#  Metal9 ( 9H)  |          0|    0|
#  Metal10 (10V) |          0|    0|
#  Metal11 (11H) |          0|    0|
#----------------+-----------+-----+
#  Total         |         32|   29|
#----------------+-----------+-----+
#
# Total half perimeter of net bounding box: 24 um.
#Total number of DRC violations = 0
#Cpu time = 00:00:00
#Elapsed time = 00:00:00
#Increased memory = 2.68 (MB)
#Total memory = 2936.62 (MB)
#Peak memory = 3034.91 (MB)
#route_detail Statistics:
#Cpu time = 00:00:00
#Elapsed time = 00:00:00
#Increased memory = 2.68 (MB)
#Total memory = 2936.62 (MB)
#Peak memory = 3034.91 (MB)
#
#route_global_detail statistics:
#Cpu time = 00:00:04
#Elapsed time = 00:00:04
#Increased memory = 21.60 (MB)
#Total memory = 2933.89 (MB)
#Peak memory = 3034.91 (MB)
#Number of warnings = 0
#Total number of warnings = 0
#Number of fails = 0
#Total number of fails = 0
#Complete route_global_detail on Mon May  4 12:45:34 2026
#
#
#  Scalability Statistics
#
#-------------------------+---------+-------------+------------+
#  route_global_detail    | cpu time| elapsed time| scalability|
#-------------------------+---------+-------------+------------+
#  Pre Callback           | 00:00:00|     00:00:00|         1.0|
#  Post Callback          | 00:00:00|     00:00:00|         1.0|
#  Timing Data Generation | 00:00:00|     00:00:00|         1.0|
#  DB Import              | 00:00:00|     00:00:00|         1.0|
#  DB Export              | 00:00:00|     00:00:00|         1.0|
#  Cell Pin Access        | 00:00:00|     00:00:00|         1.0|
#  Data Preparation       | 00:00:04|     00:00:04|         1.0|
#  Line Assignment        | 00:00:00|     00:00:00|         1.0|
#  Detail Routing         | 00:00:00|     00:00:00|         1.0|
#  Entire Command         | 00:00:04|     00:00:04|         1.0|
#-------------------------+---------+-------------+------------+
#
        NanoRoute done. (took cpu=0:00:04.4 real=0:00:04.4)
      Clock detailed routing done.
Skipping check of guided vs. routed net lengths.
Set FIXED routing status on 2 net(s)
Set FIXED placed status on 1 instance(s)
      Route Remaining Unrouted Nets...
Running route_early_global to complete any remaining unrouted nets.
Updating RC Grid density data for preRoute extraction ...
Initializing multi-corner resistance tables ...
[NR-eGR] Started Early Global Route ( Curr Mem: 2629.87 MB )
[NR-eGR] Started Early Global Route kernel ( Curr Mem: 2629.87 MB )
[NR-eGR] Early global route reroute all routable nets
[NR-eGR] Track table information for default rule: 
[NR-eGR] Metal1 has single uniform track structure
[NR-eGR] Metal2 has single uniform track structure
[NR-eGR] Metal3 has single uniform track structure
[NR-eGR] Metal4 has single uniform track structure
[NR-eGR] Metal5 has single uniform track structure
[NR-eGR] Metal6 has single uniform track structure
[NR-eGR] Metal7 has single uniform track structure
[NR-eGR] Metal8 has single uniform track structure
[NR-eGR] Metal9 has single uniform track structure
[NR-eGR] Metal10 has single uniform track structure
[NR-eGR] Metal11 has single uniform track structure
[NR-eGR] Read 703 PG shapes
[NR-eGR] Read 0 clock shapes
[NR-eGR] Read 0 other shapes
[NR-eGR] #Routing Blockages  : 0
[NR-eGR] #Bump Blockages     : 0
[NR-eGR] #Instance Blockages : 0
[NR-eGR] #PG Blockages       : 703
[NR-eGR] #Halo Blockages     : 0
[NR-eGR] #Boundary Blockages : 0
[NR-eGR] #Clock Blockages    : 0
[NR-eGR] #Other Blockages    : 0
[NR-eGR] #prerouted nets         : 2
[NR-eGR] #prerouted special nets : 0
[NR-eGR] #prerouted wires        : 27
[NR-eGR] Read 45 nets ( ignored 2 )
[NR-eGR] Handle net priority by net group ordering
[NR-eGR] == Routing rule table ==
[NR-eGR]  ID  Name       #Nets 
[NR-eGR] ----------------------
[NR-eGR]   0  (Default)     43 
[NR-eGR] Layer group 1: route 43 net(s) in layer range [2, 11]
[NR-eGR] Early Global Route overflow of layer group 1: 0.00% H + 0.00% V. EstWL: 4.104000e+02um
[NR-eGR] Congestion Analysis By layer: (blocked Gcells are excluded) 
[NR-eGR]                        OverCon            
[NR-eGR]                         #Gcell     %Gcell
[NR-eGR]        Layer             (1-0)    OverCon
[NR-eGR] ----------------------------------------------
[NR-eGR]  Metal1 ( 1)         0( 0.00%)   ( 0.00%) 
[NR-eGR]  Metal2 ( 2)         0( 0.00%)   ( 0.00%) 
[NR-eGR]  Metal3 ( 3)         0( 0.00%)   ( 0.00%) 
[NR-eGR]  Metal4 ( 4)         0( 0.00%)   ( 0.00%) 
[NR-eGR]  Metal5 ( 5)         0( 0.00%)   ( 0.00%) 
[NR-eGR]  Metal6 ( 6)         0( 0.00%)   ( 0.00%) 
[NR-eGR]  Metal7 ( 7)         0( 0.00%)   ( 0.00%) 
[NR-eGR]  Metal8 ( 8)         0( 0.00%)   ( 0.00%) 
[NR-eGR]  Metal9 ( 9)         0( 0.00%)   ( 0.00%) 
[NR-eGR] Metal10 (10)         0( 0.00%)   ( 0.00%) 
[NR-eGR] Metal11 (11)         0( 0.00%)   ( 0.00%) 
[NR-eGR] ----------------------------------------------
[NR-eGR]        Total         0( 0.00%)   ( 0.00%) 
[NR-eGR] 
[NR-eGR] Overflow after Early Global Route 0.00% H + 0.00% V
[NR-eGR] Connected 0 must-join pins/ports (post-process)
[NR-eGR] Total eGR-routed clock nets wire length: 0um, number of vias: 0
[NR-eGR] --------------------------------------------------------------------------
[NR-eGR]                  Length (um)  Vias 
[NR-eGR] -----------------------------------
[NR-eGR]  Metal1   (1H)             0   106 
[NR-eGR]  Metal2   (2V)           188   139 
[NR-eGR]  Metal3   (3H)           268    10 
[NR-eGR]  Metal4   (4V)            20     0 
[NR-eGR]  Metal5   (5H)             0     0 
[NR-eGR]  Metal6   (6V)             0     0 
[NR-eGR]  Metal7   (7H)             0     0 
[NR-eGR]  Metal8   (8V)             0     0 
[NR-eGR]  Metal9   (9H)             0     0 
[NR-eGR]  Metal10  (10V)            0     0 
[NR-eGR]  Metal11  (11H)            0     0 
[NR-eGR] -----------------------------------
[NR-eGR]           Total          477   255 
[NR-eGR] --------------------------------------------------------------------------
[NR-eGR] Total half perimeter of net bounding box: 448um
[NR-eGR] Total length: 477um, number of vias: 255
[NR-eGR] --------------------------------------------------------------------------
[NR-eGR] Finished Early Global Route kernel ( CPU: 0.06 sec, Real: 5.28 sec, Curr Mem: 2629.95 MB )
[NR-eGR] Finished Early Global Route ( CPU: 0.07 sec, Real: 5.29 sec, Curr Mem: 2629.95 MB )
      Route Remaining Unrouted Nets done. (took cpu=0:00:00.1 real=0:00:05.4)
    Routing using NR in eGR->NR Step done.
Net route status summary:
  Clock:         2 (unrouted=0, trialRouted=0, noStatus=0, routed=0, fixed=2, [crossesIlmBoundary=0, tooFewTerms=0, (crossesIlmBoundary AND tooFewTerms=0)], steiner=0)
  Non-clock:    45 (unrouted=2, trialRouted=43, noStatus=0, routed=0, fixed=0, [crossesIlmBoundary=0, tooFewTerms=2, (crossesIlmBoundary AND tooFewTerms=0)])

CCOPT: Done with clock implementation routing.

    Leaving CCOpt scope - Routing Tools done. (took cpu=0:00:05.0 real=0:00:14.8)
  Clock implementation routing done.
  Leaving CCOpt scope - extractRC...
  Updating RC parasitics by calling: "extract_rc -noRouteCheck"...
Extraction called for design 'somador' of instances=18 and nets=47 using extraction engine 'pre_route' .
pre_route RC Extraction called for design somador.
RC Extraction called in multi-corner(2) mode.
RCMode: PreRoute
      RC Corner Indexes            0       1   
Capacitance Scaling Factor   : 1.00000 1.00000 
Resistance Scaling Factor    : 1.00000 1.00000 
Clock Cap. Scaling Factor    : 1.00000 1.00000 
Clock Res. Scaling Factor    : 1.00000 1.00000 
Shrink Factor                : 1.00000
PreRoute extraction is honoring NDR/Shielding/ExtraSpace for clock nets.
Using capacitance table file ...
Updating RC Grid density data for preRoute extraction ...
Initializing multi-corner resistance tables ...
PreRoute RC Extraction DONE (CPU Time: 0:00:00.0  Real Time: 0:00:00.0  MEM: 2933.086M)
  Updating RC parasitics by calling: "extract_rc -noRouteCheck" done.
  Leaving CCOpt scope - extractRC done. (took cpu=0:00:00.0 real=0:00:00.0)
  Clock tree timing engine global stage delay update for slow_max:setup.late...
  Clock tree timing engine global stage delay update for slow_max:setup.late done. (took cpu=0:00:00.0 real=0:00:00.0)
  Clock DAG stats after routing clock trees:
    cell counts      : b=1, i=0, icg=0, dcg=0, l=0, total=1
    sink counts      : regular=9, enable_latch=0, load_capacitance=0, antenna=0, node_sink=0, port=0, total=9
    misc counts      : r=1, pp=0, mci=0
    cell areas       : b=1.710um^2, i=0.000um^2, icg=0.000um^2, dcg=0.000um^2, l=0.000um^2, total=1.710um^2
    cell capacitance : b=0.000pF, i=0.000pF, icg=0.000pF, dcg=0.000pF, l=0.000pF, total=0.000pF
    sink capacitance : total=0.002pF, avg=0.000pF, sd=0.000pF, min=0.000pF, max=0.000pF
    wire capacitance : top=0.000pF, trunk=0.000pF, leaf=0.002pF, total=0.002pF
    wire lengths     : top=0.000um, trunk=5.730um, leaf=26.700um, total=32.430um
    hp wire lengths  : top=0.000um, trunk=4.870um, leaf=18.200um, total=23.070um
  Clock DAG net violations after routing clock trees: none
  Clock DAG primary half-corner transition distribution after routing clock trees:
    Trunk : target=0.140ns count=1 avg=0.004ns sd=0.000ns min=0.004ns max=0.004ns {1 <= 0.084ns, 0 <= 0.112ns, 0 <= 0.126ns, 0 <= 0.133ns, 0 <= 0.140ns}
    Leaf  : target=0.140ns count=1 avg=0.062ns sd=0.000ns min=0.062ns max=0.062ns {1 <= 0.084ns, 0 <= 0.112ns, 0 <= 0.126ns, 0 <= 0.133ns, 0 <= 0.140ns}
  Clock DAG library cell distribution after routing clock trees {count}:
     Bufs: CLKBUFX2: 1 
  Primary reporting skew groups after routing clock trees:
    skew_group clk/normal_genus_slow_max: insertion delay [min=0.093, max=0.093, avg=0.093, sd=0.000, skn=-nan, kur=-nan], skew [0.000 vs 0.120], 100% {0.093, 0.093} (wid=0.000 ws=0.000) (gid=0.093 gs=0.000)
  Skew group summary after routing clock trees:
    skew_group clk/normal_genus_slow_max: insertion delay [min=0.093, max=0.093, avg=0.093, sd=0.000, skn=-nan, kur=-nan], skew [0.000 vs 0.120], 100% {0.093, 0.093} (wid=0.000 ws=0.000) (gid=0.093 gs=0.000)
  CCOpt::Phase::Routing done. (took cpu=0:00:05.1 real=0:00:14.8)
  CCOpt::Phase::PostConditioning...
  Leaving CCOpt scope - Initializing placement interface...
  Leaving CCOpt scope - Initializing placement interface done. (took cpu=0:00:00.1 real=0:00:00.1)
  PostConditioning...
    PostConditioning active optimizations:
     - DRV fixing with initial upsizing, sizing and buffering
     - Skew fixing with sizing
    
    Currently running CTS, using active skew data
    ProEngine running partially connected to DB
    Reset bufferability constraints...
    Resetting previous bufferability status on all nets so that PostConditioning will attempt to fix all clock tree violations.
    Reset bufferability constraints done. (took cpu=0:00:00.0 real=0:00:00.0)
    PostConditioning Upsizing To Fix DRVs...
      Fixing clock tree DRVs with upsizing: ...20% ...40% ...60% ...80% ...100% 
      CCOpt-PostConditioning: considered: 2, tested: 2, violation detected: 0, violation ignored (due to small violation): 0, cannot run: 0, attempted: 0, unsuccessful: 0, sized: 0
      
      Statistics: Fix DRVs (initial upsizing):
      ========================================
      
      Cell changes by Net Type:
      
      -------------------------------------------------------------------------------------------------
      Net Type    Attempted    Upsized     Downsized    Swapped Same Size    Total Changed    Not Sized
      -------------------------------------------------------------------------------------------------
      top                0            0           0            0                    0                0
      trunk              0            0           0            0                    0                0
      leaf               0            0           0            0                    0                0
      -------------------------------------------------------------------------------------------------
      Total              0            0           0            0                    0                0
      -------------------------------------------------------------------------------------------------
      
      Upsized: 0, Downsized: 0, Sized but same area: 0, Unchanged: 0, Area change: 0.000um^2 (0.000%)
      Max. move: 0.000um, Min. move: 0.000um, Avg. move: N/A
      
      Clock DAG stats after 'PostConditioning Upsizing To Fix DRVs':
        cell counts      : b=1, i=0, icg=0, dcg=0, l=0, total=1
        sink counts      : regular=9, enable_latch=0, load_capacitance=0, antenna=0, node_sink=0, port=0, total=9
        misc counts      : r=1, pp=0, mci=0
        cell areas       : b=1.710um^2, i=0.000um^2, icg=0.000um^2, dcg=0.000um^2, l=0.000um^2, total=1.710um^2
        cell capacitance : b=0.000pF, i=0.000pF, icg=0.000pF, dcg=0.000pF, l=0.000pF, total=0.000pF
        sink capacitance : total=0.002pF, avg=0.000pF, sd=0.000pF, min=0.000pF, max=0.000pF
        wire capacitance : top=0.000pF, trunk=0.000pF, leaf=0.002pF, total=0.002pF
        wire lengths     : top=0.000um, trunk=5.730um, leaf=26.700um, total=32.430um
        hp wire lengths  : top=0.000um, trunk=4.870um, leaf=18.200um, total=23.070um
      Clock DAG net violations after 'PostConditioning Upsizing To Fix DRVs': none
      Clock DAG primary half-corner transition distribution after 'PostConditioning Upsizing To Fix DRVs':
        Trunk : target=0.140ns count=1 avg=0.004ns sd=0.000ns min=0.004ns max=0.004ns {1 <= 0.084ns, 0 <= 0.112ns, 0 <= 0.126ns, 0 <= 0.133ns, 0 <= 0.140ns}
        Leaf  : target=0.140ns count=1 avg=0.062ns sd=0.000ns min=0.062ns max=0.062ns {1 <= 0.084ns, 0 <= 0.112ns, 0 <= 0.126ns, 0 <= 0.133ns, 0 <= 0.140ns}
      Clock DAG library cell distribution after 'PostConditioning Upsizing To Fix DRVs' {count}:
         Bufs: CLKBUFX2: 1 
      Primary reporting skew groups after 'PostConditioning Upsizing To Fix DRVs':
        skew_group clk/normal_genus_slow_max: insertion delay [min=0.093, max=0.093], skew [0.000 vs 0.120]
      Skew group summary after 'PostConditioning Upsizing To Fix DRVs':
        skew_group clk/normal_genus_slow_max: insertion delay [min=0.093, max=0.093], skew [0.000 vs 0.120]
      Legalizer API calls during this step: 0 succeeded with high effort: 0 succeeded with medium effort: 0 succeeded with low effort: 0 succeeded with basic effort: 0 succeeded with basic unbounded effort: 0
    PostConditioning Upsizing To Fix DRVs done. (took cpu=0:00:00.0 real=0:00:00.0)
    Recomputing CTS skew targets...
    Resolving skew group constraints...
      Solving LP: 1 skew groups; 2 fragments, 2 fraglets and 3 vertices; 13 variables and 30 constraints; tolerance 1
    Resolving skew group constraints done.
    Recomputing CTS skew targets done. (took cpu=0:00:00.0 real=0:00:00.0)
    PostConditioning Fixing DRVs...
      Fixing clock tree DRVs: ...20% ...40% ...60% ...80% ...100% 
      CCOpt-PostConditioning: considered: 2, tested: 2, violation detected: 0, violation ignored (due to small violation): 0, cannot run: 0, attempted: 0, unsuccessful: 0, sized: 0
      
      Statistics: Fix DRVs (cell sizing):
      ===================================
      
      Cell changes by Net Type:
      
      -------------------------------------------------------------------------------------------------
      Net Type    Attempted    Upsized     Downsized    Swapped Same Size    Total Changed    Not Sized
      -------------------------------------------------------------------------------------------------
      top                0            0           0            0                    0                0
      trunk              0            0           0            0                    0                0
      leaf               0            0           0            0                    0                0
      -------------------------------------------------------------------------------------------------
      Total              0            0           0            0                    0                0
      -------------------------------------------------------------------------------------------------
      
      Upsized: 0, Downsized: 0, Sized but same area: 0, Unchanged: 0, Area change: 0.000um^2 (0.000%)
      Max. move: 0.000um, Min. move: 0.000um, Avg. move: N/A
      
      Clock DAG stats after 'PostConditioning Fixing DRVs':
        cell counts      : b=1, i=0, icg=0, dcg=0, l=0, total=1
        sink counts      : regular=9, enable_latch=0, load_capacitance=0, antenna=0, node_sink=0, port=0, total=9
        misc counts      : r=1, pp=0, mci=0
        cell areas       : b=1.710um^2, i=0.000um^2, icg=0.000um^2, dcg=0.000um^2, l=0.000um^2, total=1.710um^2
        cell capacitance : b=0.000pF, i=0.000pF, icg=0.000pF, dcg=0.000pF, l=0.000pF, total=0.000pF
        sink capacitance : total=0.002pF, avg=0.000pF, sd=0.000pF, min=0.000pF, max=0.000pF
        wire capacitance : top=0.000pF, trunk=0.000pF, leaf=0.002pF, total=0.002pF
        wire lengths     : top=0.000um, trunk=5.730um, leaf=26.700um, total=32.430um
        hp wire lengths  : top=0.000um, trunk=4.870um, leaf=18.200um, total=23.070um
      Clock DAG net violations after 'PostConditioning Fixing DRVs': none
      Clock DAG primary half-corner transition distribution after 'PostConditioning Fixing DRVs':
        Trunk : target=0.140ns count=1 avg=0.004ns sd=0.000ns min=0.004ns max=0.004ns {1 <= 0.084ns, 0 <= 0.112ns, 0 <= 0.126ns, 0 <= 0.133ns, 0 <= 0.140ns}
        Leaf  : target=0.140ns count=1 avg=0.062ns sd=0.000ns min=0.062ns max=0.062ns {1 <= 0.084ns, 0 <= 0.112ns, 0 <= 0.126ns, 0 <= 0.133ns, 0 <= 0.140ns}
      Clock DAG library cell distribution after 'PostConditioning Fixing DRVs' {count}:
         Bufs: CLKBUFX2: 1 
      Primary reporting skew groups after 'PostConditioning Fixing DRVs':
        skew_group clk/normal_genus_slow_max: insertion delay [min=0.093, max=0.093], skew [0.000 vs 0.120]
      Skew group summary after 'PostConditioning Fixing DRVs':
        skew_group clk/normal_genus_slow_max: insertion delay [min=0.093, max=0.093], skew [0.000 vs 0.120]
      Legalizer API calls during this step: 0 succeeded with high effort: 0 succeeded with medium effort: 0 succeeded with low effort: 0 succeeded with basic effort: 0 succeeded with basic unbounded effort: 0
    PostConditioning Fixing DRVs done. (took cpu=0:00:00.0 real=0:00:00.0)
    Buffering to fix DRVs...
    Fixing DRVs with route buffering pass 1. Quick buffering: enabled
    Rebuffering to fix clock tree DRVs: ...20% ...40% ...60% ...80% ...100% 
    Inserted 0 buffers and inverters.
    success count. Default: 0, QS: 0, QD: 0, FS: 0, MQS: 0
    CCOpt-PostConditioning: nets considered: 2, nets tested: 2, nets violation detected: 0, nets violation ignored (due to small violation): 0, nets cannot run: 0, nets attempted: 0, nets unsuccessful: 0, buffered: 0
    Clock DAG stats PostConditioning after re-buffering DRV fixing:
      cell counts      : b=1, i=0, icg=0, dcg=0, l=0, total=1
      sink counts      : regular=9, enable_latch=0, load_capacitance=0, antenna=0, node_sink=0, port=0, total=9
      misc counts      : r=1, pp=0, mci=0
      cell areas       : b=1.710um^2, i=0.000um^2, icg=0.000um^2, dcg=0.000um^2, l=0.000um^2, total=1.710um^2
      cell capacitance : b=0.000pF, i=0.000pF, icg=0.000pF, dcg=0.000pF, l=0.000pF, total=0.000pF
      sink capacitance : total=0.002pF, avg=0.000pF, sd=0.000pF, min=0.000pF, max=0.000pF
      wire capacitance : top=0.000pF, trunk=0.000pF, leaf=0.002pF, total=0.002pF
      wire lengths     : top=0.000um, trunk=5.730um, leaf=26.700um, total=32.430um
      hp wire lengths  : top=0.000um, trunk=4.870um, leaf=18.200um, total=23.070um
    Clock DAG net violations PostConditioning after re-buffering DRV fixing: none
    Clock DAG primary half-corner transition distribution PostConditioning after re-buffering DRV fixing:
      Trunk : target=0.140ns count=1 avg=0.004ns sd=0.000ns min=0.004ns max=0.004ns {1 <= 0.084ns, 0 <= 0.112ns, 0 <= 0.126ns, 0 <= 0.133ns, 0 <= 0.140ns}
      Leaf  : target=0.140ns count=1 avg=0.062ns sd=0.000ns min=0.062ns max=0.062ns {1 <= 0.084ns, 0 <= 0.112ns, 0 <= 0.126ns, 0 <= 0.133ns, 0 <= 0.140ns}
    Clock DAG library cell distribution PostConditioning after re-buffering DRV fixing {count}:
       Bufs: CLKBUFX2: 1 
    Primary reporting skew groups PostConditioning after re-buffering DRV fixing:
      skew_group clk/normal_genus_slow_max: insertion delay [min=0.093, max=0.093, avg=0.093, sd=0.000, skn=-nan, kur=-nan], skew [0.000 vs 0.120], 100% {0.093, 0.093} (wid=0.000 ws=0.000) (gid=0.093 gs=0.000)
    Skew group summary PostConditioning after re-buffering DRV fixing:
      skew_group clk/normal_genus_slow_max: insertion delay [min=0.093, max=0.093, avg=0.093, sd=0.000, skn=-nan, kur=-nan], skew [0.000 vs 0.120], 100% {0.093, 0.093} (wid=0.000 ws=0.000) (gid=0.093 gs=0.000)
    Buffering to fix DRVs done. (took cpu=0:00:00.0 real=0:00:00.0)
    PostConditioning Fixing Skew by cell sizing...
      Modifying slew-target multiplier by 1
      Resized 0 clock insts to decrease delay.
      Resized 0 clock insts to increase delay.
      Restoring slew-target multiplier
      
      Statistics: Fix Skew (cell sizing):
      ===================================
      
      Cell changes by Net Type:
      
      -------------------------------------------------------------------------------------------------
      Net Type    Attempted    Upsized     Downsized    Swapped Same Size    Total Changed    Not Sized
      -------------------------------------------------------------------------------------------------
      top                0            0           0            0                    0                0
      trunk              0            0           0            0                    0                0
      leaf               0            0           0            0                    0                0
      -------------------------------------------------------------------------------------------------
      Total              0            0           0            0                    0                0
      -------------------------------------------------------------------------------------------------
      
      Upsized: 0, Downsized: 0, Sized but same area: 0, Unchanged: 0, Area change: 0.000um^2 (0.000%)
      Max. move: 0.000um, Min. move: 0.000um, Avg. move: N/A
      
      Clock DAG stats after 'PostConditioning Fixing Skew by cell sizing':
        cell counts      : b=1, i=0, icg=0, dcg=0, l=0, total=1
        sink counts      : regular=9, enable_latch=0, load_capacitance=0, antenna=0, node_sink=0, port=0, total=9
        misc counts      : r=1, pp=0, mci=0
        cell areas       : b=1.710um^2, i=0.000um^2, icg=0.000um^2, dcg=0.000um^2, l=0.000um^2, total=1.710um^2
        cell capacitance : b=0.000pF, i=0.000pF, icg=0.000pF, dcg=0.000pF, l=0.000pF, total=0.000pF
        sink capacitance : total=0.002pF, avg=0.000pF, sd=0.000pF, min=0.000pF, max=0.000pF
        wire capacitance : top=0.000pF, trunk=0.000pF, leaf=0.002pF, total=0.002pF
        wire lengths     : top=0.000um, trunk=5.730um, leaf=26.700um, total=32.430um
        hp wire lengths  : top=0.000um, trunk=4.870um, leaf=18.200um, total=23.070um
      Clock DAG net violations after 'PostConditioning Fixing Skew by cell sizing': none
      Clock DAG primary half-corner transition distribution after 'PostConditioning Fixing Skew by cell sizing':
        Trunk : target=0.140ns count=1 avg=0.004ns sd=0.000ns min=0.004ns max=0.004ns {1 <= 0.084ns, 0 <= 0.112ns, 0 <= 0.126ns, 0 <= 0.133ns, 0 <= 0.140ns}
        Leaf  : target=0.140ns count=1 avg=0.062ns sd=0.000ns min=0.062ns max=0.062ns {1 <= 0.084ns, 0 <= 0.112ns, 0 <= 0.126ns, 0 <= 0.133ns, 0 <= 0.140ns}
      Clock DAG library cell distribution after 'PostConditioning Fixing Skew by cell sizing' {count}:
         Bufs: CLKBUFX2: 1 
      Primary reporting skew groups after 'PostConditioning Fixing Skew by cell sizing':
        skew_group clk/normal_genus_slow_max: insertion delay [min=0.093, max=0.093, avg=0.093, sd=0.000, skn=-nan, kur=-nan], skew [0.000 vs 0.120], 100% {0.093, 0.093} (wid=0.000 ws=0.000) (gid=0.093 gs=0.000)
      Skew group summary after 'PostConditioning Fixing Skew by cell sizing':
        skew_group clk/normal_genus_slow_max: insertion delay [min=0.093, max=0.093, avg=0.093, sd=0.000, skn=-nan, kur=-nan], skew [0.000 vs 0.120], 100% {0.093, 0.093} (wid=0.000 ws=0.000) (gid=0.093 gs=0.000)
      Legalizer API calls during this step: 0 succeeded with high effort: 0 succeeded with medium effort: 0 succeeded with low effort: 0 succeeded with basic effort: 0 succeeded with basic unbounded effort: 0
    PostConditioning Fixing Skew by cell sizing done. (took cpu=0:00:00.0 real=0:00:00.0)
    Reconnecting optimized routes...
    Reset timing graph...
Ignoring AAE DB Resetting ...
    Reset timing graph done.
    Reconnecting optimized routes done. (took cpu=0:00:00.1 real=0:00:00.1)
Skipping place_detail: no changes were made during DRV and/or skew fixing steps so it is unnecessary.
    Legalizer API calls during this step: 0 succeeded with high effort: 0 succeeded with medium effort: 0 succeeded with low effort: 0 succeeded with basic effort: 0 succeeded with basic unbounded effort: 0
  PostConditioning done.
Net route status summary:
  Clock:         2 (unrouted=0, trialRouted=0, noStatus=0, routed=0, fixed=2, [crossesIlmBoundary=0, tooFewTerms=0, (crossesIlmBoundary AND tooFewTerms=0)], steiner=0)
  Non-clock:    45 (unrouted=2, trialRouted=43, noStatus=0, routed=0, fixed=0, [crossesIlmBoundary=0, tooFewTerms=2, (crossesIlmBoundary AND tooFewTerms=0)])
  Update timing and DAG stats after post-conditioning...
  Update timing and DAG stats after post-conditioning done. (took cpu=0:00:00.0 real=0:00:00.0)
  Clock tree timing engine global stage delay update for slow_max:setup.late...
  Clock tree timing engine global stage delay update for slow_max:setup.late done. (took cpu=0:00:00.0 real=0:00:00.0)
  Clock DAG stats after post-conditioning:
    cell counts      : b=1, i=0, icg=0, dcg=0, l=0, total=1
    sink counts      : regular=9, enable_latch=0, load_capacitance=0, antenna=0, node_sink=0, port=0, total=9
    misc counts      : r=1, pp=0, mci=0
    cell areas       : b=1.710um^2, i=0.000um^2, icg=0.000um^2, dcg=0.000um^2, l=0.000um^2, total=1.710um^2
    cell capacitance : b=0.000pF, i=0.000pF, icg=0.000pF, dcg=0.000pF, l=0.000pF, total=0.000pF
    sink capacitance : total=0.002pF, avg=0.000pF, sd=0.000pF, min=0.000pF, max=0.000pF
    wire capacitance : top=0.000pF, trunk=0.000pF, leaf=0.002pF, total=0.002pF
    wire lengths     : top=0.000um, trunk=5.730um, leaf=26.700um, total=32.430um
    hp wire lengths  : top=0.000um, trunk=4.870um, leaf=18.200um, total=23.070um
  Clock DAG net violations after post-conditioning: none
  Clock DAG primary half-corner transition distribution after post-conditioning:
    Trunk : target=0.140ns count=1 avg=0.004ns sd=0.000ns min=0.004ns max=0.004ns {1 <= 0.084ns, 0 <= 0.112ns, 0 <= 0.126ns, 0 <= 0.133ns, 0 <= 0.140ns}
    Leaf  : target=0.140ns count=1 avg=0.062ns sd=0.000ns min=0.062ns max=0.062ns {1 <= 0.084ns, 0 <= 0.112ns, 0 <= 0.126ns, 0 <= 0.133ns, 0 <= 0.140ns}
  Clock DAG library cell distribution after post-conditioning {count}:
     Bufs: CLKBUFX2: 1 
  Primary reporting skew groups after post-conditioning:
    skew_group clk/normal_genus_slow_max: insertion delay [min=0.093, max=0.093, avg=0.093, sd=0.000, skn=-nan, kur=-nan], skew [0.000 vs 0.120], 100% {0.093, 0.093} (wid=0.000 ws=0.000) (gid=0.093 gs=0.000)
  Skew group summary after post-conditioning:
    skew_group clk/normal_genus_slow_max: insertion delay [min=0.093, max=0.093, avg=0.093, sd=0.000, skn=-nan, kur=-nan], skew [0.000 vs 0.120], 100% {0.093, 0.093} (wid=0.000 ws=0.000) (gid=0.093 gs=0.000)
  CCOpt::Phase::PostConditioning done. (took cpu=0:00:00.2 real=0:00:00.2)
  Post-balance tidy up or trial balance steps...
  
  Clock DAG stats at end of CTS:
  ==============================
  
  -------------------------------------------------------
  Cell type                 Count    Area     Capacitance
  -------------------------------------------------------
  Buffers                     1      1.710       0.000
  Inverters                   0      0.000       0.000
  Integrated Clock Gates      0      0.000       0.000
  Discrete Clock Gates        0      0.000       0.000
  Clock Logic                 0      0.000       0.000
  All                         1      1.710       0.000
  -------------------------------------------------------
  
  Clock DAG miscellaneous counts at end of CTS:
  =============================================
  
  ------------------------------
  Type                     Count
  ------------------------------
  Roots                      1
  Preserved Ports            0
  Multiple Clock Inputs      0
  ------------------------------
  
  
  Clock DAG sink counts at end of CTS:
  ====================================
  
  -------------------------
  Sink type           Count
  -------------------------
  Regular               9
  Enable Latch          0
  Load Capacitance      0
  Antenna Diode         0
  Node Sink             0
  Port                  0
  Total                 9
  -------------------------
  
  
  Clock DAG wire lengths at end of CTS:
  =====================================
  
  --------------------
  Type     Wire Length
  --------------------
  Top         0.000
  Trunk       5.730
  Leaf       26.700
  Total      32.430
  --------------------
  
  
  Clock DAG hp wire lengths at end of CTS:
  ========================================
  
  -----------------------
  Type     hp Wire Length
  -----------------------
  Top           0.000
  Trunk         4.870
  Leaf         18.200
  Total        23.070
  -----------------------
  
  
  Clock DAG capacitances at end of CTS:
  =====================================
  
  --------------------------------
  Type     Gate     Wire     Total
  --------------------------------
  Top      0.000    0.000    0.000
  Trunk    0.000    0.000    0.001
  Leaf     0.002    0.002    0.004
  Total    0.002    0.002    0.005
  --------------------------------
  
  
  Clock DAG sink capacitances at end of CTS:
  ==========================================
  
  -----------------------------------------------
  Total    Average    Std. Dev.    Min      Max
  -----------------------------------------------
  0.002     0.000       0.000      0.000    0.000
  -----------------------------------------------
  
  
  Clock DAG net violations at end of CTS:
  =======================================
  
  None
  
  
  Clock DAG primary half-corner transition distribution at end of CTS:
  ====================================================================
  
  --------------------------------------------------------------------------------------------------------------------------------------------------------------
  Net Type    Target    Count    Average    Std. Dev.    Min      Max      Distribution                                                              Over Target
  --------------------------------------------------------------------------------------------------------------------------------------------------------------
  Trunk       0.140       1       0.004       0.000      0.004    0.004    {1 <= 0.084ns, 0 <= 0.112ns, 0 <= 0.126ns, 0 <= 0.133ns, 0 <= 0.140ns}         -
  Leaf        0.140       1       0.062       0.000      0.062    0.062    {1 <= 0.084ns, 0 <= 0.112ns, 0 <= 0.126ns, 0 <= 0.133ns, 0 <= 0.140ns}         -
  --------------------------------------------------------------------------------------------------------------------------------------------------------------
  
  
  Clock DAG library cell distribution at end of CTS:
  ==================================================
  
  -----------------------------------------
  Name        Type      Inst     Inst Area 
                        Count    (um^2)
  -----------------------------------------
  CLKBUFX2    buffer      1        1.710
  -----------------------------------------
  
  
  Primary reporting skew groups summary at end of CTS:
  ====================================================
  
  ------------------------------------------------------------------------------------------------------------------------------------------------------------------------------------------------------
  Half-corner            Skew Group                   Min ID    Max ID    Skew     Skew target    Wire skew    Worst sink skew    Average ID    Std.Dev    Skewness    Kurtosis    Skew window occupancy
  ------------------------------------------------------------------------------------------------------------------------------------------------------------------------------------------------------
  slow_max:setup.late    clk/normal_genus_slow_max    0.093     0.093     0.000       0.120         0.000           0.000           0.093        0.000     -nan        -nan        100% {0.093, 0.093}
  ------------------------------------------------------------------------------------------------------------------------------------------------------------------------------------------------------
  
  
  Skew group summary at end of CTS:
  =================================
  
  ------------------------------------------------------------------------------------------------------------------------------------------------------------------------------------------------------
  Half-corner            Skew Group                   Min ID    Max ID    Skew     Skew target    Wire skew    Worst sink skew    Average ID    Std.Dev    Skewness    Kurtosis    Skew window occupancy
  ------------------------------------------------------------------------------------------------------------------------------------------------------------------------------------------------------
  slow_max:setup.late    clk/normal_genus_slow_max    0.093     0.093     0.000       0.120         0.000           0.000           0.093        0.000     -nan        -nan        100% {0.093, 0.093}
  ------------------------------------------------------------------------------------------------------------------------------------------------------------------------------------------------------
  
  
  Found a total of 0 clock tree pins with a slew violation.
  
  Post-balance tidy up or trial balance steps done. (took cpu=0:00:00.0 real=0:00:00.0)
Synthesizing clock trees done.
Tidy Up And Update Timing...
External - Set all clocks to propagated mode...
Innovus updating I/O latencies
AAE_INFO: opIsDesignInPostRouteState() is 0
#################################################################################
# Design Stage: PreRoute
# Design Name: somador
# Design Mode: 45nm
# Analysis Mode: MMMC Non-OCV 
# Parasitics Mode: No SPEF/RCDB 
# Signoff Settings: SI Off 
#################################################################################
Start delay calculation (fullDC) (1 T). (MEM=2977.77)
Total number of fetched objects 45
AAE_INFO: Total number of nets for which stage creation was skipped for all views 0
Total number of fetched objects 45
AAE_INFO: Total number of nets for which stage creation was skipped for all views 0
End delay calculation. (MEM=2987.53 CPU=0:00:00.1 REAL=0:00:00.0)
End delay calculation (fullDC). (MEM=2987.53 CPU=0:00:00.1 REAL=0:00:00.0)
	Clock: clk, View: analysis_normal_slow_max, Ideal Latency: 0.1, Propagated Latency: 0.0928
	 Executing: set_clock_latency -source -early -max -rise 0.0072 [get_pins clk]
	Clock: clk, View: analysis_normal_slow_max, Ideal Latency: 0.1, Propagated Latency: 0.0928
	 Executing: set_clock_latency -source -late -max -rise 0.0072 [get_pins clk]
	Clock: clk, View: analysis_normal_slow_max, Ideal Latency: 0.1, Propagated Latency: 0.0879002
	 Executing: set_clock_latency -source -early -max -fall 0.0120998 [get_pins clk]
	Clock: clk, View: analysis_normal_slow_max, Ideal Latency: 0.1, Propagated Latency: 0.0879002
	 Executing: set_clock_latency -source -late -max -fall 0.0120998 [get_pins clk]
	Clock: clk, View: analysis_normal_fast_min, Ideal Latency: 0.1, Propagated Latency: 0.0215
	 Executing: set_clock_latency -source -early -min -rise 0.0785 [get_pins clk]
	Clock: clk, View: analysis_normal_fast_min, Ideal Latency: 0.1, Propagated Latency: 0.0215
	 Executing: set_clock_latency -source -late -min -rise 0.0785 [get_pins clk]
	Clock: clk, View: analysis_normal_fast_min, Ideal Latency: 0.1, Propagated Latency: 0.0228
	 Executing: set_clock_latency -source -early -min -fall 0.0772 [get_pins clk]
	Clock: clk, View: analysis_normal_fast_min, Ideal Latency: 0.1, Propagated Latency: 0.0228
	 Executing: set_clock_latency -source -late -min -fall 0.0772 [get_pins clk]
Setting all clocks to propagated mode.
External - Set all clocks to propagated mode done. (took cpu=0:00:00.9 real=0:00:00.9)
Clock DAG stats after update timingGraph:
  cell counts      : b=1, i=0, icg=0, dcg=0, l=0, total=1
  sink counts      : regular=9, enable_latch=0, load_capacitance=0, antenna=0, node_sink=0, port=0, total=9
  misc counts      : r=1, pp=0, mci=0
  cell areas       : b=1.710um^2, i=0.000um^2, icg=0.000um^2, dcg=0.000um^2, l=0.000um^2, total=1.710um^2
  cell capacitance : b=0.000pF, i=0.000pF, icg=0.000pF, dcg=0.000pF, l=0.000pF, total=0.000pF
  sink capacitance : total=0.002pF, avg=0.000pF, sd=0.000pF, min=0.000pF, max=0.000pF
  wire capacitance : top=0.000pF, trunk=0.000pF, leaf=0.002pF, total=0.002pF
  wire lengths     : top=0.000um, trunk=5.730um, leaf=26.700um, total=32.430um
  hp wire lengths  : top=0.000um, trunk=4.870um, leaf=18.200um, total=23.070um
Clock DAG net violations after update timingGraph: none
Clock DAG primary half-corner transition distribution after update timingGraph:
  Trunk : target=0.140ns count=1 avg=0.004ns sd=0.000ns min=0.004ns max=0.004ns {1 <= 0.084ns, 0 <= 0.112ns, 0 <= 0.126ns, 0 <= 0.133ns, 0 <= 0.140ns}
  Leaf  : target=0.140ns count=1 avg=0.062ns sd=0.000ns min=0.062ns max=0.062ns {1 <= 0.084ns, 0 <= 0.112ns, 0 <= 0.126ns, 0 <= 0.133ns, 0 <= 0.140ns}
Clock DAG library cell distribution after update timingGraph {count}:
   Bufs: CLKBUFX2: 1 
Primary reporting skew groups after update timingGraph:
  skew_group clk/normal_genus_slow_max: insertion delay [min=0.093, max=0.093, avg=0.093, sd=0.000, skn=-nan, kur=-nan], skew [0.000 vs 0.120], 100% {0.093, 0.093} (wid=0.000 ws=0.000) (gid=0.093 gs=0.000)
Skew group summary after update timingGraph:
  skew_group clk/normal_genus_slow_max: insertion delay [min=0.093, max=0.093, avg=0.093, sd=0.000, skn=-nan, kur=-nan], skew [0.000 vs 0.120], 100% {0.093, 0.093} (wid=0.000 ws=0.000) (gid=0.093 gs=0.000)
Logging CTS constraint violations...
  No violations found.
Logging CTS constraint violations done.
Tidy Up And Update Timing done. (took cpu=0:00:00.9 real=0:00:00.9)
Runtime done. (took cpu=0:00:14.6 real=0:00:47.4)
Runtime Summary
===============
Clock Runtime:  (23%) Core CTS          10.88 (Init 4.59, Construction 0.57, Implementation 0.19, eGRPC 0.26, PostConditioning 0.22, Other 5.05)
Clock Runtime:  (33%) CTS services      15.81 (RefinePlace 0.38, EarlyGlobalClock 10.95, NanoRoute 4.39, ExtractRC 0.09, TimingAnalysis 0.00)
Clock Runtime:  (43%) Other CTS         20.55 (Init 4.32, CongRepair/EGR-DP 15.34, TimingUpdate 0.89, Other 0.00)
Clock Runtime: (100%) Total             47.24

Leaving CCOpt scope - Cleaning up placement interface...
Leaving CCOpt scope - Cleaning up placement interface done. (took cpu=0:00:00.0 real=0:00:00.0)
*** CTS #1 [finish] (clock_opt_design #1) : cpu/real = 0:00:14.3/0:00:47.0 (0.3), totSession cpu/real = 0:02:08.2/0:05:45.4 (0.4), mem = 2934.5M
Synthesizing clock trees with CCOpt done.
      flow.cputime  flow.realtime  timing.setup.tns  timing.setup.wns  snapshot
UM:*                                                                   cts
Begin: Reorder Scan Chains
End: Reorder Scan Chains
**opt_design ... cpu = 0:00:00, real = 0:00:00, mem = 2934.5M, totSessionCpu=0:02:08 **
GigaOpt running with 1 threads.
*** InitOpt #1 [begin] (clock_opt_design #1) : totSession cpu/real = 0:02:08.4/0:05:45.6 (0.4), mem = 2934.5M
**INFO: set_db design_flow_effort standard -> setting 'set_db opt_all_end_points true' for the duration of this command.
Need call spDPlaceInit before registerPrioInstLoc.
fast slow
Info: Using SynthesisEngine executable '/home/tools/cadence/installs/DDI251/INNOVUS251/bin/innovus_'.
      SynthesisEngine workers will not check out additional licenses.
**opt_design ... cpu = 0:00:03, real = 0:00:50, mem = 3060.8M, totSessionCpu=0:02:11 **
#optDebug: { P: 45 W: 1195 FE: standard PE: none LDR: 1}
*** opt_design -post_cts ***
DRC Margin: user margin 0.0; extra margin 0.2
Hold Target Slack: user slack 0
Setup Target Slack: user slack 0; extra slack 0.0
set_db opt_skew_eco_route false
Multi-VT timing optimization disabled based on library information.
**INFO: Using Advanced Metric Collection system.
Start to check current routing status for nets...
All nets are already routed correctly.
End to check current routing status for nets (mem=3056.4M)
Compute RC Scale Done ...
Starting delay calculation for Setup views
AAE_INFO: opIsDesignInPostRouteState() is 0
#################################################################################
# Design Stage: PreRoute
# Design Name: somador
# Design Mode: 45nm
# Analysis Mode: MMMC Non-OCV 
# Parasitics Mode: No SPEF/RCDB 
# Signoff Settings: SI Off 
#################################################################################
Calculate delays in BcWc mode...
Start delay calculation (fullDC) (1 T). (MEM=3081.52)
Total number of fetched objects 45
AAE_INFO: Total number of nets for which stage creation was skipped for all views 0
End delay calculation. (MEM=3086.65 CPU=0:00:00.0 REAL=0:00:00.0)
End delay calculation (fullDC). (MEM=3086.65 CPU=0:00:00.1 REAL=0:00:00.0)
*** Done Building Timing Graph (cpu=0:00:00.5 real=0:00:00.0 totSessionCpu=0:02:14 mem=3088.6M)

OptSummary:

------------------------------------------------------------------
             Initial Summary
------------------------------------------------------------------

Setup views included:
 analysis_normal_slow_max 

+--------------------+---------+---------+---------+
|     Setup mode     |   all   | reg2reg | default |
+--------------------+---------+---------+---------+
|           WNS (ns):|  7.755  |   N/A   |  7.755  |
|           TNS (ns):|  0.000  |   N/A   |  0.000  |
|    Violating Paths:|    0    |   N/A   |    0    |
|          All Paths:|   27    |   N/A   |   27    |
+--------------------+---------+---------+---------+

+----------------+-------------------------------+------------------+
|                |              Real             |       Total      |
|    DRVs        +------------------+------------+------------------|
|                |  Nr nets(terms)  | Worst Vio  |  Nr nets(terms)  |
+----------------+------------------+------------+------------------+
|   max_cap      |      0 (0)       |   0.000    |      0 (0)       |
|   max_tran     |      0 (0)       |   0.000    |      0 (0)       |
|   max_fanout   |      0 (0)       |     0      |      0 (0)       |
|   max_length   |      0 (0)       |     0      |      0 (0)       |
+----------------+------------------+------------+------------------+

Density: 70.333%
------------------------------------------------------------------
**opt_design ... cpu = 0:00:05, real = 0:00:52, mem = 3075.7M, totSessionCpu=0:02:14 **
*** InitOpt #1 [finish] (clock_opt_design #1) : cpu/real = 0:00:05.7/0:00:52.7 (0.1), totSession cpu/real = 0:02:14.1/0:06:38.3 (0.3), mem = 3075.7M
** INFO : this run is activating low effort ccoptDesign flow
OPTC: m4 20.0 50.0 [ 500.0 20.0 50.0 ]
OPTC: view 50.0:500.0 [ 0.0500 ]
#optDebug: fT-E <X 2 0 0 1>
-opt_post_cts_congestion_repair false      # bool, default=false, private
GigaOpt Checkpoint: Internal congRefineRouteType -postCTS -congThreshold 0.001 -rescheduleForCongestion -resetVeryShortNets -resetShortNets -useSpineBased -rescheduleForAdherence -minSlack -208.0 -useBottleneckAnalyzer -drvRatio 0.4
Begin: GigaOpt Route Type Constraints Refinement
*** CongRefineRouteType #1 [begin] (clock_opt_design #1) : totSession cpu/real = 0:02:14.2/0:06:38.4 (0.3), mem = 3076.9M
Updated routing constraints on 0 nets.
Bottom Preferred Layer:
+---------------+------------+----------+
|     Layer     |    CLK     |   Rule   |
+---------------+------------+----------+
| Metal3 (z=3)  |          2 | default  |
+---------------+------------+----------+
Via Pillar Rule:
    None
*** CongRefineRouteType #1 [finish] (clock_opt_design #1) : cpu/real = 0:00:00.0/0:00:00.0 (0.0), totSession cpu/real = 0:02:14.2/0:06:38.4 (0.3), mem = 3076.9M
End: GigaOpt Route Type Constraints Refinement
*** SimplifyNetlist #1 [begin] (clock_opt_design #1) : totSession cpu/real = 0:02:14.5/0:06:38.7 (0.3), mem = 3073.6M
Info: 2 nets with fixed/cover wires excluded.
Info: 1 ideal net excluded from IPO operation.
Info: 2 clock nets excluded from IPO operation.

Netlist preparation processing... 
Removed 0 instance
*info: Marking 0 isolation instances dont touch
*info: Marking 0 level shifter instances dont touch
*** SimplifyNetlist #1 [finish] (clock_opt_design #1) : cpu/real = 0:00:01.9/0:00:01.9 (1.0), totSession cpu/real = 0:02:16.4/0:06:40.6 (0.3), mem = 3074.2M
*** ExcludedClockNetOpt #1 [begin] (clock_opt_design #1) : totSession cpu/real = 0:02:16.6/0:06:40.9 (0.3), mem = 3074.2M
*** Starting optimizing excluded clock nets MEM= 3074.2M) ***
*info: No excluded clock nets to be optimized.
*** Finished optimizing excluded clock nets (CPU Time= 0:00:00.0  MEM= 3074.2M) ***
*** ExcludedClockNetOpt #1 [finish] (clock_opt_design #1) : cpu/real = 0:00:00.0/0:00:00.0 (0.0), totSession cpu/real = 0:02:16.6/0:06:40.9 (0.3), mem = 3074.2M
*** ExcludedClockNetOpt #2 [begin] (clock_opt_design #1) : totSession cpu/real = 0:02:16.6/0:06:40.9 (0.3), mem = 3074.2M
*** Starting optimizing excluded clock nets MEM= 3074.2M) ***
*info: No excluded clock nets to be optimized.
*** Finished optimizing excluded clock nets (CPU Time= 0:00:00.0  MEM= 3074.2M) ***
*** ExcludedClockNetOpt #2 [finish] (clock_opt_design #1) : cpu/real = 0:00:00.0/0:00:00.0 (0.0), totSession cpu/real = 0:02:16.6/0:06:40.9 (0.3), mem = 3074.2M
Info: Done creating the CCOpt slew target map.
Begin: GigaOpt high fanout net optimization
GigaOpt HFN: use maxLocalDensity 1.2
GigaOpt Checkpoint: Internal optDRV -useLevelizedBufferTreeOnly -auxMaxFanoutCountLimit 500 -largeScaleFixing -maxIter 1 -maxLocalDensity 1.2 -numThreads 1 -postCTS -preRouteDontEndWithRefinePlaceIncrSteinerRouteDC
*** DrvOpt #1 [begin] (clock_opt_design #1) : totSession cpu/real = 0:02:16.9/0:06:41.2 (0.3), mem = 3074.3M
Info: 2 nets with fixed/cover wires excluded.
Info: 1 ideal net excluded from IPO operation.
Info: 2 clock nets excluded from IPO operation.
*** DrvOpt #1 [finish] (clock_opt_design #1) : cpu/real = 0:00:00.7/0:00:00.7 (1.0), totSession cpu/real = 0:02:17.6/0:06:41.9 (0.3), mem = 3075.7M
GigaOpt HFN: restore maxLocalDensity to 0.98
End: GigaOpt high fanout net optimization
Number of setup views: 1
Begin: GigaOpt Global Optimization
*info: use new DP (enabled)
GigaOpt Checkpoint: Internal globalOpt -maxLocalDensity 1.2 -numThreads 1 -postCTS -preRouteDontEndWithRefinePlaceIncrSteinerRouteDC -enableHighLayerOpt -maxIter 50 -maxIterForLEPG 50
Info: 2 nets with fixed/cover wires excluded.
Info: 1 ideal net excluded from IPO operation.
Info: 2 clock nets excluded from IPO operation.
*** GlobalOpt #1 [begin] (clock_opt_design #1) : totSession cpu/real = 0:02:17.7/0:06:42.0 (0.3), mem = 3075.8M
*info: 2 clock nets excluded
*info: 1 ideal net excluded from IPO operation.
*info: 2 nets with fixed/cover wires excluded.
#InfoCS: Num dontuse cells 14, Num usable cells 570, Num real usable cells 569
** GigaOpt Global Opt WNS Slack 0.000  TNS Slack 0.000 
+--------+--------+---------+------------+--------+------------------------+---------+--------------------+
|  WNS   |  TNS   | Density |    Real    |  Mem   |       Worst View       |Pathgroup|     End Point      |
+--------+--------+---------+------------+--------+------------------------+---------+--------------------+
|   0.000|   0.000|   70.33%|   0:00:00.0| 3089.6M|analysis_normal_slow_max|       NA| NA                 |
+--------+--------+---------+------------+--------+------------------------+---------+--------------------+

*** Finish post-CTS Global Setup Fixing (cpu=0:00:00.0 real=0:00:00.0 mem=3089.6M) ***

*** Finish post-CTS Setup Fixing (cpu=0:00:00.0 real=0:00:00.0 mem=3089.6M) ***
Bottom Preferred Layer:
+---------------+------------+----------+
|     Layer     |    CLK     |   Rule   |
+---------------+------------+----------+
| Metal3 (z=3)  |          2 | default  |
+---------------+------------+----------+
Via Pillar Rule:
    None
** GigaOpt Global Opt End WNS Slack 0.000  TNS Slack 0.000 
*** GlobalOpt #1 [finish] (clock_opt_design #1) : cpu/real = 0:00:02.4/0:00:02.4 (1.0), totSession cpu/real = 0:02:20.1/0:06:44.4 (0.3), mem = 3086.3M
End: GigaOpt Global Optimization
*** Timing Is met
*** Check timing (0:00:00.0)
GigaOpt Checkpoint: Internal reclaim -numThreads 1 -postCTS -doRemoveUselessTerm -tgtSlackMult 3 -routeType -noRouteTypeResizePolish -noViewPrune -weedwhack -nonLegal -nativePathGroupFlow -SimpCCIn
Info: 2 nets with fixed/cover wires excluded.
Info: 1 ideal net excluded from IPO operation.
Info: 2 clock nets excluded from IPO operation.
Begin: Area Reclaim Optimization
#InfoCS: Num dontuse cells 14, Num usable cells 570, Num real usable cells 569
*** AreaOpt #1 [begin] (clock_opt_design #1) : totSession cpu/real = 0:02:20.5/0:06:44.8 (0.3), mem = 3084.3M
Reclaim Optimization WNS Slack 0.100  TNS Slack 0.000 Density 70.33
+---------+---------+--------+--------+------------+--------+
| Density | Commits |  WNS   |  TNS   |    Real    |  Mem   |
+---------+---------+--------+--------+------------+--------+
|   70.33%|        -|   0.100|   0.000|   0:00:00.0| 3088.4M|
|   70.33%|        0|   0.100|   0.000|   0:00:00.0| 3089.2M|
|   70.33%|        0|   0.100|   0.000|   0:00:00.0| 3089.2M|
|   70.33%|        0|   0.100|   0.000|   0:00:00.0| 3089.2M|
|   70.33%|        0|   0.100|   0.000|   0:00:00.0| 3089.4M|
|   70.33%|        0|   0.100|   0.000|   0:00:00.0| 3089.4M|
+---------+---------+--------+--------+------------+--------+
Reclaim Optimization End WNS Slack 0.100  TNS Slack 0.000 Density 70.33
Bottom Preferred Layer:
+---------------+------------+----------+
|     Layer     |    CLK     |   Rule   |
+---------------+------------+----------+
| Metal3 (z=3)  |          2 | default  |
+---------------+------------+----------+
Via Pillar Rule:
    None

Number of times islegalLocAvaiable called = 0 skipped = 0, called in commitmove = 0, skipped in commitmove = 0
End: Core Area Reclaim Optimization (cpu = 0:00:01.4) (real = 0:00:01.0) **
*** AreaOpt #1 [finish] (clock_opt_design #1) : cpu/real = 0:00:01.4/0:00:01.4 (1.0), totSession cpu/real = 0:02:21.8/0:06:46.2 (0.3), mem = 3089.4M
Executing incremental physical updates
Executing incremental physical updates
End: Area Reclaim Optimization (cpu=0:00:01, real=0:00:01, mem=3088.50M, totSessionCpu=0:02:22).
GigaOpt Checkpoint: Internal reclaim -numThreads 1 -customPhyUpdate -noGCompAndPhase -force -svrReclaim -rtrShortNets -allowDegradingShortNetRemoval -postCTS -tgtSlackMult 2 -wtns -noRouteTypeResizePolish -noViewPrune -nativePathGroupFlow -SimpCCIn
Info: 2 nets with fixed/cover wires excluded.
Info: 1 ideal net excluded from IPO operation.
Info: 2 clock nets excluded from IPO operation.
Begin: Area Reclaim Optimization
#InfoCS: Num dontuse cells 14, Num usable cells 570, Num real usable cells 569
*** AreaOpt #2 [begin] (clock_opt_design #1) : totSession cpu/real = 0:02:22.3/0:06:46.7 (0.3), mem = 3084.7M
Reclaim Optimization WNS Slack 0.083  TNS Slack 0.000 Density 70.33
+---------+---------+--------+--------+------------+--------+
| Density | Commits |  WNS   |  TNS   |    Real    |  Mem   |
+---------+---------+--------+--------+------------+--------+
|   70.33%|        -|   0.083|   0.000|   0:00:00.0| 3088.6M|
|   70.33%|        0|   0.083|   0.000|   0:00:00.0| 3089.4M|
|   70.33%|        0|   0.083|   0.000|   0:00:00.0| 3089.4M|
|   70.33%|        0|   0.083|   0.000|   0:00:01.0| 3089.4M|
|   70.33%|        0|   0.083|   0.000|   0:00:00.0| 3089.4M|
|   70.33%|        0|   0.083|   0.000|   0:00:00.0| 3089.4M|
+---------+---------+--------+--------+------------+--------+
Reclaim Optimization End WNS Slack 0.083  TNS Slack 0.000 Density 70.33
Bottom Preferred Layer:
+---------------+------------+----------+
|     Layer     |    CLK     |   Rule   |
+---------------+------------+----------+
| Metal3 (z=3)  |          2 | default  |
+---------------+------------+----------+
Via Pillar Rule:
    None

Number of times islegalLocAvaiable called = 0 skipped = 0, called in commitmove = 0, skipped in commitmove = 0
End: Core Area Reclaim Optimization (cpu = 0:00:01.6) (real = 0:00:02.0) **
*** Starting place_detail (0:02:24 mem=3090.4M) ***
Total net bbox length = 4.476e+02 (2.584e+02 1.892e+02) (ext = 2.917e+02)
Move report: Detail placement moved 0 insts, mean move: 0.00 um, max move: 0.00 um 
	Runtime: CPU: 0:00:00.0 REAL: 0:00:00.0 MEM: 3089.8MB
Summary Report:
Instances moved: 0 (out of 17 movable)
Instances flipped: 0
Mean displacement: 0.00 um
Max displacement: 0.00 um 
Physical-only instances moved: 0 (out of 0 movable physical-only)
Total net bbox length = 4.476e+02 (2.584e+02 1.892e+02) (ext = 2.917e+02)
Runtime: CPU: 0:00:00.0 REAL: 0:00:00.0 MEM: 3089.8MB
*** Finished place_detail (0:02:24 mem=3089.8M) ***
*** maximum move = 0.00 um ***
*** Finished re-routing un-routed nets (3089.8M) ***

*** Finish Physical Update (cpu=0:00:00.2 real=0:00:00.0 mem=3089.8M) ***
*** AreaOpt #2 [finish] (clock_opt_design #1) : cpu/real = 0:00:01.8/0:00:01.8 (1.0), totSession cpu/real = 0:02:24.1/0:06:48.5 (0.4), mem = 3089.8M
End: Area Reclaim Optimization (cpu=0:00:02, real=0:00:02, mem=3088.98M, totSessionCpu=0:02:24).
*** LocalWireReclaim #1 [begin] (clock_opt_design #1) : totSession cpu/real = 0:02:24.5/0:06:48.9 (0.4), mem = 3089.2M
Starting local wire reclaim
*** Starting place_detail (0:02:25 mem=3089.2M) ***
**WARN: (IMPSP-12502):	Slack driven placement is disabled because either timing libraries or timing constraint files are not provided.
**WARN: AAE based timing driven is off.
Call icdpEval cleanup ...
Move report: Detail placement moved 5 insts, mean move: 1.00 um, max move: 1.80 um 
	Max move on inst (g594__5107): (11.60, 14.63) --> (9.80, 14.63)
	Runtime: CPU: 0:00:00.1 REAL: 0:00:00.0 MEM: 3088.5MB
Summary Report:
Instances moved: 5 (out of 17 movable)
Instances flipped: 0
Mean displacement: 1.00 um
Max displacement: 1.80 um (Instance: g594__5107) (11.6, 14.63) -> (9.8, 14.63)
	Length: 15 sites, height: 1 rows, site name: CoreSite, cell type: ADDFX1
Physical-only instances moved: 0 (out of 0 movable physical-only)
Runtime: CPU: 0:00:00.1 REAL: 0:00:00.0 MEM: 3088.5MB
*** Finished place_detail (0:02:25 mem=3088.5M) ***
*** LocalWireReclaim #1 [finish] (clock_opt_design #1) : cpu/real = 0:00:00.2/0:00:00.2 (1.0), totSession cpu/real = 0:02:24.7/0:06:49.1 (0.4), mem = 3088.6M
AAE_INFO: opIsDesignInPostRouteState() is 0
#################################################################################
# Design Stage: PreRoute
# Design Name: somador
# Design Mode: 45nm
# Analysis Mode: MMMC Non-OCV 
# Parasitics Mode: No SPEF/RCDB 
# Signoff Settings: SI Off 
#################################################################################
Calculate delays in BcWc mode...
Start delay calculation (fullDC) (1 T). (MEM=3096.71)
Total number of fetched objects 45
AAE_INFO: Total number of nets for which stage creation was skipped for all views 0
End delay calculation. (MEM=3101.11 CPU=0:00:00.0 REAL=0:00:00.0)
End delay calculation (fullDC). (MEM=3101.11 CPU=0:00:00.1 REAL=0:00:00.0)
eGR doReRoute: optGuide
[NR-eGR] Early global route reroute all routable nets
[NR-eGR] Track table information for default rule: 
[NR-eGR] Metal1 has single uniform track structure
[NR-eGR] Metal2 has single uniform track structure
[NR-eGR] Metal3 has single uniform track structure
[NR-eGR] Metal4 has single uniform track structure
[NR-eGR] Metal5 has single uniform track structure
[NR-eGR] Metal6 has single uniform track structure
[NR-eGR] Metal7 has single uniform track structure
[NR-eGR] Metal8 has single uniform track structure
[NR-eGR] Metal9 has single uniform track structure
[NR-eGR] Metal10 has single uniform track structure
[NR-eGR] Metal11 has single uniform track structure
[NR-eGR] Read 703 PG shapes
[NR-eGR] Read 0 clock shapes
[NR-eGR] Read 0 other shapes
[NR-eGR] #Routing Blockages  : 0
[NR-eGR] #Bump Blockages     : 0
[NR-eGR] #Instance Blockages : 0
[NR-eGR] #PG Blockages       : 703
[NR-eGR] #Halo Blockages     : 0
[NR-eGR] #Boundary Blockages : 0
[NR-eGR] #Clock Blockages    : 0
[NR-eGR] #Other Blockages    : 0
[NR-eGR] #prerouted nets         : 2
[NR-eGR] #prerouted special nets : 0
[NR-eGR] #prerouted wires        : 27
[NR-eGR] Read 45 nets ( ignored 2 )
[NR-eGR] Handle net priority by net group ordering
[NR-eGR] == Routing rule table ==
[NR-eGR]  ID  Name       #Nets 
[NR-eGR] ----------------------
[NR-eGR]   0  (Default)     43 
[NR-eGR] Layer group 1: route 43 net(s) in layer range [2, 11]
[NR-eGR] Early Global Route overflow of layer group 1: 0.00% H + 0.00% V. EstWL: 4.172400e+02um
[NR-eGR] Congestion Analysis By layer: (blocked Gcells are excluded) 
[NR-eGR]                        OverCon            
[NR-eGR]                         #Gcell     %Gcell
[NR-eGR]        Layer             (1-0)    OverCon
[NR-eGR] ----------------------------------------------
[NR-eGR]  Metal1 ( 1)         0( 0.00%)   ( 0.00%) 
[NR-eGR]  Metal2 ( 2)         0( 0.00%)   ( 0.00%) 
[NR-eGR]  Metal3 ( 3)         0( 0.00%)   ( 0.00%) 
[NR-eGR]  Metal4 ( 4)         0( 0.00%)   ( 0.00%) 
[NR-eGR]  Metal5 ( 5)         0( 0.00%)   ( 0.00%) 
[NR-eGR]  Metal6 ( 6)         0( 0.00%)   ( 0.00%) 
[NR-eGR]  Metal7 ( 7)         0( 0.00%)   ( 0.00%) 
[NR-eGR]  Metal8 ( 8)         0( 0.00%)   ( 0.00%) 
[NR-eGR]  Metal9 ( 9)         0( 0.00%)   ( 0.00%) 
[NR-eGR] Metal10 (10)         0( 0.00%)   ( 0.00%) 
[NR-eGR] Metal11 (11)         0( 0.00%)   ( 0.00%) 
[NR-eGR] ----------------------------------------------
[NR-eGR]        Total         0( 0.00%)   ( 0.00%) 
[NR-eGR] 
[NR-eGR] Overflow after Early Global Route 0.00% H + 0.00% V
[NR-eGR] Connected 0 must-join pins/ports (post-process)
[NR-eGR] Total eGR-routed clock nets wire length: 0um, number of vias: 0
[NR-eGR] --------------------------------------------------------------------------
[NR-eGR]                  Length (um)  Vias 
[NR-eGR] -----------------------------------
[NR-eGR]  Metal1   (1H)             0   106 
[NR-eGR]  Metal2   (2V)           189   127 
[NR-eGR]  Metal3   (3H)           268    10 
[NR-eGR]  Metal4   (4V)            20     0 
[NR-eGR]  Metal5   (5H)             0     0 
[NR-eGR]  Metal6   (6V)             0     0 
[NR-eGR]  Metal7   (7H)             0     0 
[NR-eGR]  Metal8   (8V)             0     0 
[NR-eGR]  Metal9   (9H)             0     0 
[NR-eGR]  Metal10  (10V)            0     0 
[NR-eGR]  Metal11  (11H)            0     0 
[NR-eGR] -----------------------------------
[NR-eGR]           Total          477   243 
[NR-eGR] --------------------------------------------------------------------------
[NR-eGR] Total half perimeter of net bounding box: 448um
[NR-eGR] Total length: 477um, number of vias: 243
[NR-eGR] --------------------------------------------------------------------------
[NR-eGR] Finished Early Global Route kernel ( CPU: 0.17 sec, Real: 3.02 sec, Curr Mem: 2890.21 MB )
[NR-eGR] Finished Early Global Route ( CPU: 0.17 sec, Real: 3.03 sec, Curr Mem: 2890.21 MB )
Extraction called for design 'somador' of instances=18 and nets=47 using extraction engine 'pre_route' .
pre_route RC Extraction called for design somador.
RC Extraction called in multi-corner(2) mode.
RCMode: PreRoute
      RC Corner Indexes            0       1   
Capacitance Scaling Factor   : 1.00000 1.00000 
Resistance Scaling Factor    : 1.00000 1.00000 
Clock Cap. Scaling Factor    : 1.00000 1.00000 
Clock Res. Scaling Factor    : 1.00000 1.00000 
Shrink Factor                : 1.00000
PreRoute extraction is honoring NDR/Shielding/ExtraSpace for clock nets.
Using capacitance table file ...
Updating RC Grid density data for preRoute extraction ...
Initializing multi-corner resistance tables ...
PreRoute RC Extraction DONE (CPU Time: 0:00:00.0  Real Time: 0:00:00.0  MEM: 3060.199M)
Compute RC Scale Done ...
[hotspot] +------------+---------------+---------------+
[hotspot] |            |   max hotspot | total hotspot |
[hotspot] +------------+---------------+---------------+
[hotspot] | normalized |          0.00 |          0.00 |
[hotspot] +------------+---------------+---------------+
Local HotSpot Analysis: normalized max congestion hotspot area = 0.00, normalized total congestion hotspot area = 0.00 (area is in unit of 4 std-cell row bins)
GigaOpt Checkpoint: Internal congRefineRouteType -postCTS -resetVeryShortNets -rescheduleForAdherence  
Begin: GigaOpt Route Type Constraints Refinement
*** CongRefineRouteType #2 [begin] (clock_opt_design #1) : totSession cpu/real = 0:02:26.1/0:06:53.4 (0.4), mem = 3060.2M
Updated routing constraints on 0 nets.
Bottom Preferred Layer:
+---------------+------------+----------+
|     Layer     |    CLK     |   Rule   |
+---------------+------------+----------+
| Metal3 (z=3)  |          2 | default  |
+---------------+------------+----------+
Via Pillar Rule:
    None
*** CongRefineRouteType #2 [finish] (clock_opt_design #1) : cpu/real = 0:00:00.0/0:00:00.0 (3.0), totSession cpu/real = 0:02:26.1/0:06:53.4 (0.4), mem = 3060.2M
End: GigaOpt Route Type Constraints Refinement
skip EGR on cluster skew clock nets.
Starting delay calculation for Setup views
AAE_INFO: opIsDesignInPostRouteState() is 0
#################################################################################
# Design Stage: PreRoute
# Design Name: somador
# Design Mode: 45nm
# Analysis Mode: MMMC Non-OCV 
# Parasitics Mode: No SPEF/RCDB 
# Signoff Settings: SI Off 
#################################################################################
Calculate delays in BcWc mode...
Start delay calculation (fullDC) (1 T). (MEM=3096.19)
Total number of fetched objects 45
AAE_INFO: Total number of nets for which stage creation was skipped for all views 0
End delay calculation. (MEM=3100.3 CPU=0:00:00.0 REAL=0:00:00.0)
End delay calculation (fullDC). (MEM=3100.3 CPU=0:00:00.1 REAL=0:00:00.0)
*** Done Building Timing Graph (cpu=0:00:00.4 real=0:00:00.0 totSessionCpu=0:02:27 mem=3100.3M)
Begin: GigaOpt postEco DRV Optimization
GigaOpt Checkpoint: Internal optDRV -inPostEcoStage -smallScaleFixing -maxIter 3 -max_tran -max_cap -maxLocalDensity 0.98 -numThreads 1 -preRouteDontEndWithRefinePlaceIncrSteinerRouteDC -setupTNSCostFactor 1.0 -postCTS
*** DrvOpt #2 [begin] (clock_opt_design #1) : totSession cpu/real = 0:02:26.8/0:06:54.1 (0.4), mem = 3100.3M
Info: 2 nets with fixed/cover wires excluded.
Info: 1 ideal net excluded from IPO operation.
Info: 2 clock nets excluded from IPO operation.
#InfoCS: Num dontuse cells 14, Num usable cells 570, Num real usable cells 569
+-------------------------------------------------------------------------------------------------------------------------------------------------------+
|        max-tran       |        max-cap        |  max-fanout |  max-length |       setup       |        |        |        |       |          |         |
+-------------------------------------------------------------------------------------------------------------------------------------------------------+
| nets | terms|  wViol  | nets | terms|  wViol  | nets | terms| nets | terms|   WNS   |   TNS   |  #Buf  |  #Inv  | #Resize|Density|   Real   |   Mem   |
+-------------------------------------------------------------------------------------------------------------------------------------------------------+
|    17|    17|    -0.04|     0|     0|     0.00|     0|     0|     0|     0|     7.76|     0.00|       0|       0|       0| 70.33%|          |         |
|    17|    17|    -0.04|     0|     0|     0.00|     0|     0|     0|     0|     7.76|     0.00|       0|       0|       0| 70.33%| 0:00:00.0|  3100.9M|
+-------------------------------------------------------------------------------------------------------------------------------------------------------+
Bottom Preferred Layer:
+---------------+------------+----------+
|     Layer     |    CLK     |   Rule   |
+---------------+------------+----------+
| Metal3 (z=3)  |          2 | default  |
+---------------+------------+----------+
Via Pillar Rule:
    None


=======================================================================
                Reasons for remaining drv violations
=======================================================================
*info: Total 17 net(s) have violations which can't be fixed by DRV optimization.

MultiBuffering failure reasons
------------------------------------------------
*info:    17 net(s): Could not be fixed because the gain is not enough.

SingleBuffering failure reasons
------------------------------------------------
*info:    17 net(s): Could not be fixed because of the buffering solution introduces DRV degradation.


*** Finish DRV Fixing (cpu=0:00:00.3 real=0:00:00.0 mem=3100.9M) ***

*** DrvOpt #2 [finish] (clock_opt_design #1) : cpu/real = 0:00:01.0/0:00:01.0 (1.0), totSession cpu/real = 0:02:27.9/0:06:55.2 (0.4), mem = 3091.6M
End: GigaOpt postEco DRV Optimization
**INFO: Skipping refine place as no non-legal commits were detected
Design TNS changes after trial route: 0.000 -> 0.000
GigaOpt: Skipping post-eco QFTNS optimization
#optDebug: fT-D <X 1 0 0 0>
Register exp ratio and priority group on 0 nets on 45 nets : 

Active setup views:
 analysis_normal_slow_max
  Dominating endpoints: 0
  Dominating TNS: -0.000

Extraction called for design 'somador' of instances=18 and nets=47 using extraction engine 'pre_route' .
pre_route RC Extraction called for design somador.
RC Extraction called in multi-corner(2) mode.
RCMode: PreRoute
      RC Corner Indexes            0       1   
Capacitance Scaling Factor   : 1.00000 1.00000 
Resistance Scaling Factor    : 1.00000 1.00000 
Clock Cap. Scaling Factor    : 1.00000 1.00000 
Clock Res. Scaling Factor    : 1.00000 1.00000 
Shrink Factor                : 1.00000
PreRoute extraction is honoring NDR/Shielding/ExtraSpace for clock nets.
Using capacitance table file ...
Updating RC Grid density data for preRoute extraction ...
Initializing multi-corner resistance tables ...
PreRoute RC Extraction DONE (CPU Time: 0:00:00.0  Real Time: 0:00:00.0  MEM: 3085.316M)
Starting delay calculation for Setup views
AAE_INFO: opIsDesignInPostRouteState() is 0
#################################################################################
# Design Stage: PreRoute
# Design Name: somador
# Design Mode: 45nm
# Analysis Mode: MMMC Non-OCV 
# Parasitics Mode: No SPEF/RCDB 
# Signoff Settings: SI Off 
#################################################################################
Calculate delays in BcWc mode...
Start delay calculation (fullDC) (1 T). (MEM=3101.59)
Total number of fetched objects 45
AAE_INFO: Total number of nets for which stage creation was skipped for all views 0
End delay calculation. (MEM=3104.3 CPU=0:00:00.0 REAL=0:00:00.0)
End delay calculation (fullDC). (MEM=3104.3 CPU=0:00:00.1 REAL=0:00:00.0)
*** Done Building Timing Graph (cpu=0:00:00.4 real=0:00:01.0 totSessionCpu=0:02:29 mem=3104.3M)
OPTC: user 20.0 (reset)
Reported timing to dir ./timingReports
**opt_design ... cpu = 0:00:21, real = 0:01:11, mem = 3095.5M, totSessionCpu=0:02:29 **

OptSummary:

------------------------------------------------------------------
     opt_design Final Summary
------------------------------------------------------------------

Setup views included:
 analysis_normal_slow_max 

+--------------------+---------+---------+---------+
|     Setup mode     |   all   | reg2reg | default |
+--------------------+---------+---------+---------+
|           WNS (ns):|  7.756  |   N/A   |  7.756  |
|           TNS (ns):|  0.000  |   N/A   |  0.000  |
|    Violating Paths:|    0    |   N/A   |    0    |
|          All Paths:|   27    |   N/A   |   27    |
+--------------------+---------+---------+---------+

+----------------+-------------------------------+------------------+
|                |              Real             |       Total      |
|    DRVs        +------------------+------------+------------------|
|                |  Nr nets(terms)  | Worst Vio  |  Nr nets(terms)  |
+----------------+------------------+------------+------------------+
|   max_cap      |      0 (0)       |   0.000    |      0 (0)       |
|   max_tran     |      0 (0)       |   0.000    |      0 (0)       |
|   max_fanout   |      0 (0)       |     0      |      0 (0)       |
|   max_length   |      0 (0)       |     0      |      0 (0)       |
+----------------+------------------+------------+------------------+

Density: 70.333%
Routing Overflow: 0.00% H and 0.00% V
------------------------------------------------------------------
Begin: Collecting metrics
 ------------------------------------------------------------------------------------------------------------------------------------------------------- 
| Snapshot                | WNS                  | TNS                  | Density (%) | Hotspot                   | Resource               | DRVs       |
|                         | HEPG (ns) | ALL (ns) | HEPG (ns) | ALL (ns) |             | Max (bins) | Total (bins) | Real (s) | Memory (MB) | Tran | Cap |
|-------------------------+-----------+----------+-----------+----------+-------------+------------+--------------+----------+-------------+------+-----|
| initial_summary         |           |    7.755 |           |        0 |       70.33 |            |              | 0:00:00  |        3076 |    0 |   0 |
| route_type_refinement   |           |          |           |          |             |            |              | 0:00:00  |        3074 |      |     |
| simplify_netlist        |           |          |           |          |             |            |              | 0:00:02  |        3074 |      |     |
| excluded_clk_net_fixing |           |          |           |          |             |            |              | 0:00:00  |        3074 |      |     |
| global_opt              |           |    7.755 |           |        0 |       70.33 |            |              | 0:00:03  |        3086 |      |     |
| area_reclaiming         |     0.000 |    7.755 |         0 |        0 |       70.33 |            |              | 0:00:02  |        3088 |      |     |
| area_reclaiming_2       |     0.000 |    7.755 |         0 |        0 |       70.33 |            |              | 0:00:02  |        3089 |      |     |
| local_wire_reclaim      |           |          |           |          |             |            |              | 0:00:00  |        3089 |      |     |
| global_route            |           |          |           |          |             |       0.00 |         0.00 | 0:00:03  |        3060 |      |     |
| route_type_refinement_2 |           |          |           |          |             |            |              | 0:00:00  |        3060 |      |     |
| drv_eco_fixing          |     0.000 |    7.756 |         0 |        0 |       70.33 |            |              | 0:00:02  |        3092 |   17 |   0 |
| legalization            |           |          |           |          |             |            |              | 0:00:00  |        3092 |      |     |
| final_summary           |           |    7.756 |           |        0 |       70.33 |            |              | 0:00:02  |        3092 |    0 |   0 |
 ------------------------------------------------------------------------------------------------------------------------------------------------------- 
End: Collecting metrics
**opt_design ... cpu = 0:00:22, real = 0:01:14, mem = 3092.5M, totSessionCpu=0:02:30 **
*** Finished opt_design ***
      flow.cputime  flow.realtime  timing.setup.tns  timing.setup.wns  snapshot
UM:*                                                                   final
      flow.cputime  flow.realtime  timing.setup.tns  timing.setup.wns  snapshot
UM:*                                                                   opt_design_postcts
Info: final physical memory for 2 CRR processes is 1072.69MB.
Info: Summary of CRR changes:
      - Timing transform commits:       0
Info: Destroy the CCOpt slew target map.
Set place::cacheFPlanSiteMark to 0
(clock_opt_design): dumping clock statistics to metric
Updating ideal nets and annotations...
Clock tree spec update: Ideal nets, transition and delay annotations were updated to match active timing constraints.
Updating ideal nets and annotations done. (took cpu=0:00:00.0 real=0:00:00.0)
No differences between SDC and CTS ideal net status found.
Clock tree timing engine global stage delay update for slow_max:setup.early...
Clock tree timing engine global stage delay update for slow_max:setup.early done. (took cpu=0:00:00.0 real=0:00:00.0)
Clock tree timing engine global stage delay update for slow_max:setup.late...
Clock tree timing engine global stage delay update for slow_max:setup.late done. (took cpu=0:00:00.0 real=0:00:00.0)
Clock tree timing engine global stage delay update for fast_min:hold.early...
Clock tree timing engine global stage delay update for fast_min:hold.early done. (took cpu=0:00:00.0 real=0:00:00.0)
Clock tree timing engine global stage delay update for fast_min:hold.late...
Clock tree timing engine global stage delay update for fast_min:hold.late done. (took cpu=0:00:00.0 real=0:00:00.0)
UM: Running design category ...
      flow.cputime  flow.realtime  timing.setup.tns  timing.setup.wns  snapshot
UM:          38.44            141          0.000 ns          7.756 ns  clock_opt_design

*** Summary of all messages that are not suppressed in this session:
Severity  ID               Count  Summary                                  
WARNING   IMPSP-12502          1  Slack driven placement is disabled becau...
*** Message Summary: 1 warning(s), 0 error(s)

*** clock_opt_design #1 [finish] () : cpu/real = 0:00:38.1/0:02:19.5 (0.3), totSession cpu/real = 0:02:31.4/0:07:17.3 (0.3), mem = 3092.8M
Ending "clock_opt_design" (total cpu=0:00:38.1, real=0:02:20, peak res=3106.2M, current mem=2983.2M)
@file 118:
@@file 119: set_db extract_rc_engine pre_route
@@file 120: extract_rc
Extraction called for design 'somador' of instances=18 and nets=47 using extraction engine 'pre_route' .
pre_route RC Extraction called for design somador.
RC Extraction called in multi-corner(2) mode.
RCMode: PreRoute
      RC Corner Indexes            0       1   
Capacitance Scaling Factor   : 1.00000 1.00000 
Resistance Scaling Factor    : 1.00000 1.00000 
Clock Cap. Scaling Factor    : 1.00000 1.00000 
Clock Res. Scaling Factor    : 1.00000 1.00000 
Shrink Factor                : 1.00000
PreRoute extraction is honoring NDR/Shielding/ExtraSpace for clock nets.
Using capacitance table file ...
Updating RC Grid density data for preRoute extraction ...
Initializing multi-corner resistance tables ...
PreRoute RC Extraction DONE (CPU Time: 0:00:00.0  Real Time: 0:00:00.0  MEM: 2983.156M)
@file 121:
@file 122: # Assuming this script is in the same directory
@file 123: source ${LAYOUT_DIR}/scripts/user_statCCOpt_cui.tcl
#@ Begin verbose source /home/ufsm00291/ufsm00291-lima202020189/projetos/somador/backend/layout/scripts/user_statCCOpt_cui.tcl (pre)
@file 1: proc user_statCCOpt {args} {
    set procname [dict get [info frame [info frame]] proc]
    set ARGS(-output) "log"
    parse_proc_arguments -args $args ARGS
    switch $ARGS(-output) {
        "log" {interp alias {} write_cmd {} puts}
        "logv" {interp alias {} write_cmd {} vputs}
        "stdout" {interp alias {} write_cmd {} puts}
        default {error}
    }
    ## listup ccopt cell naming
    redirect -variable show_ccopt_cell_name_info_result {puts [report_cts_cell_name_info]}
    set cell_prefix_list ""
    foreach line [split $show_ccopt_cell_name_info_result "\n"] {
        if {[regexp {Creators:} $line]} {continue}
        if {[lindex $line 0] != ""} {lappend cell_prefix_list "[get_db cts_inst_name_prefix]_[lindex $line 0]"}
    }
    if {[info exists ARGS(-clock_trees)]} {
        set effective_clock_trees ""
        foreach i $ARGS(-clock_trees) {
            if {[get_ccopt_clock_trees $ARGS(-clock_trees)] == ""} {
                puts "WARN($procname): specified clock_tree $ARGS(-clock_tree) not found, ignore"
            } else {
                lappend effective_clock_trees $i
            }
        }
        if {$effective_clock_trees == ""} {
            puts "ERROR($procname): no effective clock_trees found, exit"
            return
        }
       set all_clock_tree_insts [get_db clock_tree:$effective_clock_trees .insts.name ]
       set all_clock_tree_sinks [ get_db clock_tree:$effective_clock_trees .sinks.name ]
    } else {
        set effective_clock_trees "all"
	set all_clock_tree_insts [get_db clock_trees .insts.name]
        set all_clock_tree_sinks [get_db clock_trees .sinks.name]
            }
    set total_num_insts [llength $all_clock_tree_insts]
    set counter 0
    foreach i $all_clock_tree_insts {
        set cell [get_db [get_db inst:$i] .base_cell.name]
        set prefix "OTHER"
        foreach j $cell_prefix_list {
            if {[string match *$j* $i]} {
                set prefix $j
                break
            }
        }
        incr STAT_CCOPT($cell,$prefix)
        incr counter
        puts -nonewline "\r processing  $counter / $total_num_insts"
 flush stdout
    }
    puts ""
    set prop_cell_list ""
    set cell_buf_list ""
       foreach i [get_db cts_buffer_cells] {
         foreach j [get_db base_cells .name $i] {
             lappend cell_buf_list $j
             lappend prop_cell_list $j
        }
     }
    set cell_inv_list ""
         foreach i [get_db cts_inverter_cells] {
         foreach j [get_db base_cells .name $i] {
             lappend cell_inv_list $j
             lappend prop_cell_list $j
         }        
     }
    set cell_oth_list ""
        foreach i [get_db cts_clock_gating_cells] {
         foreach j [get_db base_cells .name $i] {
             lappend cell_oth_list $j
             lappend prop_cell_list $j
         }
     }
    set prop_cell_ulist [lsort -unique $prop_cell_list]
    set prefix_list ""
    set value_list ""
    foreach i [array names STAT_CCOPT] {
        if {[regexp {(\S+)\,(\S+)} $i matchVar cell prefix]} { 
             if {[get_db [get_db base_cell:$cell  ] .is_buffer]} {
                 lappend cell_buf_list $cell
             } elseif {[get_db [get_db base_cell:$cell ] .is_inverter]} {
                 lappend cell_inv_list $cell
             } else {
                 lappend cell_oth_list $cell
             }
            lappend prefix_list $prefix
            lappend value_list $STAT_CCOPT($i)
        } else {
            error "unexpected array prefix_listnames $i"
        }
    }
    set cell_buf_ulist [lsort -unique $cell_buf_list]
    set cell_inv_ulist [lsort -unique $cell_inv_list]
    set cell_oth_ulist [lsort -unique $cell_oth_list]
    set prefix_ulist   [lsort -unique $prefix_list]
    write_cmd "### \[\[ clock_tree(s) tree stats : $effective_clock_trees (# of sinks = [llength $all_clock_tree_sinks]) \]\] ###"
    set max_cell_string_length 0
    foreach i [concat $cell_buf_ulist $cell_inv_ulist $cell_oth_ulist "TOTAL"] {
        if {[string length $i] > $max_cell_string_length} {
            set max_cell_string_length [string length $i]
        }
    }
    set max_result_string_length 0
    foreach i [concat $prefix_ulist $value_list "TOTAL"] {
        if {[string length $i] > $max_result_string_length} {
            set max_result_string_length [string length $i]
        }
    }
    set lenc [expr $max_cell_string_length + 2]
    set lenr [expr $max_result_string_length + 1]
    ## prepare real final_col_key / row_key
    if {[info exists ARGS(-keep_empty)]} {
        set row_keys [concat $cell_buf_ulist $cell_inv_ulist $cell_oth_ulist]
    } else {
        set row_keys ""
        foreach i [concat $cell_buf_ulist $cell_inv_ulist $cell_oth_ulist] {
            foreach j [array names STAT_CCOPT $i,*] {
                if {$STAT_CCOPT($j) > 0} {
                    lappend row_keys $i
                    break
                }
            }
        }
    }
    set col_keys $prefix_ulist
    ## write
    # fisrt row
    write_cmd -nonewline "|[format "%${lenc}s" ""]"
    set avoid_dup ""
    foreach i $col_keys {
        if {[lsearch $avoid_dup $i] > -1} {continue}
        write_cmd -nonewline "|[format "%${lenr}s"  $i]"
        lappend avoid_dup $i
    }
    write_cmd "|[format "%${lenr}s" "TOTAL"]|"
    # second row
    write_cmd -nonewline "+[string repeat "-" ${lenc}]"
    set avoid_dup ""
    foreach i $col_keys {
        if {[lsearch $avoid_dup $i] > -1} {continue}
        write_cmd -nonewline "+[string repeat "-" ${lenr}]"
        lappend avoid_dup $i
    }
    write_cmd "+[string repeat "-" ${lenr}]+"
    # middle row
    set avoid_dup ""
    foreach i $row_keys {
        if {[lsearch $avoid_dup $i] > -1} {continue}
        if {[lsearch $prop_cell_ulist $i] > -1} {
            write_cmd -nonewline "|[format "%${lenc}s" "@:$i"]"
        } else {
            write_cmd -nonewline "|[format "%${lenc}s" $i]"
        }
        set row_total 0
        foreach j $col_keys {
            if {[info exists STAT_CCOPT($i,$j)]} {
                write_cmd -nonewline "|[format "%${lenr}s" $STAT_CCOPT($i,$j)]"
                incr row_total $STAT_CCOPT($i,$j)
            } else {
                write_cmd -nonewline "|[format "%${lenr}s" "0"]"
            }
        }
        write_cmd "|[format "%${lenr}s" $row_total]|"
        lappend avoid_dup $i
    }
    # before last row
    write_cmd -nonewline "+[string repeat "-" ${lenc}]"
    set avoid_dup ""
    foreach i $col_keys {
        if {[lsearch $avoid_dup $i] > -1} {continue}
        write_cmd -nonewline "+[string repeat "-" ${lenr}]"
        lappend avoid_dup $i
    }
    write_cmd "+[string repeat "-" ${lenr}]+"
    # last row
    write_cmd -nonewline "|[format "%${lenc}s" "TOTAL"]"
    set avoid_dup ""
    set total_total 0
    foreach i $col_keys {
        if {[lsearch $avoid_dup $i] > -1} {continue}
        set col_total 0
        foreach j [array names STAT_CCOPT *,$i] {
            incr col_total $STAT_CCOPT($j)
        }
        write_cmd -nonewline "|[format "%${lenr}s" $col_total]"
        lappend avoid_dup $i
        incr total_total $col_total
    }
    write_cmd "|[format "%${lenr}s" $total_total]|"
}
@file 194:
@file 195: # logCommand user_statCCOpt
@@file 196: define_proc_arguments user_statCCOpt  \
-info "report overview of CCOpt cell name code usage"  \
-define_args { {-clock_trees "specify clock_trees to report cell name code usage
 if not specified, all clock_tree are checked" "" string optional}
        {-keep_empty "display empty col/row
 default=empty col/row is not printed" "" boolean optional}
        {-output "output command
 default=log" "" one_of_string {optional value_help {values "log logv stdout"}}}
    }
@file 205:
#@ End verbose source /home/ufsm00291/ufsm00291-lima202020189/projetos/somador/backend/layout/scripts/user_statCCOpt_cui.tcl
@file 124: user_statCCOpt
 processing  1 / 1
### [[ clock_tree(s) tree stats : all (# of sinks = 9) ]] ###
|           | CTS_cdb|   TOTAL|
+-----------+--------+--------+
| @:CLKBUFX2|       1|       1|
+-----------+--------+--------+
|      TOTAL|       1|       1|
@file 125:
@@file 126: set_db timing_analysis_type best_case_worst_case
@@file 127: set_db timing_analysis_clock_propagation_mode sdc_control
@@file 128: time_design -post_cts
*** time_design #2 [begin] () : totSession cpu/real = 0:02:31.6/0:07:17.6 (0.3), mem = 2973.0M
Start to check current routing status for nets...
All nets are already routed correctly.
End to check current routing status for nets (mem=2950.7M)
Starting delay calculation for Setup views
AAE_INFO: opIsDesignInPostRouteState() is 0
#################################################################################
# Design Stage: PreRoute
# Design Name: somador
# Design Mode: 45nm
# Analysis Mode: MMMC Non-OCV 
# Parasitics Mode: No SPEF/RCDB 
# Signoff Settings: SI Off 
#################################################################################
Calculate delays in BcWc mode...
Start delay calculation (fullDC) (1 T). (MEM=2989.32)
Total number of fetched objects 45
AAE_INFO: Total number of nets for which stage creation was skipped for all views 0
End delay calculation. (MEM=2993.11 CPU=0:00:00.0 REAL=0:00:00.0)
End delay calculation (fullDC). (MEM=2993.11 CPU=0:00:00.0 REAL=0:00:00.0)
*** Done Building Timing Graph (cpu=0:00:00.2 real=0:00:00.0 totSessionCpu=0:02:32 mem=2993.1M)

OptSummary:

------------------------------------------------------------------
         time_design Summary
------------------------------------------------------------------

Setup views included:
 analysis_normal_slow_max 

+--------------------+---------+---------+---------+
|     Setup mode     |   all   | reg2reg | default |
+--------------------+---------+---------+---------+
|           WNS (ns):|  7.756  |   N/A   |  7.756  |
|           TNS (ns):|  0.000  |   N/A   |  0.000  |
|    Violating Paths:|    0    |   N/A   |    0    |
|          All Paths:|   27    |   N/A   |   27    |
+--------------------+---------+---------+---------+

+----------------+-------------------------------+------------------+
|                |              Real             |       Total      |
|    DRVs        +------------------+------------+------------------|
|                |  Nr nets(terms)  | Worst Vio  |  Nr nets(terms)  |
+----------------+------------------+------------+------------------+
|   max_cap      |      0 (0)       |   0.000    |      0 (0)       |
|   max_tran     |      0 (0)       |   0.000    |      0 (0)       |
|   max_fanout   |      0 (0)       |     0      |      0 (0)       |
|   max_length   |      0 (0)       |     0      |      0 (0)       |
+----------------+------------------+------------+------------------+

Density: 70.333%
Routing Overflow: 0.00% H and 0.00% V
------------------------------------------------------------------
Reported timing to dir ./timingReports
Total CPU time: 0.47 sec
Total Real time: 2.0 sec
Total Memory Usage: 2980.203125 Mbytes
*** time_design #2 [finish] () : cpu/real = 0:00:00.5/0:00:01.8 (0.3), totSession cpu/real = 0:02:32.1/0:07:19.3 (0.3), mem = 2980.2M
@@file 129: time_design -post_cts -hold
*** time_design #3 [begin] () : totSession cpu/real = 0:02:32.1/0:07:19.3 (0.3), mem = 2980.2M
Start to check current routing status for nets...
All nets are already routed correctly.
End to check current routing status for nets (mem=2948.8M)
Starting delay calculation for Hold views
AAE_INFO: opIsDesignInPostRouteState() is 0
#################################################################################
# Design Stage: PreRoute
# Design Name: somador
# Design Mode: 45nm
# Analysis Mode: MMMC Non-OCV 
# Parasitics Mode: No SPEF/RCDB 
# Signoff Settings: SI Off 
#################################################################################
Calculate delays in BcWc mode...
Start delay calculation (fullDC) (1 T). (MEM=2988.31)
*** Calculating scaling factor for fast libraries using the default operating condition of each library.
Total number of fetched objects 45
AAE_INFO: Total number of nets for which stage creation was skipped for all views 0
End delay calculation. (MEM=2993.37 CPU=0:00:00.1 REAL=0:00:00.0)
End delay calculation (fullDC). (MEM=2993.37 CPU=0:00:00.1 REAL=0:00:00.0)
*** Done Building Timing Graph (cpu=0:00:00.3 real=0:00:00.0 totSessionCpu=0:02:33 mem=2993.4M)

OptSummary:

------------------------------------------------------------------
         time_design Summary
------------------------------------------------------------------

Hold views included:
 analysis_normal_fast_min 

+--------------------+---------+---------+---------+
|     Hold mode      |   all   | reg2reg | default |
+--------------------+---------+---------+---------+
|           WNS (ns):|  0.230  |   N/A   |  0.230  |
|           TNS (ns):|  0.000  |   N/A   |  0.000  |
|    Violating Paths:|    0    |   N/A   |    0    |
|          All Paths:|   27    |   N/A   |   27    |
+--------------------+---------+---------+---------+

Density: 70.333%
Routing Overflow: 0.00% H and 0.00% V
------------------------------------------------------------------
Reported timing to dir ./timingReports
Total CPU time: 0.74 sec
Total Real time: 0.0 sec
Total Memory Usage: 2952.675781 Mbytes
*** time_design #3 [finish] () : cpu/real = 0:00:00.8/0:00:00.8 (1.0), totSession cpu/real = 0:02:32.8/0:07:20.1 (0.3), mem = 2952.7M
@@file 130: opt_design -post_cts
**opt_design ... cpu = 0:00:00, real = 0:00:00, mem = 2952.7M, totSessionCpu=0:02:33 **
*** opt_design #1 [begin] () : totSession cpu/real = 0:02:32.9/0:07:20.1 (0.3), mem = 2952.7M
GigaOpt running with 1 threads.
*** InitOpt #1 [begin] (opt_design #1) : totSession cpu/real = 0:02:32.9/0:07:20.1 (0.3), mem = 2952.7M
**INFO: User settings:
delaycal_enable_high_fanout                                    true
delaycal_enable_ideal_seq_async_pins                           false
delaycal_eng_enablepreplacedflow                               false
delaycal_ignore_net_load                                       false
delaycal_socv_accuracy_mode                                    low
setAnalysisMode -skew                                          true
setDelayCalMode -engine                                        aae
design_process_node                                            45
design_top_routing_layer                                       11
extract_rc_coupling_cap_threshold                              0.1
extract_rc_engine                                              pre_route
extract_rc_relative_cap_threshold                              1.0
extract_rc_total_cap_threshold                                 0.0
opt_drv                                                        true
opt_drv_fix_max_cap                                            true
opt_drv_fix_max_tran                                           true
opt_drv_margin                                                 0.0
opt_fix_fanout_load                                            false
opt_preserve_all_sequential                                    false
opt_resize_flip_flops                                          true
opt_setup_target_slack                                         0.0
opt_skew_eco_route                                             false
opt_view_pruning_setup_views_active_list                       { analysis_normal_slow_max }
opt_view_pruning_setup_views_persistent_list                   { analysis_normal_slow_max}
opt_view_pruning_tdgr_setup_views_persistent_list              { analysis_normal_slow_max}
route_early_global_exp_do_not_invalidate_rc_grid               false
getAnalysisMode -skew                                          true
getDelayCalMode -engine                                        aae
get_power_analysis_mode -report_power_quiet                    false
getAnalysisMode -skew                                          true
**INFO: set_db design_flow_effort standard -> setting 'set_db opt_all_end_points true' for the duration of this command.
Need call spDPlaceInit before registerPrioInstLoc.
fast slow
Info: Using SynthesisEngine executable '/home/tools/cadence/installs/DDI251/INNOVUS251/bin/innovus_'.
      SynthesisEngine workers will not check out additional licenses.
**opt_design ... cpu = 0:00:03, real = 0:00:52, mem = 3078.6M, totSessionCpu=0:02:36 **
#optDebug: { P: 45 W: 6195 FE: standard PE: none LDR: 1}
*** opt_design -post_cts ***
DRC Margin: user margin 0.0; extra margin 0.2
Hold Target Slack: user slack 0
Setup Target Slack: user slack 0; extra slack 0.0
set_db opt_skew_eco_route false
Multi-VT timing optimization disabled based on library information.
**INFO: Using Advanced Metric Collection system.
Start to check current routing status for nets...
All nets are already routed correctly.
End to check current routing status for nets (mem=3074.7M)
Compute RC Scale Done ...
Starting delay calculation for Setup views
AAE_INFO: opIsDesignInPostRouteState() is 0
#################################################################################
# Design Stage: PreRoute
# Design Name: somador
# Design Mode: 45nm
# Analysis Mode: MMMC Non-OCV 
# Parasitics Mode: No SPEF/RCDB 
# Signoff Settings: SI Off 
#################################################################################
Calculate delays in BcWc mode...
Start delay calculation (fullDC) (1 T). (MEM=3099.94)
*** Calculating scaling factor for slow libraries using the default operating condition of each library.
Total number of fetched objects 45
AAE_INFO: Total number of nets for which stage creation was skipped for all views 0
End delay calculation. (MEM=3104.38 CPU=0:00:00.0 REAL=0:00:00.0)
End delay calculation (fullDC). (MEM=3104.38 CPU=0:00:00.1 REAL=0:00:00.0)
*** Done Building Timing Graph (cpu=0:00:00.3 real=0:00:00.0 totSessionCpu=0:02:38 mem=3105.3M)

OptSummary:

------------------------------------------------------------------
             Initial Summary
------------------------------------------------------------------

Setup views included:
 analysis_normal_slow_max 

+--------------------+---------+---------+---------+
|     Setup mode     |   all   | reg2reg | default |
+--------------------+---------+---------+---------+
|           WNS (ns):|  7.756  |   N/A   |  7.756  |
|           TNS (ns):|  0.000  |   N/A   |  0.000  |
|    Violating Paths:|    0    |   N/A   |    0    |
|          All Paths:|   27    |   N/A   |   27    |
+--------------------+---------+---------+---------+

+----------------+-------------------------------+------------------+
|                |              Real             |       Total      |
|    DRVs        +------------------+------------+------------------|
|                |  Nr nets(terms)  | Worst Vio  |  Nr nets(terms)  |
+----------------+------------------+------------+------------------+
|   max_cap      |      0 (0)       |   0.000    |      0 (0)       |
|   max_tran     |      0 (0)       |   0.000    |      0 (0)       |
|   max_fanout   |      0 (0)       |     0      |      0 (0)       |
|   max_length   |      0 (0)       |     0      |      0 (0)       |
+----------------+------------------+------------+------------------+

Density: 70.333%
------------------------------------------------------------------
**opt_design ... cpu = 0:00:05, real = 0:00:54, mem = 3095.7M, totSessionCpu=0:02:38 **
*** InitOpt #1 [finish] (opt_design #1) : cpu/real = 0:00:05.3/0:00:54.2 (0.1), totSession cpu/real = 0:02:38.1/0:08:14.3 (0.3), mem = 3095.7M
** INFO : this run is activating low effort ccoptDesign flow
OPTC: m4 20.0 50.0 [ 500.0 20.0 50.0 ]
OPTC: view 50.0:500.0 [ 0.0500 ]
#optDebug: fT-E <X 2 0 0 1>
-opt_post_cts_congestion_repair false      # bool, default=false, private
GigaOpt Checkpoint: Internal congRefineRouteType -postCTS -congThreshold 0.001 -rescheduleForCongestion -resetVeryShortNets -resetShortNets -useSpineBased -rescheduleForAdherence -minSlack -208.0 -useBottleneckAnalyzer -drvRatio 0.4
Begin: GigaOpt Route Type Constraints Refinement
*** CongRefineRouteType #1 [begin] (opt_design #1) : totSession cpu/real = 0:02:38.3/0:08:14.5 (0.3), mem = 3097.7M
Updated routing constraints on 0 nets.
Bottom Preferred Layer:
+---------------+------------+----------+
|     Layer     |    CLK     |   Rule   |
+---------------+------------+----------+
| Metal3 (z=3)  |          2 | default  |
+---------------+------------+----------+
Via Pillar Rule:
    None
*** CongRefineRouteType #1 [finish] (opt_design #1) : cpu/real = 0:00:00.0/0:00:00.0 (0.0), totSession cpu/real = 0:02:38.3/0:08:14.5 (0.3), mem = 3097.7M
End: GigaOpt Route Type Constraints Refinement
*** SimplifyNetlist #1 [begin] (opt_design #1) : totSession cpu/real = 0:02:38.6/0:08:15.2 (0.3), mem = 3094.4M
Info: 2 nets with fixed/cover wires excluded.
Info: 1 ideal net excluded from IPO operation.
Info: 2 clock nets excluded from IPO operation.

Netlist preparation processing... 
Removed 0 instance
*info: Marking 0 isolation instances dont touch
*info: Marking 0 level shifter instances dont touch
*** SimplifyNetlist #1 [finish] (opt_design #1) : cpu/real = 0:00:01.7/0:00:01.7 (1.0), totSession cpu/real = 0:02:40.3/0:08:16.9 (0.3), mem = 3094.6M
*** ExcludedClockNetOpt #1 [begin] (opt_design #1) : totSession cpu/real = 0:02:40.6/0:08:17.1 (0.3), mem = 3094.6M
*** Starting optimizing excluded clock nets MEM= 3094.6M) ***
*info: No excluded clock nets to be optimized.
*** Finished optimizing excluded clock nets (CPU Time= 0:00:00.0  MEM= 3094.6M) ***
*** ExcludedClockNetOpt #1 [finish] (opt_design #1) : cpu/real = 0:00:00.0/0:00:00.0 (0.0), totSession cpu/real = 0:02:40.6/0:08:17.1 (0.3), mem = 3094.6M
*** ExcludedClockNetOpt #2 [begin] (opt_design #1) : totSession cpu/real = 0:02:40.6/0:08:17.1 (0.3), mem = 3094.6M
*** Starting optimizing excluded clock nets MEM= 3094.6M) ***
*info: No excluded clock nets to be optimized.
*** Finished optimizing excluded clock nets (CPU Time= 0:00:00.0  MEM= 3094.6M) ***
*** ExcludedClockNetOpt #2 [finish] (opt_design #1) : cpu/real = 0:00:00.0/0:00:00.0 (0.0), totSession cpu/real = 0:02:40.6/0:08:17.1 (0.3), mem = 3094.6M
Info: Done creating the CCOpt slew target map.
Begin: GigaOpt high fanout net optimization
GigaOpt HFN: use maxLocalDensity 1.2
GigaOpt Checkpoint: Internal optDRV -useLevelizedBufferTreeOnly -auxMaxFanoutCountLimit 500 -largeScaleFixing -maxIter 1 -maxLocalDensity 1.2 -numThreads 1 -postCTS -preRouteDontEndWithRefinePlaceIncrSteinerRouteDC
*** DrvOpt #1 [begin] (opt_design #1) : totSession cpu/real = 0:02:40.8/0:08:17.4 (0.3), mem = 3094.7M
Info: 2 nets with fixed/cover wires excluded.
Info: 1 ideal net excluded from IPO operation.
Info: 2 clock nets excluded from IPO operation.
*** DrvOpt #1 [finish] (opt_design #1) : cpu/real = 0:00:00.8/0:00:00.8 (1.0), totSession cpu/real = 0:02:41.6/0:08:18.2 (0.3), mem = 3094.6M
GigaOpt HFN: restore maxLocalDensity to 0.98
End: GigaOpt high fanout net optimization
Number of setup views: 1
Begin: GigaOpt Global Optimization
*info: use new DP (enabled)
GigaOpt Checkpoint: Internal globalOpt -maxLocalDensity 1.2 -numThreads 1 -postCTS -preRouteDontEndWithRefinePlaceIncrSteinerRouteDC -enableHighLayerOpt -maxIter 50 -maxIterForLEPG 50
Info: 2 nets with fixed/cover wires excluded.
Info: 1 ideal net excluded from IPO operation.
Info: 2 clock nets excluded from IPO operation.
*** GlobalOpt #1 [begin] (opt_design #1) : totSession cpu/real = 0:02:41.7/0:08:18.2 (0.3), mem = 3094.8M
*info: 2 clock nets excluded
*info: 1 ideal net excluded from IPO operation.
*info: 2 nets with fixed/cover wires excluded.
#InfoCS: Num dontuse cells 14, Num usable cells 570, Num real usable cells 569
** GigaOpt Global Opt WNS Slack 0.000  TNS Slack 0.000 
+--------+--------+---------+------------+--------+------------------------+---------+--------------------+
|  WNS   |  TNS   | Density |    Real    |  Mem   |       Worst View       |Pathgroup|     End Point      |
+--------+--------+---------+------------+--------+------------------------+---------+--------------------+
|   0.000|   0.000|   70.33%|   0:00:00.0| 3104.5M|analysis_normal_slow_max|       NA| NA                 |
+--------+--------+---------+------------+--------+------------------------+---------+--------------------+

*** Finish post-CTS Global Setup Fixing (cpu=0:00:00.0 real=0:00:00.0 mem=3104.5M) ***

*** Finish post-CTS Setup Fixing (cpu=0:00:00.0 real=0:00:00.0 mem=3104.5M) ***
Bottom Preferred Layer:
+---------------+------------+----------+
|     Layer     |    CLK     |   Rule   |
+---------------+------------+----------+
| Metal3 (z=3)  |          2 | default  |
+---------------+------------+----------+
Via Pillar Rule:
    None
** GigaOpt Global Opt End WNS Slack 0.000  TNS Slack 0.000 
*** GlobalOpt #1 [finish] (opt_design #1) : cpu/real = 0:00:02.3/0:00:02.3 (1.0), totSession cpu/real = 0:02:43.9/0:08:20.5 (0.3), mem = 3099.3M
End: GigaOpt Global Optimization
*** Timing Is met
*** Check timing (0:00:00.0)
GigaOpt Checkpoint: Internal reclaim -numThreads 1 -postCTS -doRemoveUselessTerm -tgtSlackMult 3 -routeType -noRouteTypeResizePolish -noViewPrune -weedwhack -nonLegal -nativePathGroupFlow -SimpCCIn
Info: 2 nets with fixed/cover wires excluded.
Info: 1 ideal net excluded from IPO operation.
Info: 2 clock nets excluded from IPO operation.
Begin: Area Reclaim Optimization
#InfoCS: Num dontuse cells 14, Num usable cells 570, Num real usable cells 569
*** AreaOpt #1 [begin] (opt_design #1) : totSession cpu/real = 0:02:44.3/0:08:20.9 (0.3), mem = 3096.1M
Reclaim Optimization WNS Slack 0.100  TNS Slack 0.000 Density 70.33
+---------+---------+--------+--------+------------+--------+
| Density | Commits |  WNS   |  TNS   |    Real    |  Mem   |
+---------+---------+--------+--------+------------+--------+
|   70.33%|        -|   0.100|   0.000|   0:00:00.0| 3100.3M|
|   70.33%|        0|   0.100|   0.000|   0:00:00.0| 3101.1M|
|   70.33%|        0|   0.100|   0.000|   0:00:00.0| 3101.1M|
|   70.33%|        0|   0.100|   0.000|   0:00:00.0| 3101.1M|
|   70.33%|        0|   0.100|   0.000|   0:00:00.0| 3101.3M|
|   70.33%|        0|   0.100|   0.000|   0:00:00.0| 3101.3M|
+---------+---------+--------+--------+------------+--------+
Reclaim Optimization End WNS Slack 0.100  TNS Slack 0.000 Density 70.33
Bottom Preferred Layer:
+---------------+------------+----------+
|     Layer     |    CLK     |   Rule   |
+---------------+------------+----------+
| Metal3 (z=3)  |          2 | default  |
+---------------+------------+----------+
Via Pillar Rule:
    None

Number of times islegalLocAvaiable called = 0 skipped = 0, called in commitmove = 0, skipped in commitmove = 0
End: Core Area Reclaim Optimization (cpu = 0:00:01.5) (real = 0:00:02.0) **
*** AreaOpt #1 [finish] (opt_design #1) : cpu/real = 0:00:01.5/0:00:01.5 (1.0), totSession cpu/real = 0:02:45.9/0:08:22.5 (0.3), mem = 3101.3M
Executing incremental physical updates
Executing incremental physical updates
End: Area Reclaim Optimization (cpu=0:00:02, real=0:00:02, mem=3100.33M, totSessionCpu=0:02:46).
GigaOpt Checkpoint: Internal reclaim -numThreads 1 -customPhyUpdate -noGCompAndPhase -force -svrReclaim -rtrShortNets -allowDegradingShortNetRemoval -postCTS -tgtSlackMult 2 -wtns -noRouteTypeResizePolish -noViewPrune -nativePathGroupFlow -SimpCCIn
Info: 2 nets with fixed/cover wires excluded.
Info: 1 ideal net excluded from IPO operation.
Info: 2 clock nets excluded from IPO operation.
Begin: Area Reclaim Optimization
#InfoCS: Num dontuse cells 14, Num usable cells 570, Num real usable cells 569
*** AreaOpt #2 [begin] (opt_design #1) : totSession cpu/real = 0:02:46.4/0:08:23.0 (0.3), mem = 3096.4M
Reclaim Optimization WNS Slack 0.083  TNS Slack 0.000 Density 70.33
+---------+---------+--------+--------+------------+--------+
| Density | Commits |  WNS   |  TNS   |    Real    |  Mem   |
+---------+---------+--------+--------+------------+--------+
|   70.33%|        -|   0.083|   0.000|   0:00:00.0| 3100.3M|
|   70.33%|        0|   0.083|   0.000|   0:00:00.0| 3101.0M|
|   70.33%|        0|   0.083|   0.000|   0:00:00.0| 3101.0M|
|   70.33%|        0|   0.083|   0.000|   0:00:00.0| 3101.0M|
|   70.33%|        0|   0.083|   0.000|   0:00:00.0| 3101.0M|
|   70.33%|        0|   0.083|   0.000|   0:00:00.0| 3101.0M|
+---------+---------+--------+--------+------------+--------+
Reclaim Optimization End WNS Slack 0.083  TNS Slack 0.000 Density 70.33
Bottom Preferred Layer:
+---------------+------------+----------+
|     Layer     |    CLK     |   Rule   |
+---------------+------------+----------+
| Metal3 (z=3)  |          2 | default  |
+---------------+------------+----------+
Via Pillar Rule:
    None

Number of times islegalLocAvaiable called = 0 skipped = 0, called in commitmove = 0, skipped in commitmove = 0
End: Core Area Reclaim Optimization (cpu = 0:00:01.5) (real = 0:00:02.0) **
*** Starting place_detail (0:02:48 mem=3102.1M) ***
Total net bbox length = 4.485e+02 (2.593e+02 1.892e+02) (ext = 2.909e+02)
Move report: Detail placement moved 0 insts, mean move: 0.00 um, max move: 0.00 um 
	Runtime: CPU: 0:00:00.0 REAL: 0:00:00.0 MEM: 3101.4MB
Summary Report:
Instances moved: 0 (out of 17 movable)
Instances flipped: 0
Mean displacement: 0.00 um
Max displacement: 0.00 um 
Physical-only instances moved: 0 (out of 0 movable physical-only)
Total net bbox length = 4.485e+02 (2.593e+02 1.892e+02) (ext = 2.909e+02)
Runtime: CPU: 0:00:00.0 REAL: 0:00:00.0 MEM: 3101.4MB
*** Finished place_detail (0:02:48 mem=3101.4M) ***
*** maximum move = 0.00 um ***
*** Finished re-routing un-routed nets (3101.4M) ***

*** Finish Physical Update (cpu=0:00:00.1 real=0:00:00.0 mem=3101.4M) ***
*** AreaOpt #2 [finish] (opt_design #1) : cpu/real = 0:00:01.7/0:00:01.7 (1.0), totSession cpu/real = 0:02:48.0/0:08:24.6 (0.3), mem = 3101.4M
End: Area Reclaim Optimization (cpu=0:00:02, real=0:00:02, mem=3100.63M, totSessionCpu=0:02:48).
*** LocalWireReclaim #1 [begin] (opt_design #1) : totSession cpu/real = 0:02:48.4/0:08:25.0 (0.3), mem = 3100.6M
Starting local wire reclaim
*** Starting place_detail (0:02:48 mem=3100.6M) ***
**WARN: (IMPSP-12502):	Slack driven placement is disabled because either timing libraries or timing constraint files are not provided.
**WARN: AAE based timing driven is off.
Call icdpEval cleanup ...
Move report: Detail placement moved 3 insts, mean move: 0.20 um, max move: 0.20 um 
	Max move on inst (g592__2398): (12.40, 11.21) --> (12.60, 11.21)
	Runtime: CPU: 0:00:00.1 REAL: 0:00:00.0 MEM: 3099.9MB
Summary Report:
Instances moved: 3 (out of 17 movable)
Instances flipped: 0
Mean displacement: 0.20 um
Max displacement: 0.20 um (Instance: g592__2398) (12.4, 11.21) -> (12.6, 11.21)
	Length: 15 sites, height: 1 rows, site name: CoreSite, cell type: ADDFX1
Physical-only instances moved: 0 (out of 0 movable physical-only)
Runtime: CPU: 0:00:00.1 REAL: 0:00:00.0 MEM: 3099.9MB
*** Finished place_detail (0:02:49 mem=3099.9M) ***
*** LocalWireReclaim #1 [finish] (opt_design #1) : cpu/real = 0:00:00.1/0:00:00.1 (0.9), totSession cpu/real = 0:02:48.5/0:08:25.1 (0.3), mem = 3099.9M
AAE_INFO: opIsDesignInPostRouteState() is 0
#################################################################################
# Design Stage: PreRoute
# Design Name: somador
# Design Mode: 45nm
# Analysis Mode: MMMC Non-OCV 
# Parasitics Mode: No SPEF/RCDB 
# Signoff Settings: SI Off 
#################################################################################
Calculate delays in BcWc mode...
Start delay calculation (fullDC) (1 T). (MEM=3109.37)
Total number of fetched objects 45
AAE_INFO: Total number of nets for which stage creation was skipped for all views 0
End delay calculation. (MEM=3113.38 CPU=0:00:00.0 REAL=0:00:00.0)
End delay calculation (fullDC). (MEM=3113.38 CPU=0:00:00.1 REAL=0:00:00.0)
eGR doReRoute: optGuide
[NR-eGR] Early global route reroute all routable nets
[NR-eGR] Track table information for default rule: 
[NR-eGR] Metal1 has single uniform track structure
[NR-eGR] Metal2 has single uniform track structure
[NR-eGR] Metal3 has single uniform track structure
[NR-eGR] Metal4 has single uniform track structure
[NR-eGR] Metal5 has single uniform track structure
[NR-eGR] Metal6 has single uniform track structure
[NR-eGR] Metal7 has single uniform track structure
[NR-eGR] Metal8 has single uniform track structure
[NR-eGR] Metal9 has single uniform track structure
[NR-eGR] Metal10 has single uniform track structure
[NR-eGR] Metal11 has single uniform track structure
[NR-eGR] Read 703 PG shapes
[NR-eGR] Read 0 clock shapes
[NR-eGR] Read 0 other shapes
[NR-eGR] #Routing Blockages  : 0
[NR-eGR] #Bump Blockages     : 0
[NR-eGR] #Instance Blockages : 0
[NR-eGR] #PG Blockages       : 703
[NR-eGR] #Halo Blockages     : 0
[NR-eGR] #Boundary Blockages : 0
[NR-eGR] #Clock Blockages    : 0
[NR-eGR] #Other Blockages    : 0
[NR-eGR] #prerouted nets         : 2
[NR-eGR] #prerouted special nets : 0
[NR-eGR] #prerouted wires        : 27
[NR-eGR] Read 45 nets ( ignored 2 )
[NR-eGR] Handle net priority by net group ordering
[NR-eGR] == Routing rule table ==
[NR-eGR]  ID  Name       #Nets 
[NR-eGR] ----------------------
[NR-eGR]   0  (Default)     43 
[NR-eGR] Layer group 1: route 43 net(s) in layer range [2, 11]
[NR-eGR] Early Global Route overflow of layer group 1: 0.00% H + 0.00% V. EstWL: 4.138200e+02um
[NR-eGR] Congestion Analysis By layer: (blocked Gcells are excluded) 
[NR-eGR]                        OverCon            
[NR-eGR]                         #Gcell     %Gcell
[NR-eGR]        Layer             (1-0)    OverCon
[NR-eGR] ----------------------------------------------
[NR-eGR]  Metal1 ( 1)         0( 0.00%)   ( 0.00%) 
[NR-eGR]  Metal2 ( 2)         0( 0.00%)   ( 0.00%) 
[NR-eGR]  Metal3 ( 3)         0( 0.00%)   ( 0.00%) 
[NR-eGR]  Metal4 ( 4)         0( 0.00%)   ( 0.00%) 
[NR-eGR]  Metal5 ( 5)         0( 0.00%)   ( 0.00%) 
[NR-eGR]  Metal6 ( 6)         0( 0.00%)   ( 0.00%) 
[NR-eGR]  Metal7 ( 7)         0( 0.00%)   ( 0.00%) 
[NR-eGR]  Metal8 ( 8)         0( 0.00%)   ( 0.00%) 
[NR-eGR]  Metal9 ( 9)         0( 0.00%)   ( 0.00%) 
[NR-eGR] Metal10 (10)         0( 0.00%)   ( 0.00%) 
[NR-eGR] Metal11 (11)         0( 0.00%)   ( 0.00%) 
[NR-eGR] ----------------------------------------------
[NR-eGR]        Total         0( 0.00%)   ( 0.00%) 
[NR-eGR] 
[NR-eGR] Overflow after Early Global Route 0.00% H + 0.00% V
[NR-eGR] Connected 0 must-join pins/ports (post-process)
[NR-eGR] Total eGR-routed clock nets wire length: 0um, number of vias: 0
[NR-eGR] --------------------------------------------------------------------------
[NR-eGR]                  Length (um)  Vias 
[NR-eGR] -----------------------------------
[NR-eGR]  Metal1   (1H)             0   106 
[NR-eGR]  Metal2   (2V)           189   131 
[NR-eGR]  Metal3   (3H)           268    10 
[NR-eGR]  Metal4   (4V)            20     0 
[NR-eGR]  Metal5   (5H)             0     0 
[NR-eGR]  Metal6   (6V)             0     0 
[NR-eGR]  Metal7   (7H)             0     0 
[NR-eGR]  Metal8   (8V)             0     0 
[NR-eGR]  Metal9   (9H)             0     0 
[NR-eGR]  Metal10  (10V)            0     0 
[NR-eGR]  Metal11  (11H)            0     0 
[NR-eGR] -----------------------------------
[NR-eGR]           Total          477   247 
[NR-eGR] --------------------------------------------------------------------------
[NR-eGR] Total half perimeter of net bounding box: 448um
[NR-eGR] Total length: 477um, number of vias: 247
[NR-eGR] --------------------------------------------------------------------------
[NR-eGR] Finished Early Global Route kernel ( CPU: 0.16 sec, Real: 3.45 sec, Curr Mem: 2840.64 MB )
[NR-eGR] Finished Early Global Route ( CPU: 0.17 sec, Real: 3.46 sec, Curr Mem: 2840.64 MB )
Extraction called for design 'somador' of instances=18 and nets=47 using extraction engine 'pre_route' .
pre_route RC Extraction called for design somador.
RC Extraction called in multi-corner(2) mode.
RCMode: PreRoute
      RC Corner Indexes            0       1   
Capacitance Scaling Factor   : 1.00000 1.00000 
Resistance Scaling Factor    : 1.00000 1.00000 
Clock Cap. Scaling Factor    : 1.00000 1.00000 
Clock Res. Scaling Factor    : 1.00000 1.00000 
Shrink Factor                : 1.00000
PreRoute extraction is honoring NDR/Shielding/ExtraSpace for clock nets.
Using capacitance table file ...
Updating RC Grid density data for preRoute extraction ...
Initializing multi-corner resistance tables ...
PreRoute RC Extraction DONE (CPU Time: 0:00:00.0  Real Time: 0:00:00.0  MEM: 3071.148M)
Compute RC Scale Done ...
[hotspot] +------------+---------------+---------------+
[hotspot] |            |   max hotspot | total hotspot |
[hotspot] +------------+---------------+---------------+
[hotspot] | normalized |          0.00 |          0.00 |
[hotspot] +------------+---------------+---------------+
Local HotSpot Analysis: normalized max congestion hotspot area = 0.00, normalized total congestion hotspot area = 0.00 (area is in unit of 4 std-cell row bins)
GigaOpt Checkpoint: Internal congRefineRouteType -postCTS -resetVeryShortNets -rescheduleForAdherence  
Begin: GigaOpt Route Type Constraints Refinement
*** CongRefineRouteType #2 [begin] (opt_design #1) : totSession cpu/real = 0:02:50.0/0:08:29.9 (0.3), mem = 3071.2M
Updated routing constraints on 0 nets.
Bottom Preferred Layer:
+---------------+------------+----------+
|     Layer     |    CLK     |   Rule   |
+---------------+------------+----------+
| Metal3 (z=3)  |          2 | default  |
+---------------+------------+----------+
Via Pillar Rule:
    None
*** CongRefineRouteType #2 [finish] (opt_design #1) : cpu/real = 0:00:00.0/0:00:00.0 (2.2), totSession cpu/real = 0:02:50.0/0:08:29.9 (0.3), mem = 3071.2M
End: GigaOpt Route Type Constraints Refinement
skip EGR on cluster skew clock nets.
Starting delay calculation for Setup views
AAE_INFO: opIsDesignInPostRouteState() is 0
#################################################################################
# Design Stage: PreRoute
# Design Name: somador
# Design Mode: 45nm
# Analysis Mode: MMMC Non-OCV 
# Parasitics Mode: No SPEF/RCDB 
# Signoff Settings: SI Off 
#################################################################################
Calculate delays in BcWc mode...
Start delay calculation (fullDC) (1 T). (MEM=3108.32)
Total number of fetched objects 45
AAE_INFO: Total number of nets for which stage creation was skipped for all views 0
End delay calculation. (MEM=3112.11 CPU=0:00:00.1 REAL=0:00:00.0)
End delay calculation (fullDC). (MEM=3112.11 CPU=0:00:00.1 REAL=0:00:00.0)
*** Done Building Timing Graph (cpu=0:00:00.6 real=0:00:01.0 totSessionCpu=0:02:51 mem=3112.1M)
Begin: GigaOpt postEco DRV Optimization
GigaOpt Checkpoint: Internal optDRV -inPostEcoStage -smallScaleFixing -maxIter 3 -max_tran -max_cap -maxLocalDensity 0.98 -numThreads 1 -preRouteDontEndWithRefinePlaceIncrSteinerRouteDC -setupTNSCostFactor 1.0 -postCTS
*** DrvOpt #2 [begin] (opt_design #1) : totSession cpu/real = 0:02:50.9/0:08:30.8 (0.3), mem = 3112.1M
Info: 2 nets with fixed/cover wires excluded.
Info: 1 ideal net excluded from IPO operation.
Info: 2 clock nets excluded from IPO operation.
#InfoCS: Num dontuse cells 14, Num usable cells 570, Num real usable cells 569
+-------------------------------------------------------------------------------------------------------------------------------------------------------+
|        max-tran       |        max-cap        |  max-fanout |  max-length |       setup       |        |        |        |       |          |         |
+-------------------------------------------------------------------------------------------------------------------------------------------------------+
| nets | terms|  wViol  | nets | terms|  wViol  | nets | terms| nets | terms|   WNS   |   TNS   |  #Buf  |  #Inv  | #Resize|Density|   Real   |   Mem   |
+-------------------------------------------------------------------------------------------------------------------------------------------------------+
|    17|    17|    -0.04|     0|     0|     0.00|     0|     0|     0|     0|     7.76|     0.00|       0|       0|       0| 70.33%|          |         |
|    17|    17|    -0.04|     0|     0|     0.00|     0|     0|     0|     0|     7.76|     0.00|       0|       0|       0| 70.33%| 0:00:00.0|  3111.5M|
+-------------------------------------------------------------------------------------------------------------------------------------------------------+
Bottom Preferred Layer:
+---------------+------------+----------+
|     Layer     |    CLK     |   Rule   |
+---------------+------------+----------+
| Metal3 (z=3)  |          2 | default  |
+---------------+------------+----------+
Via Pillar Rule:
    None


=======================================================================
                Reasons for remaining drv violations
=======================================================================
*info: Total 17 net(s) have violations which can't be fixed by DRV optimization.

MultiBuffering failure reasons
------------------------------------------------
*info:    17 net(s): Could not be fixed because the gain is not enough.

SingleBuffering failure reasons
------------------------------------------------
*info:    17 net(s): Could not be fixed because of the buffering solution introduces DRV degradation.


*** Finish DRV Fixing (cpu=0:00:00.3 real=0:00:00.0 mem=3111.5M) ***

*** DrvOpt #2 [finish] (opt_design #1) : cpu/real = 0:00:01.1/0:00:01.1 (1.0), totSession cpu/real = 0:02:52.0/0:08:31.9 (0.3), mem = 3102.0M
End: GigaOpt postEco DRV Optimization
**INFO: Skipping refine place as no non-legal commits were detected
Design TNS changes after trial route: 0.000 -> 0.000
GigaOpt: Skipping post-eco QFTNS optimization
#optDebug: fT-D <X 1 0 0 0>
Register exp ratio and priority group on 0 nets on 45 nets : 

Active setup views:
 analysis_normal_slow_max
  Dominating endpoints: 0
  Dominating TNS: -0.000

Extraction called for design 'somador' of instances=18 and nets=47 using extraction engine 'pre_route' .
pre_route RC Extraction called for design somador.
RC Extraction called in multi-corner(2) mode.
RCMode: PreRoute
      RC Corner Indexes            0       1   
Capacitance Scaling Factor   : 1.00000 1.00000 
Resistance Scaling Factor    : 1.00000 1.00000 
Clock Cap. Scaling Factor    : 1.00000 1.00000 
Clock Res. Scaling Factor    : 1.00000 1.00000 
Shrink Factor                : 1.00000
PreRoute extraction is honoring NDR/Shielding/ExtraSpace for clock nets.
Using capacitance table file ...
Updating RC Grid density data for preRoute extraction ...
Initializing multi-corner resistance tables ...
PreRoute RC Extraction DONE (CPU Time: 0:00:00.0  Real Time: 0:00:00.0  MEM: 3095.688M)
Starting delay calculation for Setup views
AAE_INFO: opIsDesignInPostRouteState() is 0
#################################################################################
# Design Stage: PreRoute
# Design Name: somador
# Design Mode: 45nm
# Analysis Mode: MMMC Non-OCV 
# Parasitics Mode: No SPEF/RCDB 
# Signoff Settings: SI Off 
#################################################################################
Calculate delays in BcWc mode...
Start delay calculation (fullDC) (1 T). (MEM=3113.21)
Total number of fetched objects 45
AAE_INFO: Total number of nets for which stage creation was skipped for all views 0
End delay calculation. (MEM=3114.52 CPU=0:00:00.0 REAL=0:00:00.0)
End delay calculation (fullDC). (MEM=3114.52 CPU=0:00:00.1 REAL=0:00:00.0)
*** Done Building Timing Graph (cpu=0:00:00.3 real=0:00:00.0 totSessionCpu=0:02:53 mem=3114.5M)
OPTC: user 20.0 (reset)
Reported timing to dir ./timingReports
**opt_design ... cpu = 0:00:20, real = 0:01:13, mem = 3105.2M, totSessionCpu=0:02:53 **

OptSummary:

------------------------------------------------------------------
     opt_design Final Summary
------------------------------------------------------------------

Setup views included:
 analysis_normal_slow_max 

+--------------------+---------+---------+---------+
|     Setup mode     |   all   | reg2reg | default |
+--------------------+---------+---------+---------+
|           WNS (ns):|  7.756  |   N/A   |  7.756  |
|           TNS (ns):|  0.000  |   N/A   |  0.000  |
|    Violating Paths:|    0    |   N/A   |    0    |
|          All Paths:|   27    |   N/A   |   27    |
+--------------------+---------+---------+---------+

+----------------+-------------------------------+------------------+
|                |              Real             |       Total      |
|    DRVs        +------------------+------------+------------------|
|                |  Nr nets(terms)  | Worst Vio  |  Nr nets(terms)  |
+----------------+------------------+------------+------------------+
|   max_cap      |      0 (0)       |   0.000    |      0 (0)       |
|   max_tran     |      0 (0)       |   0.000    |      0 (0)       |
|   max_fanout   |      0 (0)       |     0      |      0 (0)       |
|   max_length   |      0 (0)       |     0      |      0 (0)       |
+----------------+------------------+------------+------------------+

Density: 70.333%
Routing Overflow: 0.00% H and 0.00% V
------------------------------------------------------------------
Begin: Collecting metrics
 ------------------------------------------------------------------------------------------------------------------------------------------------------- 
| Snapshot                | WNS                  | TNS                  | Density (%) | Hotspot                   | Resource               | DRVs       |
|                         | HEPG (ns) | ALL (ns) | HEPG (ns) | ALL (ns) |             | Max (bins) | Total (bins) | Real (s) | Memory (MB) | Tran | Cap |
|-------------------------+-----------+----------+-----------+----------+-------------+------------+--------------+----------+-------------+------+-----|
| initial_summary         |           |    7.756 |           |        0 |       70.33 |            |              | 0:00:00  |        3096 |    0 |   0 |
| route_type_refinement   |           |          |           |          |             |            |              | 0:00:00  |        3094 |      |     |
| simplify_netlist        |           |          |           |          |             |            |              | 0:00:02  |        3095 |      |     |
| excluded_clk_net_fixing |           |          |           |          |             |            |              | 0:00:00  |        3095 |      |     |
| global_opt              |           |    7.756 |           |        0 |       70.33 |            |              | 0:00:03  |        3099 |      |     |
| area_reclaiming         |     0.000 |    7.756 |         0 |        0 |       70.33 |            |              | 0:00:02  |        3100 |      |     |
| area_reclaiming_2       |     0.000 |    7.756 |         0 |        0 |       70.33 |            |              | 0:00:02  |        3101 |      |     |
| local_wire_reclaim      |           |          |           |          |             |            |              | 0:00:00  |        3100 |      |     |
| global_route            |           |          |           |          |             |       0.00 |         0.00 | 0:00:04  |        3071 |      |     |
| route_type_refinement_2 |           |          |           |          |             |            |              | 0:00:00  |        3071 |      |     |
| drv_eco_fixing          |     0.000 |    7.756 |         0 |        0 |       70.33 |            |              | 0:00:01  |        3102 |   17 |   0 |
| legalization            |           |          |           |          |             |            |              | 0:00:01  |        3102 |      |     |
| final_summary           |           |    7.756 |           |        0 |       70.33 |            |              | 0:00:03  |        3101 |    0 |   0 |
 ------------------------------------------------------------------------------------------------------------------------------------------------------- 
End: Collecting metrics
**opt_design ... cpu = 0:00:21, real = 0:01:17, mem = 3101.1M, totSessionCpu=0:02:54 **
*** Finished opt_design ***
      flow.cputime  flow.realtime  timing.setup.tns  timing.setup.wns  snapshot
UM:*                                                                   final
      flow.cputime  flow.realtime  timing.setup.tns  timing.setup.wns  snapshot
UM:*                                                                   opt_design_postcts
Info: final physical memory for 2 CRR processes is 1072.97MB.
Info: Summary of CRR changes:
      - Timing transform commits:       0
Info: Destroy the CCOpt slew target map.

*** Summary of all messages that are not suppressed in this session:
Severity  ID               Count  Summary                                  
WARNING   IMPSP-12502          1  Slack driven placement is disabled becau...
*** Message Summary: 1 warning(s), 0 error(s)

*** opt_design #1 [finish] () : cpu/real = 0:00:21.8/0:01:34.9 (0.2), totSession cpu/real = 0:02:54.7/0:08:55.0 (0.3), mem = 3101.1M
@@file 131: opt_design -post_cts -hold
**opt_design ... cpu = 0:00:00, real = 0:00:00, mem = 2992.9M, totSessionCpu=0:02:55 **
*** opt_design #2 [begin] () : totSession cpu/real = 0:02:54.7/0:08:55.0 (0.3), mem = 2992.9M
GigaOpt running with 1 threads.
*** InitOpt #1 [begin] (opt_design #2) : totSession cpu/real = 0:02:54.7/0:08:55.0 (0.3), mem = 2992.9M
**INFO: User settings:
delaycal_enable_high_fanout                                    true
delaycal_enable_ideal_seq_async_pins                           false
delaycal_eng_enablepreplacedflow                               false
delaycal_ignore_net_load                                       false
delaycal_socv_accuracy_mode                                    low
setAnalysisMode -skew                                          true
setDelayCalMode -engine                                        aae
design_process_node                                            45
design_top_routing_layer                                       11
extract_rc_coupling_cap_threshold                              0.1
extract_rc_engine                                              pre_route
extract_rc_relative_cap_threshold                              1.0
extract_rc_total_cap_threshold                                 0.0
opt_drv                                                        true
opt_drv_fix_max_cap                                            true
opt_drv_fix_max_tran                                           true
opt_drv_margin                                                 0.0
opt_fix_fanout_load                                            false
opt_preserve_all_sequential                                    false
opt_resize_flip_flops                                          true
opt_setup_target_slack                                         0.0
opt_skew_eco_route                                             false
opt_view_pruning_setup_views_active_list                       { analysis_normal_slow_max }
opt_view_pruning_setup_views_persistent_list                   { analysis_normal_slow_max}
opt_view_pruning_tdgr_setup_views_persistent_list              { analysis_normal_slow_max}
route_early_global_exp_do_not_invalidate_rc_grid               false
getAnalysisMode -skew                                          true
getDelayCalMode -engine                                        aae
get_power_analysis_mode -report_power_quiet                    false
getAnalysisMode -skew                                          true
**INFO: set_db design_flow_effort standard -> setting 'set_db opt_all_end_points true' for the duration of this command.
Need call spDPlaceInit before registerPrioInstLoc.
**opt_design ... cpu = 0:00:03, real = 0:00:03, mem = 3103.2M, totSessionCpu=0:02:58 **
#optDebug: { P: 45 W: 8195 FE: standard PE: none LDR: 1}
*** opt_design -post_cts ***
DRC Margin: user margin 0.0
Hold Target Slack: user slack 0
Setup Target Slack: user slack 0;
set_db opt_skew_eco_route false
**INFO: Using Advanced Metric Collection system.
Start to check current routing status for nets...
All nets are already routed correctly.
End to check current routing status for nets (mem=3099.1M)
Compute RC Scale Done ...
*** InitOpt #1 [finish] (opt_design #2) : cpu/real = 0:00:04.9/0:00:04.9 (1.0), totSession cpu/real = 0:02:59.6/0:08:59.9 (0.3), mem = 3105.3M
HoldOpt: Enabling setup slack weighting
GigaOpt Hold Optimizer is used
GigaOpt Checkpoint: Internal optHold -postCts -maxLocalDensity 1.0 -numThreads 1 -nativePathGroupFlow -viewPruneEffortLevel 1
Starting initialization (fixHold) cpu=0:00:00.0 real=0:00:00.0 totSessionCpu=0:03:01 mem=3106.0M ***
*** BuildHoldData #1 [begin] (opt_design #2) : totSession cpu/real = 0:03:01.1/0:09:01.4 (0.3), mem = 3106.0M
Saving timing graph ...
Done save timing graph
Starting delay calculation for Hold views
AAE_INFO: opIsDesignInPostRouteState() is 0
#################################################################################
# Design Stage: PreRoute
# Design Name: somador
# Design Mode: 45nm
# Analysis Mode: MMMC Non-OCV 
# Parasitics Mode: No SPEF/RCDB 
# Signoff Settings: SI Off 
#################################################################################
Calculate delays in BcWc mode...
Start delay calculation (fullDC) (1 T). (MEM=3149.77)
*** Calculating scaling factor for fast libraries using the default operating condition of each library.
Total number of fetched objects 45
AAE_INFO: Total number of nets for which stage creation was skipped for all views 0
End delay calculation. (MEM=3151.06 CPU=0:00:00.1 REAL=0:00:00.0)
End delay calculation (fullDC). (MEM=3151.06 CPU=0:00:00.1 REAL=0:00:00.0)
*** Done Building Timing Graph (cpu=0:00:00.2 real=0:00:00.0 totSessionCpu=0:03:02 mem=3151.1M)

Active hold views:
 analysis_normal_fast_min
  Dominating endpoints: 0
  Dominating TNS: -0.000

Done building cte hold timing graph (fixHold) cpu=0:00:00.8 real=0:00:00.0 totSessionCpu=0:03:02 mem=3151.8M ***
Done building hold timer [19 node(s), 18 edge(s), 1 view(s)] (fixHold) cpu=0:00:02.2 real=0:00:02.0 totSessionCpu=0:03:03 mem=3156.5M ***
Restoring timing graph ...
AAE_INFO: Resetting and re-constructing cache for AAE clocks ...
Done restore timing graph
Done building cte setup timing graph (fixHold) cpu=0:00:03.2 real=0:00:03.0 totSessionCpu=0:03:04 mem=3309.9M ***
OPTC: m4 20.0 50.0 [ 500.0 20.0 50.0 ]
OPTC: view 50.0:500.0 [ 0.0500 ]

*Info: minBufDelay = 66.8 ps, libStdDelay = 37.8 ps, minBufSize = 6840000 (5.0)
*Info: worst delay setup view: analysis_normal_slow_max

OptSummary:

------------------------------------------------------------------
     Hold Opt Initial Summary
------------------------------------------------------------------

Setup views included:
 analysis_normal_slow_max
Hold views included:
 analysis_normal_fast_min

+--------------------+---------+---------+---------+
|     Setup mode     |   all   | reg2reg | default |
+--------------------+---------+---------+---------+
|           WNS (ns):|  7.756  |   N/A   |  7.756  |
|           TNS (ns):|  0.000  |   N/A   |  0.000  |
|    Violating Paths:|    0    |   N/A   |    0    |
|          All Paths:|   27    |   N/A   |   27    |
+--------------------+---------+---------+---------+

+--------------------+---------+---------+---------+
|     Hold mode      |   all   | reg2reg | default |
+--------------------+---------+---------+---------+
|           WNS (ns):|  0.230  |   N/A   |  0.230  |
|           TNS (ns):|  0.000  |   N/A   |  0.000  |
|    Violating Paths:|    0    |   N/A   |    0    |
|          All Paths:|   27    |   N/A   |   27    |
+--------------------+---------+---------+---------+

+----------------+-------------------------------+------------------+
|                |              Real             |       Total      |
|    DRVs        +------------------+------------+------------------|
|                |  Nr nets(terms)  | Worst Vio  |  Nr nets(terms)  |
+----------------+------------------+------------+------------------+
|   max_cap      |      0 (0)       |   0.000    |      0 (0)       |
|   max_tran     |      0 (0)       |   0.000    |      0 (0)       |
|   max_fanout   |      0 (0)       |     0      |      0 (0)       |
|   max_length   |      0 (0)       |     0      |      0 (0)       |
+----------------+------------------+------------+------------------+

Density: 70.333%
------------------------------------------------------------------
**INFO: Optimization is fixing the slack violation with the following view based weighting factors
slack weights for setup views:
    analysis_normal_slow_max: 1.000
**opt_design ... cpu = 0:00:12, real = 0:00:12, mem = 3104.4M, totSessionCpu=0:03:06 **
*** BuildHoldData #1 [finish] (opt_design #2) : cpu/real = 0:00:05.5/0:00:05.6 (1.0), totSession cpu/real = 0:03:06.6/0:09:07.0 (0.3), mem = 3104.4M
*** HoldOpt #1 [begin] (opt_design #2) : totSession cpu/real = 0:03:06.6/0:09:07.0 (0.3), mem = 3104.4M
*info: Run opt_design holdfix with 1 thread.
Info: 2 nets with fixed/cover wires excluded.
Info: 1 ideal net excluded from IPO operation.
Info: 2 clock nets excluded from IPO operation.
*** Hold timing is met. Hold fixing is not needed 
**INFO: total 0 insts, 0 nets marked don't touch
**INFO: total 0 insts, 0 nets marked don't touch DB property
**INFO: total 0 insts, 0 nets unmarked don't touch
*** HoldOpt #1 [finish] (opt_design #2) : cpu/real = 0:00:00.9/0:00:01.0 (1.0), totSession cpu/real = 0:03:07.6/0:09:07.9 (0.3), mem = 3106.3M

Active setup views:
 analysis_normal_slow_max
  Dominating endpoints: 0
  Dominating TNS: -0.000

OPTC: user 20.0 (reset)
OPTC: user 20.0
Reported timing to dir ./timingReports
**opt_design ... cpu = 0:00:13, real = 0:00:13, mem = 3108.4M, totSessionCpu=0:03:08 **
Saving timing graph ...
Done save timing graph
Starting delay calculation for Hold views
AAE_INFO: opIsDesignInPostRouteState() is 0
#################################################################################
# Design Stage: PreRoute
# Design Name: somador
# Design Mode: 45nm
# Analysis Mode: MMMC Non-OCV 
# Parasitics Mode: No SPEF/RCDB 
# Signoff Settings: SI Off 
#################################################################################
Calculate delays in BcWc mode...
Start delay calculation (fullDC) (1 T). (MEM=3140.06)
*** Calculating scaling factor for fast libraries using the default operating condition of each library.
Total number of fetched objects 45
AAE_INFO: Total number of nets for which stage creation was skipped for all views 0
End delay calculation. (MEM=3143.28 CPU=0:00:00.0 REAL=0:00:00.0)
End delay calculation (fullDC). (MEM=3143.28 CPU=0:00:00.1 REAL=0:00:00.0)
*** Done Building Timing Graph (cpu=0:00:00.5 real=0:00:00.0 totSessionCpu=0:03:09 mem=3143.3M)
Restoring timing graph ...
AAE_INFO: Resetting and re-constructing cache for AAE clocks ...
Done restore timing graph

OptSummary:

------------------------------------------------------------------
     opt_design Final Summary
------------------------------------------------------------------

Setup views included:
 analysis_normal_slow_max 
Hold views included:
 analysis_normal_fast_min

+--------------------+---------+---------+---------+
|     Setup mode     |   all   | reg2reg | default |
+--------------------+---------+---------+---------+
|           WNS (ns):|  7.756  |   N/A   |  7.756  |
|           TNS (ns):|  0.000  |   N/A   |  0.000  |
|    Violating Paths:|    0    |   N/A   |    0    |
|          All Paths:|   27    |   N/A   |   27    |
+--------------------+---------+---------+---------+

+--------------------+---------+---------+---------+
|     Hold mode      |   all   | reg2reg | default |
+--------------------+---------+---------+---------+
|           WNS (ns):|  0.230  |   N/A   |  0.230  |
|           TNS (ns):|  0.000  |   N/A   |  0.000  |
|    Violating Paths:|    0    |   N/A   |    0    |
|          All Paths:|   27    |   N/A   |   27    |
+--------------------+---------+---------+---------+

+----------------+-------------------------------+------------------+
|                |              Real             |       Total      |
|    DRVs        +------------------+------------+------------------|
|                |  Nr nets(terms)  | Worst Vio  |  Nr nets(terms)  |
+----------------+------------------+------------+------------------+
|   max_cap      |      0 (0)       |   0.000    |      0 (0)       |
|   max_tran     |      0 (0)       |   0.000    |      0 (0)       |
|   max_fanout   |      0 (0)       |     0      |      0 (0)       |
|   max_length   |      0 (0)       |     0      |      0 (0)       |
+----------------+------------------+------------+------------------+

Density: 70.333%
Routing Overflow: 0.00% H and 0.00% V
------------------------------------------------------------------
Begin: Collecting metrics
 ----------------------------------------------------------------------------------- 
| Snapshot        | WNS   | TNS | Density (%) | Resource               | DRVs       |
|                 | ALL (ns)    |             | Real (s) | Memory (MB) | Tran | Cap |
|-----------------+-------+-----+-------------+----------+-------------+------+-----|
| initial_summary | 7.756 |   0 |       70.33 | 0:00:05  |        3104 |    0 |   0 |
| hold_fixing     |       |     |             | 0:00:01  |        3106 |      |     |
| final_summary   | 7.756 |   0 |       70.33 | 0:00:05  |        3092 |    0 |   0 |
 ----------------------------------------------------------------------------------- 
End: Collecting metrics
**opt_design ... cpu = 0:00:16, real = 0:00:18, mem = 3091.6M, totSessionCpu=0:03:10 **
*** Finished opt_design ***
      flow.cputime  flow.realtime  timing.setup.tns  timing.setup.wns  snapshot
UM:*                                                                   final
      flow.cputime  flow.realtime  timing.setup.tns  timing.setup.wns  snapshot
UM:*                                                                   opt_design_postcts_hold
Info: Summary of CRR changes:
      - Timing transform commits:       0
Info: Destroy the CCOpt slew target map.
*** Message Summary: 0 warning(s), 0 error(s)

*** opt_design #2 [finish] () : cpu/real = 0:00:16.1/0:00:18.7 (0.9), totSession cpu/real = 0:03:10.9/0:09:13.7 (0.3), mem = 3091.9M
@file 132:
@file 133: #-----------------------------------------------------------------------------
@file 134: # Routing & Post-Route Timing
@file 135: #-----------------------------------------------------------------------------
@@file 136: route_design
#% Begin route_design (date=05/04 12:49:09, mem=2987.8M)
#route_design: cpu time = 00:00:00, elapsed time = 00:00:00, memory = 2987.85 (MB), peak = 3318.78 (MB)
AAE_INFO: Pre Route call back at the beginning of routeDesign
#**INFO: setDesignMode -flowEffort standard
#**INFO: setDesignMode -powerEffort none
**INFO: User settings:
delaycal_enable_high_fanout                           true
delaycal_enable_ideal_seq_async_pins                  false
delaycal_eng_enablepreplacedflow                      false
delaycal_ignore_net_load                              false
delaycal_socv_accuracy_mode                           low
setAnalysisMode -skew                                 true
setDelayCalMode -engine                               aae
design_process_node                                   45
design_top_routing_layer                              11
extract_rc_coupling_cap_threshold                     0.1
extract_rc_engine                                     pre_route
extract_rc_relative_cap_threshold                     1.0
extract_rc_total_cap_threshold                        0.0
extract_qrc_n2p_accuracy_enhancement                  true
route_exp_design_mode_top_routing_layer               11
route_extract_third_party_compatible                  false
route_global_exp_timing_driven_std_delay              41.6
route_route_side                                      front
getAnalysisMode -skew                                 true
getDelayCalMode -engine                               aae
get_power_analysis_mode -report_power_quiet           false
getAnalysisMode -skew                                 true
#rc_worst has no qx tech file defined
#No active RC corner or QRC tech file is missing.
#**INFO: multi-cut via swapping will be performed after routing.
#**INFO: All auto set options tuned by route_design will be restored to their original settings on command completion.
Begin checking placement ... (start mem=2987.9M, init mem=2990.1M)
*info: Placed = 18             (Fixed = 1)
*info: Unplaced = 0           
Placement Density:70.33%(144/205)
Placement Density (including fixed std cells):70.33%(144/205)
Finished check_place (total: cpu=0:00:00.0, real=0:00:00.0; vio checks: cpu=0:00:00.0, real=0:00:00.0; mem=2990.2M)

changeUseClockNetStatus Option :  -ignoreSkipRoutingNets -noFixedNetWires 
*** Changed status on (2) nets in Clock.
*** End changeUseClockNetStatus (cpu=0:00:00.0, real=0:00:00.0, mem=2990.9M) ***
#Start route 2 clock and analog nets...

route_global_detail

#Start route_global_detail on Mon May  4 12:49:09 2026
#
Updating RC Grid density data for preRoute extraction ...
Initializing multi-corner resistance tables ...
#WARNING (NRIG-1303) The congestion map does not match the GCELL grid. Clearing the congestion map.
#NanoRoute Version 25.13-s088_1 NR260309-1855/25_13-UB
#Skip comparing routing design signature in db-snapshot flow
#Inside shield_view_init(), force=1, the_init_status=0
#The shielding rule is LEF_DEFAULT
#Turn off shielding eco because there is no existing shielding wire
#Total number of trivial nets (e.g. < 2 pins) = 2 (skipped).
#Total number of nets with skipped attribute = 43 (skipped).
#Total number of routable nets = 2.
#Total number of nets in the design = 47.
#2 routable nets have routed wires.
#43 skipped nets have only detail routed wires.
#2 detail routed (routable) nets have been constrained (e.g. have preferred extra spacing, require shielding etc.)
#No nets have been global routed.
#Start routing data preparation on Mon May  4 12:49:09 2026
#
#Rebuild pin access data for design.
#Initial pin access analysis.
#Detail pin access analysis.
#Done pin access analysis.
# Metal1       H   Track-Pitch = 0.19000    Line-2-Via Pitch = 0.13000
# Metal2       V   Track-Pitch = 0.20000    Line-2-Via Pitch = 0.15000
# Metal3       H   Track-Pitch = 0.19000    Line-2-Via Pitch = 0.15000
# Metal4       V   Track-Pitch = 0.20000    Line-2-Via Pitch = 0.15000
# Metal5       H   Track-Pitch = 0.19000    Line-2-Via Pitch = 0.15000
# Metal6       V   Track-Pitch = 0.20000    Line-2-Via Pitch = 0.15000
# Metal7       H   Track-Pitch = 0.19000    Line-2-Via Pitch = 0.15000
# Metal8       V   Track-Pitch = 0.20000    Line-2-Via Pitch = 0.15000
# Metal9       H   Track-Pitch = 0.19000    Line-2-Via Pitch = 0.15000
# Metal10      V   Track-Pitch = 0.50000    Line-2-Via Pitch = 0.42000
# Metal11      H   Track-Pitch = 0.47500    Line-2-Via Pitch = 0.43000
#shield_layer  1: layer_id= 6 shield_wire_on_grid=0 shield_via_on_grid=0 is_hard_wire_on_grid=0 allow_ww=1
#shield_layer  2: layer_id= 8 shield_wire_on_grid=0 shield_via_on_grid=0 is_hard_wire_on_grid=0 allow_ww=1
#shield_layer  3: layer_id=10 shield_wire_on_grid=0 shield_via_on_grid=0 is_hard_wire_on_grid=0 allow_ww=1
#shield_layer  4: layer_id=12 shield_wire_on_grid=0 shield_via_on_grid=0 is_hard_wire_on_grid=0 allow_ww=1
#shield_layer  5: layer_id=14 shield_wire_on_grid=0 shield_via_on_grid=0 is_hard_wire_on_grid=0 allow_ww=1
#shield_layer  6: layer_id=16 shield_wire_on_grid=0 shield_via_on_grid=0 is_hard_wire_on_grid=0 allow_ww=1
#shield_layer  7: layer_id=18 shield_wire_on_grid=0 shield_via_on_grid=0 is_hard_wire_on_grid=0 allow_ww=1
#shield_layer  8: layer_id=20 shield_wire_on_grid=0 shield_via_on_grid=0 is_hard_wire_on_grid=0 allow_ww=1
#shield_layer  9: layer_id=22 shield_wire_on_grid=0 shield_via_on_grid=0 is_hard_wire_on_grid=0 allow_ww=1
#shield_layer 10: layer_id=24 shield_wire_on_grid=0 shield_via_on_grid=0 is_hard_wire_on_grid=0 allow_ww=1
#shield_layer 11: layer_id=26 shield_wire_on_grid=0 shield_via_on_grid=0 is_hard_wire_on_grid=0 allow_ww=1
#Bottom routing layer index=1(Metal1), bottom routing layer for shielding=1(Metal1), bottom shield layer=1(Metal1) top shield layer=11(Metal11)
#shield_bottom_stripe_layer=1(Metal1), shield_top_stripe_layer=11(Metal11)
#pin_access_rlayer=2(Metal2) num_routing_layer=11 top_routing_layer=11 top_ripin_layer=11
#shield_top_dpt_rlayer=-1 top_rlayer=11 top_trim_metal_rlayer=-1 rlayer_lowest=1 bottom_rlayer=1
#enable_trim_layer_shield=F enable_dpt_layer_shield=F has_line_end_grid=F
#Regenerating Ggrids automatically.
#Auto generating G-grids with size=15 tracks, using layer Metal3's pitch = 0.19000.
#Using automatically generated G-grids.
#Done routing data preparation.
#cpu time = 00:00:04, elapsed time = 00:00:04, memory = 3018.38 (MB), peak = 3318.78 (MB)
#
#Finished routing data preparation on Mon May  4 12:49:13 2026
#
#Cpu time = 00:00:04
#Elapsed time = 00:00:04
#Increased memory = 25.85 (MB)
#Total memory = 3018.38 (MB)
#Peak memory = 3318.78 (MB)
#
#
#Start global routing on Mon May  4 12:49:13 2026
#
#
#Start global routing initialization on Mon May  4 12:49:13 2026
#
#WARNING (NRGR-22) Design is already detail routed.
#Routing data preparation, pin analysis, global routing and track assignment statistics:
#Cpu time = 00:00:04
#Elapsed time = 00:00:04
#Increased memory = 25.85 (MB)
#Total memory = 3018.38 (MB)
#Peak memory = 3318.78 (MB)
#
#Start Detail Routing..
#start initial detail routing ...
# ECO: 100.00% of the total area was rechecked for DRC, and 0.00% required routing.
#   number of violations = 0
#5 out of 18 instances (27.8%) need to be verified(marked ipoed), dirty area = 7.2%.
#   number of violations = 0
#cpu time = 00:00:00, elapsed time = 00:00:00, memory = 3021.84 (MB), peak = 3318.78 (MB)
#Complete Detail Routing.
#Total number of nets with non-default rule or having extra spacing = 2
#
#  Routing Statistics
#
#----------------+-----------+-----+
#  Layer         | Length(um)| Vias|
#----------------+-----------+-----+
#  Poly ( 0H)    |          0|    0|
#  Metal1 ( 1H)  |          0|   12|
#  Metal2 ( 2V)  |          9|    9|
#  Metal3 ( 3H)  |         10|    8|
#  Metal4 ( 4V)  |         14|    0|
#  Metal5 ( 5H)  |          0|    0|
#  Metal6 ( 6V)  |          0|    0|
#  Metal7 ( 7H)  |          0|    0|
#  Metal8 ( 8V)  |          0|    0|
#  Metal9 ( 9H)  |          0|    0|
#  Metal10 (10V) |          0|    0|
#  Metal11 (11H) |          0|    0|
#----------------+-----------+-----+
#  Total         |         32|   29|
#----------------+-----------+-----+
#
# Total half perimeter of net bounding box: 24 um.
#Total number of DRC violations = 0
#Cpu time = 00:00:00
#Elapsed time = 00:00:00
#Increased memory = 3.26 (MB)
#Total memory = 3021.64 (MB)
#Peak memory = 3318.78 (MB)
#route_detail Statistics:
#Cpu time = 00:00:00
#Elapsed time = 00:00:00
#Increased memory = 3.26 (MB)
#Total memory = 3021.64 (MB)
#Peak memory = 3318.78 (MB)
#
#route_global_detail statistics:
#Cpu time = 00:00:04
#Elapsed time = 00:00:04
#Increased memory = 18.60 (MB)
#Total memory = 3009.48 (MB)
#Peak memory = 3318.78 (MB)
#Number of warnings = 2
#Total number of warnings = 2
#Number of fails = 0
#Total number of fails = 0
#Complete route_global_detail on Mon May  4 12:49:13 2026
#
#**INFO: auto set of droutePostRouteSwapVia to multiCut

route_global_detail

#Start route_global_detail on Mon May  4 12:49:13 2026
#
#Generating timing data, please wait...
#45 total nets, 2 already routed, 2 will ignore in trialRoute
#Dump tif for version 2.1
Total number of fetched objects 45
AAE_INFO: Total number of nets for which stage creation was skipped for all views 0
End delay calculation. (MEM=3019.71 CPU=0:00:00.0 REAL=0:00:00.0)

#Generating timing data took: cpu time = 00:00:01, elapsed time = 00:00:01, memory = 3011.70 (MB), peak = 3318.78 (MB)
#Done generating timing data.
#WARNING (NRIG-1303) The congestion map does not match the GCELL grid. Clearing the congestion map.
#Start reading timing information from file .timing_file_2052849_ffa19e4a-4daf-4323-938f-14f672f30153.tif.gz ...
#Read in timing information for 28 ports, 18 instances from timing file .timing_file_2052849_ffa19e4a-4daf-4323-938f-14f672f30153.tif.gz.
#NanoRoute Version 25.13-s088_1 NR260309-1855/25_13-UB
#Inside shield_view_init(), force=1, the_init_status=0
#The shielding rule is LEF_DEFAULT
#Turn off shielding eco because there is no existing shielding wire
#Total number of trivial nets (e.g. < 2 pins) = 2 (skipped).
#Total number of routable nets = 45.
#Total number of nets in the design = 47.
#43 routable nets do not have any wires.
#2 routable nets have routed wires.
#43 nets will be global routed.
#2 detail routed (routable) nets have been constrained (e.g. have preferred extra spacing, require shielding etc.)
#Start routing data preparation on Mon May  4 12:49:14 2026
#
#Initial pin access analysis.
#Detail pin access analysis.
#Done pin access analysis.
# Metal1       H   Track-Pitch = 0.19000    Line-2-Via Pitch = 0.13000
# Metal2       V   Track-Pitch = 0.20000    Line-2-Via Pitch = 0.15000
# Metal3       H   Track-Pitch = 0.19000    Line-2-Via Pitch = 0.15000
# Metal4       V   Track-Pitch = 0.20000    Line-2-Via Pitch = 0.15000
# Metal5       H   Track-Pitch = 0.19000    Line-2-Via Pitch = 0.15000
# Metal6       V   Track-Pitch = 0.20000    Line-2-Via Pitch = 0.15000
# Metal7       H   Track-Pitch = 0.19000    Line-2-Via Pitch = 0.15000
# Metal8       V   Track-Pitch = 0.20000    Line-2-Via Pitch = 0.15000
# Metal9       H   Track-Pitch = 0.19000    Line-2-Via Pitch = 0.15000
# Metal10      V   Track-Pitch = 0.50000    Line-2-Via Pitch = 0.42000
# Metal11      H   Track-Pitch = 0.47500    Line-2-Via Pitch = 0.43000
#shield_layer  1: layer_id= 6 shield_wire_on_grid=0 shield_via_on_grid=0 is_hard_wire_on_grid=0 allow_ww=1
#shield_layer  2: layer_id= 8 shield_wire_on_grid=0 shield_via_on_grid=0 is_hard_wire_on_grid=0 allow_ww=1
#shield_layer  3: layer_id=10 shield_wire_on_grid=0 shield_via_on_grid=0 is_hard_wire_on_grid=0 allow_ww=1
#shield_layer  4: layer_id=12 shield_wire_on_grid=0 shield_via_on_grid=0 is_hard_wire_on_grid=0 allow_ww=1
#shield_layer  5: layer_id=14 shield_wire_on_grid=0 shield_via_on_grid=0 is_hard_wire_on_grid=0 allow_ww=1
#shield_layer  6: layer_id=16 shield_wire_on_grid=0 shield_via_on_grid=0 is_hard_wire_on_grid=0 allow_ww=1
#shield_layer  7: layer_id=18 shield_wire_on_grid=0 shield_via_on_grid=0 is_hard_wire_on_grid=0 allow_ww=1
#shield_layer  8: layer_id=20 shield_wire_on_grid=0 shield_via_on_grid=0 is_hard_wire_on_grid=0 allow_ww=1
#shield_layer  9: layer_id=22 shield_wire_on_grid=0 shield_via_on_grid=0 is_hard_wire_on_grid=0 allow_ww=1
#shield_layer 10: layer_id=24 shield_wire_on_grid=0 shield_via_on_grid=0 is_hard_wire_on_grid=0 allow_ww=1
#shield_layer 11: layer_id=26 shield_wire_on_grid=0 shield_via_on_grid=0 is_hard_wire_on_grid=0 allow_ww=1
#Bottom routing layer index=1(Metal1), bottom routing layer for shielding=1(Metal1), bottom shield layer=1(Metal1) top shield layer=11(Metal11)
#shield_bottom_stripe_layer=1(Metal1), shield_top_stripe_layer=11(Metal11)
#pin_access_rlayer=2(Metal2) num_routing_layer=11 top_routing_layer=11 top_ripin_layer=11
#shield_top_dpt_rlayer=-1 top_rlayer=11 top_trim_metal_rlayer=-1 rlayer_lowest=1 bottom_rlayer=1
#enable_trim_layer_shield=F enable_dpt_layer_shield=F has_line_end_grid=F
#Regenerating Ggrids automatically.
#Auto generating G-grids with size=15 tracks, using layer Metal3's pitch = 0.19000.
#Using automatically generated G-grids.
#Done routing data preparation.
#cpu time = 00:00:03, elapsed time = 00:00:03, memory = 3028.50 (MB), peak = 3318.78 (MB)
#
#Finished routing data preparation on Mon May  4 12:49:17 2026
#
#Cpu time = 00:00:03
#Elapsed time = 00:00:03
#Increased memory = 16.14 (MB)
#Total memory = 3028.50 (MB)
#Peak memory = 3318.78 (MB)
#
#
#Start global routing on Mon May  4 12:49:17 2026
#
#
#Start global routing initialization on Mon May  4 12:49:17 2026
#
#Number of eco nets is 0
#
#Start global routing data preparation on Mon May  4 12:49:17 2026
#
#Start routing resource analysis on Mon May  4 12:49:17 2026
#
#Routing resource analysis is done on Mon May  4 12:49:17 2026
#
#  Resource Analysis:
#
#               Routing  #Avail      #Track     #Total     %Gcell
#  Layer      Direction   Track     Blocked      Gcell    Blocked
#  --------------------------------------------------------------
#  Metal1         H          39          61          49    36.73%
#  Metal2         V          78          23          49     0.00%
#  Metal3         H          85          15          49     0.00%
#  Metal4         V          79          22          49     0.00%
#  Metal5         H          87          13          49     0.00%
#  Metal6         V          67          34          49     0.00%
#  Metal7         H          87          13          49     0.00%
#  Metal8         V          80          21          49     0.00%
#  Metal9         H          82          18          49     0.00%
#  Metal10        V          28          11          49     0.00%
#  Metal11        H          30          10          49    14.29%
#  --------------------------------------------------------------
#  Total                    743      24.66%         539     4.64%
#
#  2 nets (4.26%) with 1 preferred extra spacing.
#
#
#
#Global routing data preparation is done on Mon May  4 12:49:17 2026
#
#cpu time = 00:00:00, elapsed time = 00:00:00, memory = 3028.62 (MB), peak = 3318.78 (MB)
#
#
#Global routing initialization is done on Mon May  4 12:49:17 2026
#
#cpu time = 00:00:00, elapsed time = 00:00:00, memory = 3028.62 (MB), peak = 3318.78 (MB)
#
#start global routing iteration 1...
#cpu time = 00:00:00, elapsed time = 00:00:00, memory = 3030.53 (MB), peak = 3318.78 (MB)
#
#start global routing iteration 2...
#cpu time = 00:00:00, elapsed time = 00:00:00, memory = 3030.53 (MB), peak = 3318.78 (MB)
#
#
#Total number of trivial nets (e.g. < 2 pins) = 2 (skipped).
#Total number of routable nets = 45.
#Total number of nets in the design = 47.
#
#45 routable nets have routed wires.
#2 detail routed (routable) nets have been constrained (e.g. have preferred extra spacing, require shielding etc.)
#
#Routed nets constraints summary:
#-----------------------------
#        Rules   Unconstrained  
#-----------------------------
#      Default              43  
#-----------------------------
#        Total              43  
#-----------------------------
#
#Routing constraints summary of the whole design:
#------------------------------------------------
#        Rules   Pref Extra Space   Unconstrained  
#------------------------------------------------
#      Default                  2              43  
#------------------------------------------------
#        Total                  2              43  
#------------------------------------------------
#
#
#  Congestion Analysis: (blocked Gcells are excluded)
#
#                 OverCon          
#                  #Gcell    %Gcell
#     Layer           (1)   OverCon  Flow/Cap
#  ----------------------------------------------
#  Metal1        0(0.00%)   (0.00%)     0.51  
#  Metal2        0(0.00%)   (0.00%)     0.39  
#  Metal3        0(0.00%)   (0.00%)     0.29  
#  Metal4        0(0.00%)   (0.00%)     0.22  
#  Metal5        0(0.00%)   (0.00%)     0.13  
#  Metal6        0(0.00%)   (0.00%)     0.34  
#  Metal7        0(0.00%)   (0.00%)     0.13  
#  Metal8        0(0.00%)   (0.00%)     0.20  
#  Metal9        0(0.00%)   (0.00%)     0.18  
#  Metal10       0(0.00%)   (0.00%)     0.15  
#  Metal11       0(0.00%)   (0.00%)     0.10  
#  ----------------------------------------------
#     Total      0(0.00%)   (0.00%)
#
#  The worst congested Gcell overcon (routing demand over resource in number of tracks) = 1
#  Overflow after GR: 0.00% H + 0.00% V
#
#Hotspot report including placement blocked areas
[hotspot] +----------------+-------------------+-------------------+-------------------------------------+
[hotspot] |      layer     |    max hotspot    |   total hotspot   |            hotspot bbox             |
[hotspot] +----------------+-------------------+-------------------+-------------------------------------+
[hotspot] |   Metal1(H)    |              0.00 |              0.00 |   (none)                            |
[hotspot] |   Metal2(V)    |              0.00 |              0.00 |   (none)                            |
[hotspot] |   Metal3(H)    |              0.00 |              0.00 |   (none)                            |
[hotspot] |   Metal4(V)    |              0.00 |              0.00 |   (none)                            |
[hotspot] |   Metal5(H)    |              0.00 |              0.00 |   (none)                            |
[hotspot] |   Metal6(V)    |              0.00 |              0.00 |   (none)                            |
[hotspot] |   Metal7(H)    |              0.00 |              0.00 |   (none)                            |
[hotspot] |   Metal8(V)    |              0.00 |              0.00 |   (none)                            |
[hotspot] |   Metal9(H)    |              0.00 |              0.00 |   (none)                            |
[hotspot] |  Metal10(V)    |              0.00 |              0.00 |   (none)                            |
[hotspot] |  Metal11(H)    |              0.00 |              0.00 |   (none)                            |
[hotspot] +----------------+-------------------+-------------------+-------------------------------------+
[hotspot] |      worst     |              0.00 |              0.00 |                                     |
[hotspot] +----------------+-------------------+-------------------+-------------------------------------+
[hotspot] |   all layers   |              0.00 |              0.00 |                                     |
[hotspot] +----------------+-------------------+-------------------+-------------------------------------+
Local HotSpot Analysis (blockage included) (3d): normalized congestion max/total hotspot area = 0.00/0.00 (area is in unit of 4 std-cell row bins)
#Complete Global Routing.
#Total number of nets with non-default rule or having extra spacing = 2
#
#  Routing Statistics
#
#----------------+-----------+-----+
#  Layer         | Length(um)| Vias|
#----------------+-----------+-----+
#  Poly ( 0H)    |          0|    0|
#  Metal1 ( 1H)  |          6|  111|
#  Metal2 ( 2V)  |        167|   76|
#  Metal3 ( 3H)  |        208|    8|
#  Metal4 ( 4V)  |         14|    0|
#  Metal5 ( 5H)  |          0|    0|
#  Metal6 ( 6V)  |          0|    0|
#  Metal7 ( 7H)  |          0|    0|
#  Metal8 ( 8V)  |          0|    0|
#  Metal9 ( 9H)  |          0|    0|
#  Metal10 (10V) |          0|    0|
#  Metal11 (11H) |          0|    0|
#----------------+-----------+-----+
#  Total         |        394|  195|
#----------------+-----------+-----+
#
# Total half perimeter of net bounding box: 495 um.
#Max overcon = 0 track.
#Total overcon = 0.00%.
#Worst layer Gcell overcon rate = 0.00%.
#
#Global routing statistics:
#Cpu time = 00:00:00
#Elapsed time = 00:00:00
#Increased memory = 2.87 (MB)
#Total memory = 3031.37 (MB)
#Peak memory = 3318.78 (MB)
#
#Finished global routing on Mon May  4 12:49:17 2026
#
#
#cpu time = 00:00:00, elapsed time = 00:00:00, memory = 3031.37 (MB), peak = 3318.78 (MB)
#Start Track Assignment.
#Done with 40 horizontal wires in 1 hboxes and 40 vertical wires in 1 hboxes.
#Done with 6 horizontal wires in 1 hboxes and 10 vertical wires in 1 hboxes.
#Done with 1 horizontal wires in 1 hboxes and 1 vertical wires in 1 hboxes.
#
#Track assignment summary:
# layer   (wire length)   (overlap)     (long ovlp)	(with obs/pg/clk)  
#------------------------------------------------------------------------
# Metal1         4.12 	  0.00%  	  0.00% 	  0.00%
# Metal2       164.87 	  0.10%  	  0.00% 	  0.00%
# Metal3       203.01 	  0.00%  	  0.00% 	  0.00%
# Metal4         0.00 	  0.00%  	  0.00% 	  0.00%
# Metal5         0.00 	  0.00%  	  0.00% 	  0.00%
# Metal6         0.00 	  0.00%  	  0.00% 	  0.00%
# Metal7         0.00 	  0.00%  	  0.00% 	  0.00%
# Metal8         0.00 	  0.00%  	  0.00% 	  0.00%
# Metal9         0.00 	  0.00%  	  0.00% 	  0.00%
# Metal10        0.00 	  0.00%  	  0.00% 	  0.00%
# Metal11        0.00 	  0.00%  	  0.00% 	  0.00%
#------------------------------------------------------------------------
# All         372.00  	  0.04% 	  0.00% 	  0.00%
#Complete Track Assignment.
#Total number of nets with non-default rule or having extra spacing = 2
#
#  Routing Statistics
#
#----------------+-----------+-----+
#  Layer         | Length(um)| Vias|
#----------------+-----------+-----+
#  Poly ( 0H)    |          0|    0|
#  Metal1 ( 1H)  |          4|  111|
#  Metal2 ( 2V)  |        172|   76|
#  Metal3 ( 3H)  |        210|    8|
#  Metal4 ( 4V)  |         14|    0|
#  Metal5 ( 5H)  |          0|    0|
#  Metal6 ( 6V)  |          0|    0|
#  Metal7 ( 7H)  |          0|    0|
#  Metal8 ( 8V)  |          0|    0|
#  Metal9 ( 9H)  |          0|    0|
#  Metal10 (10V) |          0|    0|
#  Metal11 (11H) |          0|    0|
#----------------+-----------+-----+
#  Total         |        400|  195|
#----------------+-----------+-----+
#
# Total half perimeter of net bounding box: 495 um.
#cpu time = 00:00:00, elapsed time = 00:00:00, memory = 3031.56 (MB), peak = 3318.78 (MB)
#
#number of short segments in preferred routing layers
#	
#	
#
#Routing data preparation, pin analysis, global routing and track assignment statistics:
#Cpu time = 00:00:03
#Elapsed time = 00:00:03
#Increased memory = 19.21 (MB)
#Total memory = 3031.56 (MB)
#Peak memory = 3318.78 (MB)
#
#Start Detail Routing..
#start initial detail routing ...
#   number of violations = 0
#cpu time = 00:00:00, elapsed time = 00:00:00, memory = 3034.21 (MB), peak = 3318.78 (MB)
#Complete Detail Routing.
#Total number of nets with non-default rule or having extra spacing = 2
#
#  Routing Statistics
#
#----------------+-----------+-----+
#  Layer         | Length(um)| Vias|
#----------------+-----------+-----+
#  Poly ( 0H)    |          0|    0|
#  Metal1 ( 1H)  |         72|  113|
#  Metal2 ( 2V)  |        192|   57|
#  Metal3 ( 3H)  |        169|    8|
#  Metal4 ( 4V)  |         14|    0|
#  Metal5 ( 5H)  |          0|    0|
#  Metal6 ( 6V)  |          0|    0|
#  Metal7 ( 7H)  |          0|    0|
#  Metal8 ( 8V)  |          0|    0|
#  Metal9 ( 9H)  |          0|    0|
#  Metal10 (10V) |          0|    0|
#  Metal11 (11H) |          0|    0|
#----------------+-----------+-----+
#  Total         |        446|  178|
#----------------+-----------+-----+
#
# Total half perimeter of net bounding box: 495 um.
#Total number of DRC violations = 0
#Cpu time = 00:00:00
#Elapsed time = 00:00:00
#Increased memory = 2.20 (MB)
#Total memory = 3033.76 (MB)
#Peak memory = 3318.78 (MB)
#
#start routing for process antenna violation fix ...
#cpu time = 00:00:00, elapsed time = 00:00:00, memory = 3033.32 (MB), peak = 3318.78 (MB)
#
#Total number of nets with non-default rule or having extra spacing = 2
#
#  Routing Statistics
#
#----------------+-----------+-----+
#  Layer         | Length(um)| Vias|
#----------------+-----------+-----+
#  Poly ( 0H)    |          0|    0|
#  Metal1 ( 1H)  |         72|  113|
#  Metal2 ( 2V)  |        192|   57|
#  Metal3 ( 3H)  |        169|    8|
#  Metal4 ( 4V)  |         14|    0|
#  Metal5 ( 5H)  |          0|    0|
#  Metal6 ( 6V)  |          0|    0|
#  Metal7 ( 7H)  |          0|    0|
#  Metal8 ( 8V)  |          0|    0|
#  Metal9 ( 9H)  |          0|    0|
#  Metal10 (10V) |          0|    0|
#  Metal11 (11H) |          0|    0|
#----------------+-----------+-----+
#  Total         |        446|  178|
#----------------+-----------+-----+
#
# Total half perimeter of net bounding box: 495 um.
#Total number of DRC violations = 0
#Total number of process antenna violations = 0
#Total number of net violated process antenna rule = 0
#
#
#Total number of nets with non-default rule or having extra spacing = 2
#
#  Routing Statistics
#
#----------------+-----------+-----+
#  Layer         | Length(um)| Vias|
#----------------+-----------+-----+
#  Poly ( 0H)    |          0|    0|
#  Metal1 ( 1H)  |         72|  113|
#  Metal2 ( 2V)  |        192|   57|
#  Metal3 ( 3H)  |        169|    8|
#  Metal4 ( 4V)  |         14|    0|
#  Metal5 ( 5H)  |          0|    0|
#  Metal6 ( 6V)  |          0|    0|
#  Metal7 ( 7H)  |          0|    0|
#  Metal8 ( 8V)  |          0|    0|
#  Metal9 ( 9H)  |          0|    0|
#  Metal10 (10V) |          0|    0|
#  Metal11 (11H) |          0|    0|
#----------------+-----------+-----+
#  Total         |        446|  178|
#----------------+-----------+-----+
#
# Total half perimeter of net bounding box: 495 um.
#Total number of DRC violations = 0
#Total number of process antenna violations = 0
#Total number of net violated process antenna rule = 0
#
#
#Start Post Route via swapping...
#98.00% of area are rerouted by ECO routing.
#   number of violations = 0
#cpu time = 00:00:00, elapsed time = 00:00:00, memory = 3035.75 (MB), peak = 3318.78 (MB)
#CELL_VIEW somador,init has no DRC violation.
#Total number of DRC violations = 0
#Total number of process antenna violations = 0
#Total number of net violated process antenna rule = 0
#Post Route via swapping is done.
#Total number of nets with non-default rule or having extra spacing = 2
#
#  Routing Statistics
#
#----------------+-----------+-----+---------------------+---------------------+
#  Layer         | Length(um)| Vias|           Single-cut|            Multi-cut|
#----------------+-----------+-----+---------------------+---------------------+
#  Poly ( 0H)    |          0|    0|          0  (  0.0%)|          0  (  0.0%)|
#  Metal1 ( 1H)  |         72|  113|          9  (  8.0%)|        104  ( 92.0%)|
#  Metal2 ( 2V)  |        192|   57|          0  (  0.0%)|         57  (100.0%)|
#  Metal3 ( 3H)  |        169|    8|          0  (  0.0%)|          8  (100.0%)|
#  Metal4 ( 4V)  |         14|    0|          0  (  0.0%)|          0  (  0.0%)|
#  Metal5 ( 5H)  |          0|    0|          0  (  0.0%)|          0  (  0.0%)|
#  Metal6 ( 6V)  |          0|    0|          0  (  0.0%)|          0  (  0.0%)|
#  Metal7 ( 7H)  |          0|    0|          0  (  0.0%)|          0  (  0.0%)|
#  Metal8 ( 8V)  |          0|    0|          0  (  0.0%)|          0  (  0.0%)|
#  Metal9 ( 9H)  |          0|    0|          0  (  0.0%)|          0  (  0.0%)|
#  Metal10 (10V) |          0|    0|          0  (  0.0%)|          0  (  0.0%)|
#  Metal11 (11H) |          0|    0|          0  (  0.0%)|          0  (  0.0%)|
#----------------+-----------+-----+---------------------+---------------------+
#  Total         |        446|  178|          9  (  5.1%)|        169  ( 94.9%)|
#----------------+-----------+-----+---------------------+---------------------+
#
# Total half perimeter of net bounding box: 495 um.
#
#Start Post Route wire spreading..
#
#Start DRC checking..
#   number of violations = 0
#cpu time = 00:00:00, elapsed time = 00:00:00, memory = 3036.13 (MB), peak = 3318.78 (MB)
#CELL_VIEW somador,init has no DRC violation.
#Total number of DRC violations = 0
#Total number of process antenna violations = 0
#Total number of net violated process antenna rule = 0
#
#Start data preparation for wire spreading...
#
#Data preparation is done on Mon May  4 12:49:17 2026
#
#
#Start Post Route Wire Spread.
#Done with 10 horizontal wires in 1 hboxes and 7 vertical wires in 1 hboxes.
#Complete Post Route Wire Spread.
#
#Total number of nets with non-default rule or having extra spacing = 2
#
#  Routing Statistics
#
#----------------+-----------+-----+---------------------+---------------------+
#  Layer         | Length(um)| Vias|           Single-cut|            Multi-cut|
#----------------+-----------+-----+---------------------+---------------------+
#  Poly ( 0H)    |          0|    0|          0  (  0.0%)|          0  (  0.0%)|
#  Metal1 ( 1H)  |         74|  113|          9  (  8.0%)|        104  ( 92.0%)|
#  Metal2 ( 2V)  |        194|   57|          0  (  0.0%)|         57  (100.0%)|
#  Metal3 ( 3H)  |        171|    8|          0  (  0.0%)|          8  (100.0%)|
#  Metal4 ( 4V)  |         14|    0|          0  (  0.0%)|          0  (  0.0%)|
#  Metal5 ( 5H)  |          0|    0|          0  (  0.0%)|          0  (  0.0%)|
#  Metal6 ( 6V)  |          0|    0|          0  (  0.0%)|          0  (  0.0%)|
#  Metal7 ( 7H)  |          0|    0|          0  (  0.0%)|          0  (  0.0%)|
#  Metal8 ( 8V)  |          0|    0|          0  (  0.0%)|          0  (  0.0%)|
#  Metal9 ( 9H)  |          0|    0|          0  (  0.0%)|          0  (  0.0%)|
#  Metal10 (10V) |          0|    0|          0  (  0.0%)|          0  (  0.0%)|
#  Metal11 (11H) |          0|    0|          0  (  0.0%)|          0  (  0.0%)|
#----------------+-----------+-----+---------------------+---------------------+
#  Total         |        453|  178|          9  (  5.1%)|        169  ( 94.9%)|
#----------------+-----------+-----+---------------------+---------------------+
#
# Total half perimeter of net bounding box: 495 um.
#
#Start DRC checking..
#   number of violations = 0
#cpu time = 00:00:00, elapsed time = 00:00:00, memory = 3036.36 (MB), peak = 3318.78 (MB)
#CELL_VIEW somador,init has no DRC violation.
#Total number of DRC violations = 0
#Total number of process antenna violations = 0
#Total number of net violated process antenna rule = 0
#   number of violations = 0
#cpu time = 00:00:00, elapsed time = 00:00:00, memory = 3035.87 (MB), peak = 3318.78 (MB)
#CELL_VIEW somador,init has no DRC violation.
#Total number of DRC violations = 0
#Total number of process antenna violations = 0
#Total number of net violated process antenna rule = 0
#Post Route wire spread is done.
#Total number of nets with non-default rule or having extra spacing = 2
#
#  Routing Statistics
#
#----------------+-----------+-----+---------------------+---------------------+
#  Layer         | Length(um)| Vias|           Single-cut|            Multi-cut|
#----------------+-----------+-----+---------------------+---------------------+
#  Poly ( 0H)    |          0|    0|          0  (  0.0%)|          0  (  0.0%)|
#  Metal1 ( 1H)  |         74|  113|          9  (  8.0%)|        104  ( 92.0%)|
#  Metal2 ( 2V)  |        194|   57|          0  (  0.0%)|         57  (100.0%)|
#  Metal3 ( 3H)  |        171|    8|          0  (  0.0%)|          8  (100.0%)|
#  Metal4 ( 4V)  |         14|    0|          0  (  0.0%)|          0  (  0.0%)|
#  Metal5 ( 5H)  |          0|    0|          0  (  0.0%)|          0  (  0.0%)|
#  Metal6 ( 6V)  |          0|    0|          0  (  0.0%)|          0  (  0.0%)|
#  Metal7 ( 7H)  |          0|    0|          0  (  0.0%)|          0  (  0.0%)|
#  Metal8 ( 8V)  |          0|    0|          0  (  0.0%)|          0  (  0.0%)|
#  Metal9 ( 9H)  |          0|    0|          0  (  0.0%)|          0  (  0.0%)|
#  Metal10 (10V) |          0|    0|          0  (  0.0%)|          0  (  0.0%)|
#  Metal11 (11H) |          0|    0|          0  (  0.0%)|          0  (  0.0%)|
#----------------+-----------+-----+---------------------+---------------------+
#  Total         |        453|  178|          9  (  5.1%)|        169  ( 94.9%)|
#----------------+-----------+-----+---------------------+---------------------+
#
# Total half perimeter of net bounding box: 495 um.
#route_detail Statistics:
#Cpu time = 00:00:01
#Elapsed time = 00:00:01
#Increased memory = 4.31 (MB)
#Total memory = 3035.87 (MB)
#Peak memory = 3318.78 (MB)
#
#route_global_detail statistics:
#Cpu time = 00:00:04
#Elapsed time = 00:00:04
#Increased memory = 11.66 (MB)
#Total memory = 3020.30 (MB)
#Peak memory = 3318.78 (MB)
#Number of warnings = 1
#Total number of warnings = 4
#Number of fails = 0
#Total number of fails = 0
#Complete route_global_detail on Mon May  4 12:49:18 2026
#
#Default setup view is reset to analysis_normal_slow_max.
#Default setup view is reset to analysis_normal_slow_max.
AAE_INFO: Post Route call back at the end of routeDesign
#route_design: cpu time = 00:00:09, elapsed time = 00:00:09, memory = 3011.93 (MB), peak = 3318.78 (MB)
#
#  Scalability Statistics
#
#----------------------------+---------+-------------+------------+
#  route_design              | cpu time| elapsed time| scalability|
#----------------------------+---------+-------------+------------+
#  Pre Callback              | 00:00:00|     00:00:00|         1.0|
#  Post Callback             | 00:00:00|     00:00:00|         1.0|
#  Timing Data Generation    | 00:00:01|     00:00:01|         1.0|
#  DB Import                 | 00:00:00|     00:00:00|         1.0|
#  DB Export                 | 00:00:00|     00:00:00|         1.0|
#  Cell Pin Access           | 00:00:00|     00:00:00|         1.0|
#  Data Preparation          | 00:00:06|     00:00:06|         1.0|
#  Global Routing            | 00:00:00|     00:00:00|         1.0|
#  Track Assignment          | 00:00:00|     00:00:00|         1.0|
#  Detail Routing            | 00:00:00|     00:00:00|         1.0|
#  Antenna Fixing            | 00:00:00|     00:00:00|         1.0|
#  Post Route Via Swapping   | 00:00:00|     00:00:00|         1.0|
#  Post Route Wire Spreading | 00:00:00|     00:00:00|         1.0|
#  Entire Command            | 00:00:09|     00:00:09|         1.0|
#----------------------------+---------+-------------+------------+
#
#% End route_design (date=05/04 12:49:18, total cpu=0:00:08.9, real=0:00:09.0, peak res=3011.9M, current mem=3011.9M)
@@file 137: set_db timing_analysis_type ocv
@@file 138: time_design -post_route
Switching SI Aware to true by default in postroute mode   
AAE_INFO: switching set_db delaycal_enable_si from false to true ...
AAE_INFO: The setting is changed from false to true in set_db delaycal_enable_si
*** time_design #4 [begin] () : totSession cpu/real = 0:03:19.8/0:09:22.7 (0.4), mem = 3011.9M
 Reset EOS DB
Ignoring AAE DB Resetting ...
**WARN: (IMPEXT-3518):	The lower process node is set (using command 'set_design_mode') but the technology file for TQuantus extraction not specified. Therefore, going for post_route (extract_rc_effort_level low) extraction instead of recommended extractor 'TQuantus' for lower nodes. Use command 'set_analysis_view/update_rc_corner' to specify the technology file for TQuantus extraction to take place.
Extraction called for design 'somador' of instances=18 and nets=47 using extraction engine 'post_route' at effort level 'low' .
post_route (extract_rc_effort_level low) RC Extraction called for design somador.
RC Extraction called in multi-corner(2) mode.
Process corner(s) are loaded.
 Corner: rc_worst
 Corner: rc_best
extractDetailRC Option : -outfile /home/ufsm00291/ufsm00291-lima202020189/projetos/somador/backend/layout/work/innovus_temp_2052849_ffa19e4a-4daf-4323-938f-14f672f30153_ecomp_ufsm00291-lima202020189_C3xo5K/somador_2052849_ffa19e4a-4daf-4323-938f-14f672f30153_6627uV.rcdb.d  -basic
RC Mode: PostRoute extract_rc_effort_level low [Basic CapTable, RC Table Resistances]
      RC Corner Indexes            0       1   
Capacitance Scaling Factor   : 1.00000 1.00000 
Coupling Cap. Scaling Factor : 1.00000 1.00000 
Resistance Scaling Factor    : 1.00000 1.00000 
Clock Cap. Scaling Factor    : 1.00000 1.00000 
Clock Res. Scaling Factor    : 1.00000 1.00000 
Shrink Factor                : 1.00000
Initializing multi-corner resistance tables ...
Checking LVS Completed (CPU Time= 0:00:00.0  MEM= 3012.8M)
Extracted 10.6061% (CPU Time= 0:00:00.0  MEM= 3017.6M)
Extracted 20.4545% (CPU Time= 0:00:00.0  MEM= 3017.6M)
Extracted 30.6818% (CPU Time= 0:00:00.0  MEM= 3017.6M)
Extracted 40.5303% (CPU Time= 0:00:00.0  MEM= 3017.6M)
Extracted 50.7576% (CPU Time= 0:00:00.0  MEM= 3019.5M)
Extracted 60.6061% (CPU Time= 0:00:00.0  MEM= 3019.5M)
Extracted 70.4545% (CPU Time= 0:00:00.0  MEM= 3019.5M)
Extracted 80.6818% (CPU Time= 0:00:00.0  MEM= 3019.5M)
Extracted 90.5303% (CPU Time= 0:00:00.1  MEM= 3019.5M)
Extracted 100% (CPU Time= 0:00:00.1  MEM= 3019.5M)
Number of Extracted Resistors     : 465
Number of Extracted Ground Cap.   : 487
Number of Extracted Coupling Cap. : 528
Filtering XCap in 'relativeAndCoupling' mode using values coupling_c_threshold=0.1fF, relative_c_threshold=1, and total_c_threshold=0fF.
 Corner: rc_worst
 Corner: rc_best
Checking LVS Completed (CPU Time= 0:00:00.0  MEM= 3015.8M)
PostRoute (extract_rc_effort_level low) RC Extraction DONE (CPU Time: 0:00:00.1  Real Time: 0:00:00.0  MEM: 3016.688M)
Starting delay calculation for Setup views
AAE_INFO: opIsDesignInPostRouteState() is 1
AAE_INFO: deleting AAE DB due to opIsDesignInPostRouteState() is changed ...
AAE DB initialization (MEM=3020.261719 CPU=0:00:00.0 REAL=0:00:00.0) 
AAE_INFO: resetNetProps viewIdx 0 
Starting SI iteration 1 using Infinite Timing Windows
#################################################################################
# Design Stage: PostRoute
# Design Name: somador
# Design Mode: 45nm
# Analysis Mode: MMMC OCV 
# Parasitics Mode: SPEF/RCDB 
# Signoff Settings: SI On 
#################################################################################
AAE_INFO: 1 threads acquired from CTE.
Start delay calculation (fullDC) (1 T). (MEM=3053.29)
Initializing multi-corner resistance tables ...
Total number of fetched objects 45
AAE_INFO: Total number of nets for which stage creation was skipped for all views 0
AAE_INFO-618: Total number of nets in the design is 47,  100.0 percent of the nets selected for SI analysis
End delay calculation. (MEM=3068.36 CPU=0:00:00.0 REAL=0:00:00.0)
End delay calculation (fullDC). (MEM=3050.4 CPU=0:00:00.3 REAL=0:00:00.0)
Save waveform /home/ufsm00291/ufsm00291-lima202020189/projetos/somador/backend/layout/work/innovus_temp_2052849_ffa19e4a-4daf-4323-938f-14f672f30153_ecomp_ufsm00291-lima202020189_C3xo5K/.AAE_AKzPzz/.AAE_2052849_ffa19e4a-4daf-4323-938f-14f672f30153/waveform.data...
Loading CTE timing window with TwFlowType 0...(CPU = 0:00:00.0, REAL = 0:00:00.0, MEM = 3059.6M)
Add other clocks and setupCteToAAEClockMapping during iter 1
Loading CTE timing window is completed (CPU = 0:00:00.0, REAL = 0:00:00.0, MEM = 3059.6M)
Starting SI iteration 2
Start delay calculation (fullDC) (1 T). (MEM=3061.13)
Glitch Analysis: View analysis_normal_slow_max -- Total Number of Nets Skipped = 0. 
Glitch Analysis: View analysis_normal_slow_max -- Total Number of Nets Analyzed = 45. 
Total number of fetched objects 45
AAE_INFO: Total number of nets for which stage creation was skipped for all views 0
AAE_INFO-618: Total number of nets in the design is 47,  0.0 percent of the nets selected for SI analysis
End delay calculation. (MEM=3067.83 CPU=0:00:00.0 REAL=0:00:00.0)
End delay calculation (fullDC). (MEM=3067.83 CPU=0:00:00.0 REAL=0:00:00.0)
*** Done Building Timing Graph (cpu=0:00:01.2 real=0:00:02.0 totSessionCpu=0:03:21 mem=3063.1M)
** INFO: Initializing Glitch Interface
** INFO: Initializing Glitch Interface

OptSummary:

------------------------------------------------------------------
         time_design Summary
------------------------------------------------------------------

Setup views included:
 analysis_normal_slow_max 

+--------------------+---------+---------+---------+
|     Setup mode     |   all   | reg2reg | default |
+--------------------+---------+---------+---------+
|           WNS (ns):|  7.756  |   N/A   |  7.756  |
|           TNS (ns):|  0.000  |   N/A   |  0.000  |
|    Violating Paths:|    0    |   N/A   |    0    |
|          All Paths:|   27    |   N/A   |   27    |
+--------------------+---------+---------+---------+

+----------------+-------------------------------+------------------+
|                |              Real             |       Total      |
|    DRVs        +------------------+------------+------------------|
|                |  Nr nets(terms)  | Worst Vio  |  Nr nets(terms)  |
+----------------+------------------+------------+------------------+
|   max_cap      |      0 (0)       |   0.000    |      0 (0)       |
|   max_tran     |      0 (0)       |   0.000    |      0 (0)       |
|   max_fanout   |      0 (0)       |     0      |      0 (0)       |
|   max_length   |      0 (0)       |     0      |      0 (0)       |
+----------------+------------------+------------+------------------+

Density: 70.333%
------------------------------------------------------------------
Reported timing to dir ./timingReports
Total CPU time: 1.58 sec
Total Real time: 3.0 sec
Total Memory Usage: 3065.339844 Mbytes
Reset AAE Options
*** time_design #4 [finish] () : cpu/real = 0:00:01.6/0:00:03.3 (0.5), totSession cpu/real = 0:03:21.4/0:09:26.0 (0.4), mem = 3065.3M
@@file 139: set_interactive_constraint_modes {normal_genus_slow_max}
@@file 140: set_propagated_clock [all_clocks] 
**WARN: (TCLCMD-1126):	Clock object 'clk' converted from ideal to propagated mode
**WARN: (TCLCMD-1126):	Clock object 'clk' converted from ideal to propagated mode
@file 141:
@@file 142: set_db timing_analysis_check_type setup
@@file 143: report_timing > ${OUT_RPT}/${design}_setup_timing.rpt
AAE_INFO: opIsDesignInPostRouteState() is 1
AAE_INFO: resetNetProps viewIdx 0 
Starting SI iteration 1 using Infinite Timing Windows
#################################################################################
# Design Stage: PostRoute
# Design Name: somador
# Design Mode: 45nm
# Analysis Mode: MMMC OCV 
# Parasitics Mode: SPEF/RCDB 
# Signoff Settings: SI On 
#################################################################################
AAE_INFO: 1 threads acquired from CTE.
Start delay calculation (fullDC) (1 T). (MEM=3065.13)
Total number of fetched objects 45
AAE_INFO: Total number of nets for which stage creation was skipped for all views 0
AAE_INFO-618: Total number of nets in the design is 47,  100.0 percent of the nets selected for SI analysis
End delay calculation. (MEM=3067.01 CPU=0:00:00.1 REAL=0:00:00.0)
End delay calculation (fullDC). (MEM=3067.01 CPU=0:00:00.1 REAL=0:00:00.0)
Save waveform /home/ufsm00291/ufsm00291-lima202020189/projetos/somador/backend/layout/work/innovus_temp_2052849_ffa19e4a-4daf-4323-938f-14f672f30153_ecomp_ufsm00291-lima202020189_C3xo5K/.AAE_AKzPzz/.AAE_2052849_ffa19e4a-4daf-4323-938f-14f672f30153/waveform.data...
Loading CTE timing window with TwFlowType 0...(CPU = 0:00:00.0, REAL = 0:00:00.0, MEM = 3066.9M)
Add other clocks and setupCteToAAEClockMapping during iter 1
Loading CTE timing window is completed (CPU = 0:00:00.0, REAL = 0:00:00.0, MEM = 3066.9M)
Starting SI iteration 2
Start delay calculation (fullDC) (1 T). (MEM=3066.35)
Glitch Analysis: View analysis_normal_slow_max -- Total Number of Nets Skipped = 0. 
Glitch Analysis: View analysis_normal_slow_max -- Total Number of Nets Analyzed = 45. 
Total number of fetched objects 45
AAE_INFO: Total number of nets for which stage creation was skipped for all views 0
AAE_INFO-618: Total number of nets in the design is 47,  0.0 percent of the nets selected for SI analysis
End delay calculation. (MEM=3070.28 CPU=0:00:00.0 REAL=0:00:00.0)
End delay calculation (fullDC). (MEM=3070.28 CPU=0:00:00.0 REAL=0:00:00.0)
@@file 144: set_db timing_analysis_check_type hold
@@file 145: report_timing > ${OUT_RPT}/${design}_hold_timing.rpt
AAE_INFO: opIsDesignInPostRouteState() is 1
AAE_INFO: resetNetProps viewIdx 1 
Starting SI iteration 1 using Infinite Timing Windows
#################################################################################
# Design Stage: PostRoute
# Design Name: somador
# Design Mode: 45nm
# Analysis Mode: MMMC OCV 
# Parasitics Mode: SPEF/RCDB 
# Signoff Settings: SI On 
#################################################################################
AAE_INFO: 1 threads acquired from CTE.
Start delay calculation (fullDC) (1 T). (MEM=3062.41)
*** Calculating scaling factor for fast libraries using the default operating condition of each library.
Total number of fetched objects 45
AAE_INFO: Total number of nets for which stage creation was skipped for all views 0
AAE_INFO-618: Total number of nets in the design is 47,  100.0 percent of the nets selected for SI analysis
End delay calculation. (MEM=3066.05 CPU=0:00:00.1 REAL=0:00:00.0)
End delay calculation (fullDC). (MEM=3066.05 CPU=0:00:00.1 REAL=0:00:00.0)
Save waveform /home/ufsm00291/ufsm00291-lima202020189/projetos/somador/backend/layout/work/innovus_temp_2052849_ffa19e4a-4daf-4323-938f-14f672f30153_ecomp_ufsm00291-lima202020189_C3xo5K/.AAE_AKzPzz/.AAE_2052849_ffa19e4a-4daf-4323-938f-14f672f30153/waveform.data...
Loading CTE timing window with TwFlowType 0...(CPU = 0:00:00.0, REAL = 0:00:00.0, MEM = 3064.7M)
Add other clocks and setupCteToAAEClockMapping during iter 1
Loading CTE timing window is completed (CPU = 0:00:00.0, REAL = 0:00:00.0, MEM = 3064.7M)
Starting SI iteration 2
Start delay calculation (fullDC) (1 T). (MEM=3063.12)
Glitch Analysis: View analysis_normal_fast_min -- Total Number of Nets Skipped = 0. 
Glitch Analysis: View analysis_normal_fast_min -- Total Number of Nets Analyzed = 45. 
Total number of fetched objects 45
AAE_INFO: Total number of nets for which stage creation was skipped for all views 0
AAE_INFO-618: Total number of nets in the design is 47,  0.0 percent of the nets selected for SI analysis
End delay calculation. (MEM=3065.07 CPU=0:00:00.0 REAL=0:00:00.0)
End delay calculation (fullDC). (MEM=3065.07 CPU=0:00:00.0 REAL=0:00:00.0)
@file 146:
@file 147: #-----------------------------------------------------------------------------
@file 148: # Fillers & DB Save
@file 149: #-----------------------------------------------------------------------------
@@file 150: add_fillers -base_cells {FILL8 FILL64 FILL4 FILL32 FILL2 FILL16 FILL1}
**Info: (IMPSP-2055): Transparent Filler Flow is OFF !

INFO: No filler could be restored
*INFO: Adding fillers to top-module (SH NORMAL filler) .
*INFO:   Added 5 filler insts (cell FILL16 / prefix FILLER).
*INFO:   Added 3 filler insts (cell FILL8 / prefix FILLER).
*INFO:   Added 8 filler insts (cell FILL4 / prefix FILLER).
*INFO:   Added 17 filler insts (cell FILL2 / prefix FILLER).
*INFO:   Added 8 filler insts (cell FILL1 / prefix FILLER).
*INFO: Total 41 filler insts added - prefix FILLER (CPU: 0:00:00.1).
For 41 new insts, 
*INFO: Total number of gaps found: 0
Finished add_fillers (CPU: 0:00:00.2 REAL: 0:00:00.0 MEM: 3063.9MB)
@file 151: add_metal_fill -layers {Metal1 Metal2 Metal3 Metal4 Metal5 Metal6 Metal7 Metal8 Metal9 Metal10 Metal11}
**WARN: (IMPMF-5045):	addMetalFill command is obsolete and should not be used any more. It still works in this release but will be removed in future release. Recommend to use add_metal_fill_signoff which is the replacement tool for addMetalFill.
**WARN: (IMPMF-5045):	addMetalFill command is obsolete and should not be used any more. It still works in this release but will be removed in future release. Recommend to use add_metal_fill_signoff which is the replacement tool for addMetalFill.
**WARN: (from .metalfill_2052849.conf) Unknown option 'srouteLayerFillMaxUnionDensityToAboveLayer.1'!
**WARN: (from .metalfill_2052849.conf) Unknown option '2'!
**WARN: (from .metalfill_2052849.conf) Unknown option 'srouteLayerFillMinUnionDensityToAboveLayer.1'!
**WARN: (from .metalfill_2052849.conf) Unknown option '0'!
**WARN: (from .metalfill_2052849.conf) Unknown option 'srouteLayerFillMaxUnionDensityToAboveLayer.2'!
**WARN: (from .metalfill_2052849.conf) Unknown option '2'!
**WARN: (from .metalfill_2052849.conf) Unknown option 'srouteLayerFillMinUnionDensityToAboveLayer.2'!
**WARN: (from .metalfill_2052849.conf) Unknown option '0'!
**WARN: (from .metalfill_2052849.conf) Unknown option 'srouteLayerFillMaxUnionDensityToAboveLayer.3'!
**WARN: (from .metalfill_2052849.conf) Unknown option '2'!
**WARN: (from .metalfill_2052849.conf) Unknown option 'srouteLayerFillMinUnionDensityToAboveLayer.3'!
**WARN: (from .metalfill_2052849.conf) Unknown option '0'!
**WARN: (from .metalfill_2052849.conf) Unknown option 'srouteLayerFillMaxUnionDensityToAboveLayer.4'!
**WARN: (from .metalfill_2052849.conf) Unknown option '2'!
**WARN: (from .metalfill_2052849.conf) Unknown option 'srouteLayerFillMinUnionDensityToAboveLayer.4'!
**WARN: (from .metalfill_2052849.conf) Unknown option '0'!
**WARN: (from .metalfill_2052849.conf) Unknown option 'srouteLayerFillMaxUnionDensityToAboveLayer.5'!
**WARN: (from .metalfill_2052849.conf) Unknown option '2'!
**WARN: (from .metalfill_2052849.conf) Unknown option 'srouteLayerFillMinUnionDensityToAboveLayer.5'!
**WARN: (from .metalfill_2052849.conf) Unknown option '0'!
**WARN: (from .metalfill_2052849.conf) Unknown option 'srouteLayerFillMaxUnionDensityToAboveLayer.6'!
**WARN: (from .metalfill_2052849.conf) Unknown option '2'!
**WARN: (from .metalfill_2052849.conf) Unknown option 'srouteLayerFillMinUnionDensityToAboveLayer.6'!
**WARN: (from .metalfill_2052849.conf) Unknown option '0'!
**WARN: (from .metalfill_2052849.conf) Unknown option 'srouteLayerFillMaxUnionDensityToAboveLayer.7'!
**WARN: (from .metalfill_2052849.conf) Unknown option '2'!
**WARN: (from .metalfill_2052849.conf) Unknown option 'srouteLayerFillMinUnionDensityToAboveLayer.7'!
**WARN: (from .metalfill_2052849.conf) Unknown option '0'!
**WARN: (from .metalfill_2052849.conf) Unknown option 'srouteLayerFillMaxUnionDensityToAboveLayer.8'!
**WARN: (from .metalfill_2052849.conf) Unknown option '2'!
**WARN: (from .metalfill_2052849.conf) Unknown option 'srouteLayerFillMinUnionDensityToAboveLayer.8'!
**WARN: (from .metalfill_2052849.conf) Unknown option '0'!
**WARN: (from .metalfill_2052849.conf) Unknown option 'srouteLayerFillMaxUnionDensityToAboveLayer.9'!
**WARN: (from .metalfill_2052849.conf) Unknown option '2'!
**WARN: (from .metalfill_2052849.conf) Unknown option 'srouteLayerFillMinUnionDensityToAboveLayer.9'!
**WARN: (from .metalfill_2052849.conf) Unknown option '0'!
**WARN: (from .metalfill_2052849.conf) Unknown option 'srouteLayerFillMaxUnionDensityToAboveLayer.10'!
**WARN: (from .metalfill_2052849.conf) Unknown option '2'!
**WARN: (from .metalfill_2052849.conf) Unknown option 'srouteLayerFillMinUnionDensityToAboveLayer.10'!
**WARN: (from .metalfill_2052849.conf) Unknown option '0'!
**WARN: (from .metalfill_2052849.conf) Unknown option 'srouteLayerFillMaxUnionDensityToAboveLayer.11'!
**WARN: (from .metalfill_2052849.conf) Unknown option '2'!
**WARN: (from .metalfill_2052849.conf) Unknown option 'srouteLayerFillMinUnionDensityToAboveLayer.11'!
**WARN: (from .metalfill_2052849.conf) Unknown option '0'!
Layer [M0] : Size_X changed to ( 20.200) due to window size.
Layer [M0] : Size_y changed to ( 19.000) due to window size.
Layer [M1] : Size_X changed to ( 20.200) due to window size.
Layer [M1] : Size_y changed to ( 19.000) due to window size.
Layer [M2] : Size_X changed to ( 20.200) due to window size.
Layer [M2] : Size_y changed to ( 19.000) due to window size.
Layer [M3] : Size_X changed to ( 20.200) due to window size.
Layer [M3] : Size_y changed to ( 19.000) due to window size.
Layer [M4] : Size_X changed to ( 20.200) due to window size.
Layer [M4] : Size_y changed to ( 19.000) due to window size.
Layer [M5] : Size_X changed to ( 20.200) due to window size.
Layer [M5] : Size_y changed to ( 19.000) due to window size.
Layer [M6] : Size_X changed to ( 20.200) due to window size.
Layer [M6] : Size_y changed to ( 19.000) due to window size.
Layer [M7] : Size_X changed to ( 20.200) due to window size.
Layer [M7] : Size_y changed to ( 19.000) due to window size.
Layer [M8] : Size_X changed to ( 20.200) due to window size.
Layer [M8] : Size_y changed to ( 19.000) due to window size.
Layer [M9] : Size_X changed to ( 20.200) due to window size.
Layer [M9] : Size_y changed to ( 19.000) due to window size.
Layer [M10] : Size_X changed to ( 20.200) due to window size.
Layer [M10] : Size_y changed to ( 19.000) due to window size.
************************
Timing Aware on 
P/G Nets: 2
Signal Nets: 43
Clock Nets: 2
************************
Density calculation ...... Slot :   1 of   1
End of Density Calculation : cpu time : 0:00:00.0, real time : 0:00:00.0, peak mem : 3083.84 megs
Process data during iteration   1 in region   0 of 1.
End metal filling: cpu:  0:00:00.1,  real:  0:00:00.0,  peak mem:  3084.27  megs.
@@file 152: write_db ${OUT_DELIV}/final.enc
The in-memory database contained RC information but was not saved. To save 
the RC information, use write_db's -rc_extract option. Note: Saving RC information can be quite large, 
so it should only be saved when it is really desired.
#% Begin save design ... (date=05/04 12:49:24, mem=3076.1M)
fast slow
rc_best rc_worst
INFO: Current data have to be saved into a temporary db: 'final.enc.tmp' first. It will be renamed to the correct name 'final.enc' after the old db was deleted.
% Begin Save ccopt configuration ... (date=05/04 12:49:24, mem=3076.1M)
% End Save ccopt configuration ... (date=05/04 12:49:24, total cpu=0:00:00.1, real=0:00:00.0, peak res=3076.1M, current mem=3075.2M)
% Begin Save netlist data ... (date=05/04 12:49:24, mem=3075.3M)
Writing Binary DB to /home/ufsm00291/ufsm00291-lima202020189/projetos/somador/backend/layout/deliverables/somador_worst_100_500/final.enc.tmp/somador.v.bin in single-threaded mode...
% End Save netlist data ... (date=05/04 12:49:24, total cpu=0:00:00.1, real=0:00:00.0, peak res=3075.4M, current mem=3075.4M)
Saving symbol-table file ...
Saving congestion map file /home/ufsm00291/ufsm00291-lima202020189/projetos/somador/backend/layout/deliverables/somador_worst_100_500/final.enc.tmp/somador.route.congmap.gz ...
% Begin Save AAE data ... (date=05/04 12:49:24, mem=3075.6M)
Saving AAE Data ...
% End Save AAE data ... (date=05/04 12:49:24, total cpu=0:00:00.1, real=0:00:00.0, peak res=3075.6M, current mem=3075.6M)
Saving mode setting ...
Saving root attributes to be loaded post write_db ...
Saving global file ...
Saving root attributes to be loaded previous write_db ...
% Begin Save floorplan data ... (date=05/04 12:49:28, mem=3086.0M)
Saving floorplan file ...
% End Save floorplan data ... (date=05/04 12:49:28, total cpu=0:00:00.1, real=0:00:00.0, peak res=3086.1M, current mem=3086.1M)
Saving PG file /home/ufsm00291/ufsm00291-lima202020189/projetos/somador/backend/layout/deliverables/somador_worst_100_500/final.enc.tmp/somador.pg.gz, version#2, (Created by Innovus v25.13-s088_1 on Mon May  4 12:49:28 2026)
*** Completed savePGFile (cpu=0:00:00.0 real=0:00:00.0 mem=3086.1M) ***
*info - save blackBox cells to lef file /home/ufsm00291/ufsm00291-lima202020189/projetos/somador/backend/layout/deliverables/somador_worst_100_500/final.enc.tmp/somador.bbox.lef
Saving Drc markers ...
... No Drc file written since there is no markers found.
% Begin Save placement data ... (date=05/04 12:49:28, mem=3086.1M)
** Saving stdCellPlacement_binary (version# 2) ...
Save Adaptive View Pruning View Names to Binary file
% End Save placement data ... (date=05/04 12:49:28, total cpu=0:00:00.1, real=0:00:00.0, peak res=3086.4M, current mem=3086.4M)
% Begin Save routing data ... (date=05/04 12:49:28, mem=3086.4M)
Saving route file ...
*** Completed saveRoute (cpu=0:00:00.0 real=0:00:00.0 mem=3087.6M) ***
% End Save routing data ... (date=05/04 12:49:28, total cpu=0:00:00.1, real=0:00:01.0, peak res=3086.7M, current mem=3086.7M)
Saving property file /home/ufsm00291/ufsm00291-lima202020189/projetos/somador/backend/layout/deliverables/somador_worst_100_500/final.enc.tmp/somador.prop
*** Completed saveProperty (cpu=0:00:00.1 real=0:00:00.0 mem=3090.0M) ***
#Saving pin access data to file /home/ufsm00291/ufsm00291-lima202020189/projetos/somador/backend/layout/deliverables/somador_worst_100_500/final.enc.tmp/somador.apa ...
#
% Begin Save power constraints data ... (date=05/04 12:49:29, mem=3088.1M)
% End Save power constraints data ... (date=05/04 12:49:29, total cpu=0:00:00.1, real=0:00:00.0, peak res=3088.1M, current mem=3088.1M)
rc_best rc_worst
Generated self-contained design final.enc.tmp
#% End save design ... (date=05/04 12:49:30, total cpu=0:00:05.1, real=0:00:06.0, peak res=3120.7M, current mem=3092.9M)
*** Message Summary: 0 warning(s), 0 error(s)

@file 153:
@file 154: #-----------------------------------------------------------------------------
@file 155: # Write Verilog & SDF
@file 156: #-----------------------------------------------------------------------------
@@file 157: write_netlist ${OUT_DELIV}/${design}_layout.v
Writing Netlist "/home/ufsm00291/ufsm00291-lima202020189/projetos/somador/backend/layout/deliverables/somador_worst_100_500/somador_layout.v" ...
@@file 158: write_sdf -edge check_edge -map_setuphold merge_always -map_recrem split -map_removal -version 3.0 ${OUT_DELIV}/${design}_layout.sdf
**WARN: (SDF-808):	The software is currently operating in a high performance mode which optimizes the handling of multiple timing arcs between input and output pin pairs. With the current settings, the SDF file generated will contain the same delay information for all of these arcs. To have the SDF recalculated with explicit pin pair data, you should use the option '-recompute_delay_calc'. This setting is recommended for generating SDF for functional  simulation applications.
AAE_INFO: opIsDesignInPostRouteState() is 1
AAE_INFO: resetNetProps viewIdx 0 
AAE_INFO: resetNetProps viewIdx 1 
Starting SI iteration 1 using Infinite Timing Windows
#################################################################################
# Design Stage: PostRoute
# Design Name: somador
# Design Mode: 45nm
# Analysis Mode: MMMC OCV 
# Parasitics Mode: SPEF/RCDB 
# Signoff Settings: SI On 
#################################################################################
AAE_INFO: 1 threads acquired from CTE.
Start delay calculation (fullDC) (1 T). (MEM=3098.29)
Total number of fetched objects 45
AAE_INFO: Total number of nets for which stage creation was skipped for all views 0
AAE_INFO-618: Total number of nets in the design is 48,  100.0 percent of the nets selected for SI analysis
Total number of fetched objects 45
AAE_INFO: Total number of nets for which stage creation was skipped for all views 0
AAE_INFO-618: Total number of nets in the design is 48,  100.0 percent of the nets selected for SI analysis
End delay calculation. (MEM=3103.52 CPU=0:00:00.1 REAL=0:00:00.0)
End delay calculation (fullDC). (MEM=3103.52 CPU=0:00:00.1 REAL=0:00:00.0)
Save waveform /home/ufsm00291/ufsm00291-lima202020189/projetos/somador/backend/layout/work/innovus_temp_2052849_ffa19e4a-4daf-4323-938f-14f672f30153_ecomp_ufsm00291-lima202020189_C3xo5K/.AAE_AKzPzz/.AAE_2052849_ffa19e4a-4daf-4323-938f-14f672f30153/waveform.data...
Loading CTE timing window with TwFlowType 0...(CPU = 0:00:00.0, REAL = 0:00:00.0, MEM = 3102.2M)
Add other clocks and setupCteToAAEClockMapping during iter 1
Loading CTE timing window is completed (CPU = 0:00:00.0, REAL = 0:00:00.0, MEM = 3102.2M)
Starting SI iteration 2
Start delay calculation (fullDC) (1 T). (MEM=3105)
Glitch Analysis: View analysis_normal_slow_max -- Total Number of Nets Skipped = 0. 
Glitch Analysis: View analysis_normal_slow_max -- Total Number of Nets Analyzed = 0. 
Total number of fetched objects 45
AAE_INFO: Total number of nets for which stage creation was skipped for all views 0
AAE_INFO-618: Total number of nets in the design is 48,  0.0 percent of the nets selected for SI analysis
Glitch Analysis: View analysis_normal_fast_min -- Total Number of Nets Skipped = 0. 
Glitch Analysis: View analysis_normal_fast_min -- Total Number of Nets Analyzed = 45. 
Total number of fetched objects 45
AAE_INFO: Total number of nets for which stage creation was skipped for all views 0
AAE_INFO-618: Total number of nets in the design is 48,  0.0 percent of the nets selected for SI analysis
End delay calculation. (MEM=3107.2 CPU=0:00:00.0 REAL=0:00:00.0)
End delay calculation (fullDC). (MEM=3107.2 CPU=0:00:00.0 REAL=0:00:00.0)
@@file 159: report_gates -out_file ${OUT_RPT}/${design}_gates_layout.rpt
AAE_INFO: opIsDesignInPostRouteState() is 1
AAE_INFO: resetNetProps viewIdx 1 
Starting SI iteration 1 using Infinite Timing Windows
#################################################################################
# Design Stage: PostRoute
# Design Name: somador
# Design Mode: 45nm
# Analysis Mode: MMMC OCV 
# Parasitics Mode: SPEF/RCDB 
# Signoff Settings: SI On 
#################################################################################
AAE_INFO: 1 threads acquired from CTE.
Start delay calculation (fullDC) (1 T). (MEM=3102.98)
Total number of fetched objects 45
AAE_INFO: Total number of nets for which stage creation was skipped for all views 0
AAE_INFO-618: Total number of nets in the design is 48,  100.0 percent of the nets selected for SI analysis
End delay calculation. (MEM=3105.14 CPU=0:00:00.1 REAL=0:00:00.0)
End delay calculation (fullDC). (MEM=3105.14 CPU=0:00:00.1 REAL=0:00:00.0)
Save waveform /home/ufsm00291/ufsm00291-lima202020189/projetos/somador/backend/layout/work/innovus_temp_2052849_ffa19e4a-4daf-4323-938f-14f672f30153_ecomp_ufsm00291-lima202020189_C3xo5K/.AAE_AKzPzz/.AAE_2052849_ffa19e4a-4daf-4323-938f-14f672f30153/waveform.data...
Loading CTE timing window with TwFlowType 0...(CPU = 0:00:00.0, REAL = 0:00:00.0, MEM = 3103.8M)
Add other clocks and setupCteToAAEClockMapping during iter 1
Loading CTE timing window is completed (CPU = 0:00:00.0, REAL = 0:00:00.0, MEM = 3103.8M)
Starting SI iteration 2
Start delay calculation (fullDC) (1 T). (MEM=3094.87)
Glitch Analysis: View analysis_normal_fast_min -- Total Number of Nets Skipped = 0. 
Glitch Analysis: View analysis_normal_fast_min -- Total Number of Nets Analyzed = 45. 
Total number of fetched objects 45
AAE_INFO: Total number of nets for which stage creation was skipped for all views 0
AAE_INFO-618: Total number of nets in the design is 48,  0.0 percent of the nets selected for SI analysis
End delay calculation. (MEM=3096.8 CPU=0:00:00.0 REAL=0:00:00.0)
End delay calculation (fullDC). (MEM=3096.8 CPU=0:00:00.0 REAL=0:00:00.0)
Set Default Frequency 100MHz.

Begin Power Analysis


Power Net Detected:
        Voltage	    Name
             0V	    VSS
           0.9V	    VDD

Begin Processing Timing Library for Power Calculation

Ended Processing Timing Library for Power Calculation: (cpu=0:00:00, real=0:00:00, mem(process/total/peak)=3093.60MB/5665.87MB/3104.18MB)



Begin Processing Power Net/Grid for Power Calculation

Ended Processing Power Net/Grid for Power Calculation: (cpu=0:00:00, real=0:00:00, mem(process/total/peak)=3093.60MB/5665.87MB/3104.18MB)

Begin Processing Timing Window Data for Power Calculation

clk(100MHz) CK: assigning clock clk to net clk
Ended Processing Timing Window Data for Power Calculation: (cpu=0:00:00, real=0:00:00, mem(process/total/peak)=3093.60MB/5665.87MB/3104.18MB)

Begin Processing User Attributes

Ended Processing User Attributes: (cpu=0:00:00, real=0:00:00, mem(process/total/peak)=3093.60MB/5665.87MB/3104.18MB)

Begin Processing Signal Activity


Starting Levelizing
2026-May-04 12:49:32 (2026-May-04 15:49:32 GMT)
2026-May-04 12:49:32 (2026-May-04 15:49:32 GMT): 10%
2026-May-04 12:49:32 (2026-May-04 15:49:32 GMT): 20%
2026-May-04 12:49:32 (2026-May-04 15:49:32 GMT): 30%
2026-May-04 12:49:32 (2026-May-04 15:49:32 GMT): 40%
2026-May-04 12:49:32 (2026-May-04 15:49:32 GMT): 50%
2026-May-04 12:49:32 (2026-May-04 15:49:32 GMT): 60%
2026-May-04 12:49:32 (2026-May-04 15:49:32 GMT): 70%
2026-May-04 12:49:32 (2026-May-04 15:49:32 GMT): 80%
2026-May-04 12:49:32 (2026-May-04 15:49:32 GMT): 90%

Finished Levelizing
2026-May-04 12:49:32 (2026-May-04 15:49:32 GMT)

Starting Activity Propagation
2026-May-04 12:49:32 (2026-May-04 15:49:32 GMT)
** INFO:  (VOLTUS_POWR-1356): No default input activity has been set. Defaulting to 0.2.
Use 'set_default_switching_activity -input_activity' command to change the default activity value.

2026-May-04 12:49:32 (2026-May-04 15:49:32 GMT): 10%
2026-May-04 12:49:32 (2026-May-04 15:49:32 GMT): 20%
2026-May-04 12:49:32 (2026-May-04 15:49:32 GMT): 30%

Finished Activity Propagation
2026-May-04 12:49:32 (2026-May-04 15:49:32 GMT)
Ended Processing Signal Activity: (cpu=0:00:00, real=0:00:00, mem(process/total/peak)=3094.09MB/5665.87MB/3104.18MB)

Begin Power Computation

      ----------------------------------------------------------
      # of cell(s) missing both power/leakage table: 0
      # of cell(s) missing power table: 0
      # of cell(s) missing leakage table: 0
      ----------------------------------------------------------



Starting Calculating power
2026-May-04 12:49:32 (2026-May-04 15:49:32 GMT)
 ... Calculating switching power
2026-May-04 12:49:32 (2026-May-04 15:49:32 GMT): 10%
2026-May-04 12:49:32 (2026-May-04 15:49:32 GMT): 20%
2026-May-04 12:49:32 (2026-May-04 15:49:32 GMT): 30%
2026-May-04 12:49:32 (2026-May-04 15:49:32 GMT): 40%
2026-May-04 12:49:32 (2026-May-04 15:49:32 GMT): 50%
2026-May-04 12:49:32 (2026-May-04 15:49:32 GMT): 60%
2026-May-04 12:49:32 (2026-May-04 15:49:32 GMT): 70%
 ... Calculating internal and leakage power
2026-May-04 12:49:32 (2026-May-04 15:49:32 GMT): 80%
2026-May-04 12:49:32 (2026-May-04 15:49:32 GMT): 90%

Finished Calculating power
2026-May-04 12:49:32 (2026-May-04 15:49:32 GMT)
      # of MSMV cell(s) missing power_level: 0
Ended Power Computation: (cpu=0:00:00, real=0:00:00, mem(process/total/peak)=3094.09MB/5665.87MB/3104.18MB)

Begin Processing User Attributes

Begin Processing set_power
Ended Processing set_power: (cpu=0:00:00, real=0:00:00,
mem(process/total/peak)=3094.09MB/5665.87MB/3104.18MB)
Ended Processing User Attributes: (cpu=0:00:00, real=0:00:00, mem(process/total/peak)=3094.09MB/5665.87MB/3104.18MB)

Ended Power Analysis: (cpu=0:00:00, real=0:00:00, mem(process/total/peak)=3094.09MB/5665.87MB/3104.18MB)

@file 160:
@file 161: #-----------------------------------------------------------------------------
@file 162: # Power Analysis (Using the dynamic VCD file)
@file 163: #-----------------------------------------------------------------------------
@file 164: set vcd_path "${PROJECT_DIR}/frontend/VCDs/${design}_lab8_${lib}_${freq}_${runtime}.vcd"
@file 165:
@file 166: if { [file exists $vcd_path] } {...
@file 170: } else {
@file 171: puts "WARNING: VCD not found at $vcd_path. Skipping layout power analysis."
WARNING: VCD not found at /home/ufsm00291/ufsm00291-lima202020189/projetos/somador/frontend/VCDs/somador_lab8_worst_100_500.vcd. Skipping layout power analysis.
@file 172: }
@file 173:
@file 174: exit
*** Message Summary: 15 warning(s), 0 error(s)


*** Memory Usage v#1 (Current mem = 3094.520M, initial mem = 938.258M) ***
--- Ending "Innovus" (totcpu=0:03:31, real=0:09:38, mem=3094.5M) ---
                                                                                                                                                                                                                                                                                                                                                                                                                                                                                                                                                                                                                                                                                       Crashing Thread ID: 1
------------------------------------------------------------
*** Stack trace:
/home/tools/cadence/installs/DDI251/INNOVUS251/tools/innovus/bin/64bit/innovus[0x26741f1e]
/home/tools/cadence/installs/DDI251/INNOVUS251/tools/innovus/bin/64bit/innovus(syStackTrace+0xae)[0x26742480]
/home/tools/cadence/installs/DDI251/INNOVUS251/tools/innovus/bin/64bit/innovus[0xeb5b3d5]
/lib64/libpthread.so.0(+0x1298f)[0x7f1356a7398f]
/lib64/libc.so.6(+0x50d17)[0x7f1355c09d17]
/lib64/libc.so.6(exit+0x1f)[0x7f1355c09e7f]
/home/tools/cadence/installs/DDI251/INNOVUS251/tools/innovus/bin/64bit/innovus[0xeb5ccb0]
/lib64/libpthread.so.0(+0x1298f)[0x7f1356a7398f]
/lib64/libpthread.so.0(pthread_cond_wait+0x161)[0x7f1356a6f371]
/home/tools/cadence/installs/DDI251/INNOVUS251/tools/innovus/bin/64bit/innovus(_ZN14syThreadPoolNS12syThreadPoolIvE14threadLoopFuncEPv+0xf2)[0x112c56d2]
/home/tools/cadence/installs/DDI251/INNOVUS251/tools/innovus/bin/64bit/innovus[0x267a9353]
/lib64/libpthread.so.0(+0x81c9)[0x7f1356a691c9]
/lib64/libc.so.6(clone+0x42)[0x7f1355bf2952]
========================================
               pstack
========================================
========================================
                gdb
========================================
Using: gdb
/home/sh.jwpFWC: Permission denied.
